/*******************************************************************************
 * Size: 44 px
 * Bpp: 4
 * Opts: --font /fonts/Montserrat-Bold.ttf -o /fonts/title_large_data.c --size 44 --bpp 4 --format lvgl --no-compress --symbols ° --range 0x20-0x7F
 ******************************************************************************/

#ifdef __has_include
    #if __has_include("lvgl.h")
        #ifndef LV_LVGL_H_INCLUDE_SIMPLE
            #define LV_LVGL_H_INCLUDE_SIMPLE
        #endif
    #endif
#endif

#ifdef LV_LVGL_H_INCLUDE_SIMPLE
    #include "lvgl.h"
#else
    #include "lvgl/lvgl.h"
#endif



#ifndef TITLE_LARGE_DATA
#define TITLE_LARGE_DATA 1
#endif

#if TITLE_LARGE_DATA

/*-----------------
 *    BITMAPS
 *----------------*/

/*Store the image of the glyphs*/
static LV_ATTRIBUTE_LARGE_CONST const uint8_t glyph_bitmap[] = {
    /* U+0020 " " */

    /* U+0021 "!" */
    0xbf, 0xff, 0xff, 0xff, 0x69, 0xff, 0xff, 0xff,
    0xf5, 0x8f, 0xff, 0xff, 0xff, 0x47, 0xff, 0xff,
    0xff, 0xf3, 0x6f, 0xff, 0xff, 0xff, 0x25, 0xff,
    0xff, 0xff, 0xf1, 0x4f, 0xff, 0xff, 0xff, 0x03,
    0xff, 0xff, 0xff, 0xf0, 0x2f, 0xff, 0xff, 0xfe,
    0x01, 0xff, 0xff, 0xff, 0xd0, 0x0f, 0xff, 0xff,
    0xfc, 0x00, 0xef, 0xff, 0xff, 0xb0, 0x0d, 0xff,
    0xff, 0xf9, 0x00, 0xcf, 0xff, 0xff, 0x80, 0x0b,
    0xff, 0xff, 0xf7, 0x00, 0xaf, 0xff, 0xff, 0x60,
    0x09, 0xff, 0xff, 0xf5, 0x00, 0x8f, 0xff, 0xff,
    0x40, 0x07, 0xff, 0xff, 0xf3, 0x00, 0x6f, 0xff,
    0xff, 0x20, 0x00, 0x11, 0x11, 0x10, 0x00, 0x00,
    0x00, 0x00, 0x00, 0x00, 0x00, 0x00, 0x00, 0x00,
    0x08, 0xde, 0xc6, 0x00, 0x0d, 0xff, 0xff, 0xfa,
    0x08, 0xff, 0xff, 0xff, 0xf4, 0xcf, 0xff, 0xff,
    0xff, 0x8c, 0xff, 0xff, 0xff, 0xf8, 0x8f, 0xff,
    0xff, 0xff, 0x41, 0xdf, 0xff, 0xff, 0xa0, 0x01,
    0x9e, 0xfd, 0x70, 0x00,

    /* U+0022 "\"" */
    0xdf, 0xff, 0xff, 0x00, 0x0c, 0xff, 0xff, 0xf0,
    0xcf, 0xff, 0xff, 0x00, 0x0b, 0xff, 0xff, 0xf0,
    0xcf, 0xff, 0xfe, 0x00, 0x0b, 0xff, 0xff, 0xf0,
    0xbf, 0xff, 0xfe, 0x00, 0x0a, 0xff, 0xff, 0xf0,
    0xbf, 0xff, 0xfd, 0x00, 0x0a, 0xff, 0xff, 0xe0,
    0xaf, 0xff, 0xfc, 0x00, 0x09, 0xff, 0xff, 0xd0,
    0x9f, 0xff, 0xfc, 0x00, 0x08, 0xff, 0xff, 0xd0,
    0x9f, 0xff, 0xfb, 0x00, 0x08, 0xff, 0xff, 0xc0,
    0x8f, 0xff, 0xfa, 0x00, 0x07, 0xff, 0xff, 0xb0,
    0x8f, 0xff, 0xfa, 0x00, 0x07, 0xff, 0xff, 0xb0,
    0x7f, 0xff, 0xf9, 0x00, 0x06, 0xff, 0xff, 0xa0,
    0x7f, 0xff, 0xf9, 0x00, 0x06, 0xff, 0xff, 0xa0,
    0x37, 0x77, 0x74, 0x00, 0x02, 0x77, 0x77, 0x40,

    /* U+0023 "#" */
    0x00, 0x00, 0x00, 0x00, 0x07, 0xff, 0xff, 0x70,
    0x00, 0x00, 0x1f, 0xff, 0xfd, 0x00, 0x00, 0x00,
    0x00, 0x00, 0x00, 0x00, 0x9f, 0xff, 0xf5, 0x00,
    0x00, 0x03, 0xff, 0xff, 0xb0, 0x00, 0x00, 0x00,
    0x00, 0x00, 0x00, 0x0b, 0xff, 0xff, 0x30, 0x00,
    0x00, 0x5f, 0xff, 0xf9, 0x00, 0x00, 0x00, 0x00,
    0x00, 0x00, 0x00, 0xdf, 0xff, 0xf1, 0x00, 0x00,
    0x07, 0xff, 0xff, 0x70, 0x00, 0x00, 0x00, 0x00,
    0x00, 0x00, 0x0f, 0xff, 0xff, 0x00, 0x00, 0x00,
    0x9f, 0xff, 0xf5, 0x00, 0x00, 0x00, 0x00, 0x00,
    0x00, 0x01, 0xff, 0xff, 0xd0, 0x00, 0x00, 0x0b,
    0xff, 0xff, 0x30, 0x00, 0x00, 0x00, 0x00, 0x00,
    0x00, 0x3f, 0xff, 0xfb, 0x00, 0x00, 0x00, 0xdf,
    0xff, 0xf1, 0x00, 0x00, 0x00, 0x0a, 0xff, 0xff,
    0xff, 0xff, 0xff, 0xff, 0xff, 0xff, 0xff, 0xff,
    0xff, 0xff, 0xff, 0xfc, 0x00, 0xaf, 0xff, 0xff,
    0xff, 0xff, 0xff, 0xff, 0xff, 0xff, 0xff, 0xff,
    0xff, 0xff, 0xff, 0xc0, 0x0a, 0xff, 0xff, 0xff,
    0xff, 0xff, 0xff, 0xff, 0xff, 0xff, 0xff, 0xff,
    0xff, 0xff, 0xfc, 0x00, 0xaf, 0xff, 0xff, 0xff,
    0xff, 0xff, 0xff, 0xff, 0xff, 0xff, 0xff, 0xff,
    0xff, 0xff, 0xc0, 0x07, 0xcc, 0xcc, 0xcf, 0xff,
    0xff, 0xcc, 0xcc, 0xcc, 0xef, 0xff, 0xfe, 0xcc,
    0xcc, 0xca, 0x00, 0x00, 0x00, 0x00, 0xff, 0xff,
    0xf0, 0x00, 0x00, 0x08, 0xff, 0xff, 0x60, 0x00,
    0x00, 0x00, 0x00, 0x00, 0x00, 0x1f, 0xff, 0xfd,
    0x00, 0x00, 0x00, 0xaf, 0xff, 0xf4, 0x00, 0x00,
    0x00, 0x00, 0x00, 0x00, 0x03, 0xff, 0xff, 0xb0,
    0x00, 0x00, 0x0c, 0xff, 0xff, 0x20, 0x00, 0x00,
    0x00, 0x00, 0x00, 0x00, 0x5f, 0xff, 0xf9, 0x00,
    0x00, 0x00, 0xef, 0xff, 0xf0, 0x00, 0x00, 0x00,
    0x00, 0x00, 0x00, 0x07, 0xff, 0xff, 0x80, 0x00,
    0x00, 0x0f, 0xff, 0xfe, 0x00, 0x00, 0x00, 0x00,
    0x00, 0x00, 0x00, 0x9f, 0xff, 0xf6, 0x00, 0x00,
    0x02, 0xff, 0xff, 0xc0, 0x00, 0x00, 0x00, 0x00,
    0x00, 0x00, 0x0b, 0xff, 0xff, 0x40, 0x00, 0x00,
    0x4f, 0xff, 0xfa, 0x00, 0x00, 0x00, 0x01, 0xcc,
    0xcc, 0xcc, 0xff, 0xff, 0xfd, 0xcc, 0xcc, 0xcd,
    0xff, 0xff, 0xec, 0xcc, 0xcc, 0x30, 0x2f, 0xff,
    0xff, 0xff, 0xff, 0xff, 0xff, 0xff, 0xff, 0xff,
    0xff, 0xff, 0xff, 0xff, 0xf4, 0x02, 0xff, 0xff,
    0xff, 0xff, 0xff, 0xff, 0xff, 0xff, 0xff, 0xff,
    0xff, 0xff, 0xff, 0xff, 0x40, 0x2f, 0xff, 0xff,
    0xff, 0xff, 0xff, 0xff, 0xff, 0xff, 0xff, 0xff,
    0xff, 0xff, 0xff, 0xf4, 0x02, 0xff, 0xff, 0xff,
    0xff, 0xff, 0xff, 0xff, 0xff, 0xff, 0xff, 0xff,
    0xff, 0xff, 0xff, 0x40, 0x00, 0x00, 0x00, 0x6f,
    0xff, 0xf8, 0x00, 0x00, 0x00, 0xff, 0xff, 0xf0,
    0x00, 0x00, 0x00, 0x00, 0x00, 0x00, 0x08, 0xff,
    0xff, 0x60, 0x00, 0x00, 0x2f, 0xff, 0xfd, 0x00,
    0x00, 0x00, 0x00, 0x00, 0x00, 0x00, 0xaf, 0xff,
    0xf4, 0x00, 0x00, 0x04, 0xff, 0xff, 0xb0, 0x00,
    0x00, 0x00, 0x00, 0x00, 0x00, 0x0c, 0xff, 0xff,
    0x20, 0x00, 0x00, 0x6f, 0xff, 0xf9, 0x00, 0x00,
    0x00, 0x00, 0x00, 0x00, 0x00, 0xef, 0xff, 0xf0,
    0x00, 0x00, 0x08, 0xff, 0xff, 0x70, 0x00, 0x00,
    0x00, 0x00, 0x00, 0x00, 0x0f, 0xff, 0xfe, 0x00,
    0x00, 0x00, 0xaf, 0xff, 0xf5, 0x00, 0x00, 0x00,
    0x00, 0x00, 0x00, 0x02, 0xff, 0xff, 0xc0, 0x00,
    0x00, 0x0c, 0xff, 0xff, 0x30, 0x00, 0x00, 0x00,
    0x00,

    /* U+0024 "$" */
    0x00, 0x00, 0x00, 0x00, 0x00, 0x04, 0x44, 0x42,
    0x00, 0x00, 0x00, 0x00, 0x00, 0x00, 0x00, 0x00,
    0x00, 0x00, 0x0e, 0xff, 0xf8, 0x00, 0x00, 0x00,
    0x00, 0x00, 0x00, 0x00, 0x00, 0x00, 0x00, 0x0e,
    0xff, 0xf8, 0x00, 0x00, 0x00, 0x00, 0x00, 0x00,
    0x00, 0x00, 0x00, 0x00, 0x0e, 0xff, 0xf8, 0x00,
    0x00, 0x00, 0x00, 0x00, 0x00, 0x00, 0x00, 0x00,
    0x00, 0x0e, 0xff, 0xf8, 0x00, 0x00, 0x00, 0x00,
    0x00, 0x00, 0x00, 0x00, 0x00, 0x03, 0x6f, 0xff,
    0xfb, 0x65, 0x30, 0x00, 0x00, 0x00, 0x00, 0x00,
    0x00, 0x5b, 0xff, 0xff, 0xff, 0xff, 0xff, 0xff,
    0xb5, 0x00, 0x00, 0x00, 0x00, 0x3d, 0xff, 0xff,
    0xff, 0xff, 0xff, 0xff, 0xff, 0xff, 0xf7, 0x00,
    0x00, 0x05, 0xff, 0xff, 0xff, 0xff, 0xff, 0xff,
    0xff, 0xff, 0xff, 0xff, 0x50, 0x00, 0x4f, 0xff,
    0xff, 0xff, 0xff, 0xff, 0xff, 0xff, 0xff, 0xff,
    0xfe, 0x00, 0x00, 0xef, 0xff, 0xff, 0xff, 0xff,
    0xff, 0xff, 0xff, 0xff, 0xff, 0xf8, 0x00, 0x07,
    0xff, 0xff, 0xff, 0xfe, 0x8e, 0xff, 0xf9, 0x48,
    0xcf, 0xff, 0xf1, 0x00, 0x0d, 0xff, 0xff, 0xff,
    0xc1, 0x0e, 0xff, 0xf8, 0x00, 0x02, 0x8f, 0xb0,
    0x00, 0x0f, 0xff, 0xff, 0xff, 0x20, 0x0e, 0xff,
    0xf8, 0x00, 0x00, 0x01, 0x20, 0x00, 0x2f, 0xff,
    0xff, 0xff, 0x00, 0x0e, 0xff, 0xf8, 0x00, 0x00,
    0x00, 0x00, 0x00, 0x1f, 0xff, 0xff, 0xff, 0x30,
    0x0e, 0xff, 0xf8, 0x00, 0x00, 0x00, 0x00, 0x00,
    0x0f, 0xff, 0xff, 0xff, 0xd3, 0x0e, 0xff, 0xf8,
    0x00, 0x00, 0x00, 0x00, 0x00, 0x0c, 0xff, 0xff,
    0xff, 0xff, 0xbf, 0xff, 0xf8, 0x00, 0x00, 0x00,
    0x00, 0x00, 0x05, 0xff, 0xff, 0xff, 0xff, 0xff,
    0xff, 0xfa, 0x10, 0x00, 0x00, 0x00, 0x00, 0x00,
    0xbf, 0xff, 0xff, 0xff, 0xff, 0xff, 0xff, 0xfd,
    0x83, 0x00, 0x00, 0x00, 0x00, 0x1c, 0xff, 0xff,
    0xff, 0xff, 0xff, 0xff, 0xff, 0xff, 0xd5, 0x00,
    0x00, 0x00, 0x00, 0x8f, 0xff, 0xff, 0xff, 0xff,
    0xff, 0xff, 0xff, 0xff, 0xc1, 0x00, 0x00, 0x00,
    0x02, 0x8e, 0xff, 0xff, 0xff, 0xff, 0xff, 0xff,
    0xff, 0xfe, 0x10, 0x00, 0x00, 0x00, 0x00, 0x38,
    0xcf, 0xff, 0xff, 0xff, 0xff, 0xff, 0xff, 0xb0,
    0x00, 0x00, 0x00, 0x00, 0x00, 0x0e, 0xff, 0xff,
    0xff, 0xff, 0xff, 0xff, 0xf3, 0x00, 0x00, 0x00,
    0x00, 0x00, 0x0e, 0xff, 0xf9, 0x7e, 0xff, 0xff,
    0xff, 0xf9, 0x00, 0x00, 0x00, 0x00, 0x00, 0x0e,
    0xff, 0xf8, 0x01, 0xdf, 0xff, 0xff, 0xfb, 0x00,
    0x00, 0x00, 0x00, 0x00, 0x0e, 0xff, 0xf8, 0x00,
    0x6f, 0xff, 0xff, 0xfd, 0x00, 0x54, 0x00, 0x00,
    0x00, 0x0e, 0xff, 0xf8, 0x00, 0x5f, 0xff, 0xff,
    0xfc, 0x00, 0xef, 0xa3, 0x00, 0x00, 0x0e, 0xff,
    0xf8, 0x00, 0xaf, 0xff, 0xff, 0xf9, 0x06, 0xff,
    0xff, 0xc7, 0x20, 0x0e, 0xff, 0xf8, 0x2a, 0xff,
    0xff, 0xff, 0xf5, 0x0d, 0xff, 0xff, 0xff, 0xff,
    0xcf, 0xff, 0xff, 0xff, 0xff, 0xff, 0xff, 0xd0,
    0x4f, 0xff, 0xff, 0xff, 0xff, 0xff, 0xff, 0xff,
    0xff, 0xff, 0xff, 0xff, 0x40, 0x9f, 0xff, 0xff,
    0xff, 0xff, 0xff, 0xff, 0xff, 0xff, 0xff, 0xff,
    0xf6, 0x00, 0x07, 0xff, 0xff, 0xff, 0xff, 0xff,
    0xff, 0xff, 0xff, 0xff, 0xfe, 0x50, 0x00, 0x00,
    0x07, 0xdf, 0xff, 0xff, 0xff, 0xff, 0xff, 0xff,
    0xff, 0x91, 0x00, 0x00, 0x00, 0x00, 0x02, 0x6a,
    0xce, 0xff, 0xff, 0xff, 0xc9, 0x50, 0x00, 0x00,
    0x00, 0x00, 0x00, 0x00, 0x00, 0x00, 0x0e, 0xff,
    0xf8, 0x00, 0x00, 0x00, 0x00, 0x00, 0x00, 0x00,
    0x00, 0x00, 0x00, 0x0e, 0xff, 0xf8, 0x00, 0x00,
    0x00, 0x00, 0x00, 0x00, 0x00, 0x00, 0x00, 0x00,
    0x0e, 0xff, 0xf8, 0x00, 0x00, 0x00, 0x00, 0x00,
    0x00, 0x00, 0x00, 0x00, 0x00, 0x0e, 0xff, 0xf8,
    0x00, 0x00, 0x00, 0x00, 0x00, 0x00, 0x00, 0x00,
    0x00, 0x00, 0x0e, 0xff, 0xf8, 0x00, 0x00, 0x00,
    0x00, 0x00,

    /* U+0025 "%" */
    0x00, 0x00, 0x02, 0x57, 0x75, 0x00, 0x00, 0x00,
    0x00, 0x00, 0x00, 0x00, 0x00, 0x00, 0x00, 0x00,
    0x00, 0x00, 0x00, 0x00, 0x3c, 0xff, 0xff, 0xff,
    0x91, 0x00, 0x00, 0x00, 0x00, 0x00, 0x00, 0x2f,
    0xff, 0xff, 0x20, 0x00, 0x00, 0x00, 0x5f, 0xff,
    0xff, 0xff, 0xff, 0xd1, 0x00, 0x00, 0x00, 0x00,
    0x00, 0x0c, 0xff, 0xff, 0x60, 0x00, 0x00, 0x00,
    0x3f, 0xff, 0xff, 0xff, 0xff, 0xff, 0xc0, 0x00,
    0x00, 0x00, 0x00, 0x08, 0xff, 0xff, 0xb0, 0x00,
    0x00, 0x00, 0x0c, 0xff, 0xff, 0x72, 0x3a, 0xff,
    0xff, 0x70, 0x00, 0x00, 0x00, 0x03, 0xff, 0xff,
    0xe1, 0x00, 0x00, 0x00, 0x03, 0xff, 0xff, 0x60,
    0x00, 0x0b, 0xff, 0xfe, 0x00, 0x00, 0x00, 0x00,
    0xdf, 0xff, 0xf5, 0x00, 0x00, 0x00, 0x00, 0x8f,
    0xff, 0xf0, 0x00, 0x00, 0x4f, 0xff, 0xf2, 0x00,
    0x00, 0x00, 0x8f, 0xff, 0xfb, 0x00, 0x00, 0x00,
    0x00, 0x0b, 0xff, 0xfb, 0x00, 0x00, 0x00, 0xff,
    0xff, 0x50, 0x00, 0x00, 0x3f, 0xff, 0xfe, 0x10,
    0x00, 0x00, 0x00, 0x00, 0xcf, 0xff, 0xa0, 0x00,
    0x00, 0x0f, 0xff, 0xf6, 0x00, 0x00, 0x0d, 0xff,
    0xff, 0x50, 0x00, 0x00, 0x00, 0x00, 0x0c, 0xff,
    0xfa, 0x00, 0x00, 0x00, 0xff, 0xff, 0x60, 0x00,
    0x09, 0xff, 0xff, 0xa0, 0x00, 0x00, 0x00, 0x00,
    0x00, 0xbf, 0xff, 0xb0, 0x00, 0x00, 0x0f, 0xff,
    0xf5, 0x00, 0x04, 0xff, 0xff, 0xe1, 0x00, 0x00,
    0x00, 0x00, 0x00, 0x08, 0xff, 0xfe, 0x00, 0x00,
    0x04, 0xff, 0xff, 0x20, 0x00, 0xef, 0xff, 0xf4,
    0x00, 0x00, 0x00, 0x00, 0x00, 0x00, 0x4f, 0xff,
    0xf5, 0x00, 0x00, 0xaf, 0xff, 0xe0, 0x00, 0x9f,
    0xff, 0xf9, 0x00, 0x00, 0x00, 0x00, 0x00, 0x00,
    0x00, 0xdf, 0xff, 0xf5, 0x01, 0x9f, 0xff, 0xf7,
    0x00, 0x4f, 0xff, 0xfe, 0x00, 0x00, 0x00, 0x00,
    0x00, 0x00, 0x00, 0x04, 0xff, 0xff, 0xff, 0xff,
    0xff, 0xfd, 0x00, 0x1e, 0xff, 0xff, 0x40, 0x00,
    0x00, 0x00, 0x00, 0x00, 0x00, 0x00, 0x07, 0xff,
    0xff, 0xff, 0xff, 0xfe, 0x20, 0x0a, 0xff, 0xff,
    0x90, 0x00, 0x4a, 0xef, 0xec, 0x81, 0x00, 0x00,
    0x00, 0x04, 0xdf, 0xff, 0xff, 0xfa, 0x10, 0x05,
    0xff, 0xff, 0xd0, 0x01, 0xbf, 0xff, 0xff, 0xff,
    0xf5, 0x00, 0x00, 0x00, 0x00, 0x37, 0x98, 0x62,
    0x00, 0x01, 0xef, 0xff, 0xf3, 0x00, 0xdf, 0xff,
    0xff, 0xff, 0xff, 0xf6, 0x00, 0x00, 0x00, 0x00,
    0x00, 0x00, 0x00, 0x00, 0xaf, 0xff, 0xf8, 0x00,
    0x9f, 0xff, 0xfe, 0xab, 0xff, 0xff, 0xf2, 0x00,
    0x00, 0x00, 0x00, 0x00, 0x00, 0x00, 0x5f, 0xff,
    0xfd, 0x00, 0x1f, 0xff, 0xfb, 0x00, 0x04, 0xff,
    0xff, 0xa0, 0x00, 0x00, 0x00, 0x00, 0x00, 0x00,
    0x1e, 0xff, 0xff, 0x30, 0x07, 0xff, 0xff, 0x10,
    0x00, 0x09, 0xff, 0xff, 0x00, 0x00, 0x00, 0x00,
    0x00, 0x00, 0x0b, 0xff, 0xff, 0x80, 0x00, 0xbf,
    0xff, 0xb0, 0x00, 0x00, 0x4f, 0xff, 0xf3, 0x00,
    0x00, 0x00, 0x00, 0x00, 0x06, 0xff, 0xff, 0xd0,
    0x00, 0x0c, 0xff, 0xf9, 0x00, 0x00, 0x01, 0xff,
    0xff, 0x50, 0x00, 0x00, 0x00, 0x00, 0x02, 0xff,
    0xff, 0xf2, 0x00, 0x00, 0xdf, 0xff, 0x80, 0x00,
    0x00, 0x0f, 0xff, 0xf6, 0x00, 0x00, 0x00, 0x00,
    0x00, 0xbf, 0xff, 0xf7, 0x00, 0x00, 0x0c, 0xff,
    0xf9, 0x00, 0x00, 0x01, 0xff, 0xff, 0x50, 0x00,
    0x00, 0x00, 0x00, 0x6f, 0xff, 0xfc, 0x00, 0x00,
    0x00, 0xbf, 0xff, 0xb0, 0x00, 0x00, 0x4f, 0xff,
    0xf3, 0x00, 0x00, 0x00, 0x00, 0x2f, 0xff, 0xff,
    0x20, 0x00, 0x00, 0x07, 0xff, 0xff, 0x10, 0x00,
    0x09, 0xff, 0xff, 0x00, 0x00, 0x00, 0x00, 0x0c,
    0xff, 0xff, 0x70, 0x00, 0x00, 0x00, 0x2f, 0xff,
    0xfb, 0x00, 0x04, 0xff, 0xff, 0xa0, 0x00, 0x00,
    0x00, 0x07, 0xff, 0xff, 0xc0, 0x00, 0x00, 0x00,
    0x00, 0x9f, 0xff, 0xfe, 0xab, 0xff, 0xff, 0xf2,
    0x00, 0x00, 0x00, 0x02, 0xff, 0xff, 0xf2, 0x00,
    0x00, 0x00, 0x00, 0x00, 0xdf, 0xff, 0xff, 0xff,
    0xff, 0xf6, 0x00, 0x00, 0x00, 0x00, 0xcf, 0xff,
    0xf6, 0x00, 0x00, 0x00, 0x00, 0x00, 0x01, 0xbf,
    0xff, 0xff, 0xff, 0xf6, 0x00, 0x00, 0x00, 0x00,
    0x8f, 0xff, 0xfb, 0x00, 0x00, 0x00, 0x00, 0x00,
    0x00, 0x00, 0x4a, 0xef, 0xfc, 0x81, 0x00, 0x00,

    /* U+0026 "&" */
    0x00, 0x00, 0x00, 0x00, 0x00, 0x14, 0x67, 0x76,
    0x30, 0x00, 0x00, 0x00, 0x00, 0x00, 0x00, 0x00,
    0x00, 0x00, 0x00, 0x06, 0xcf, 0xff, 0xff, 0xff,
    0xe9, 0x10, 0x00, 0x00, 0x00, 0x00, 0x00, 0x00,
    0x00, 0x00, 0x2c, 0xff, 0xff, 0xff, 0xff, 0xff,
    0xfe, 0x40, 0x00, 0x00, 0x00, 0x00, 0x00, 0x00,
    0x00, 0x2e, 0xff, 0xff, 0xff, 0xff, 0xff, 0xff,
    0xff, 0x30, 0x00, 0x00, 0x00, 0x00, 0x00, 0x00,
    0x0d, 0xff, 0xff, 0xff, 0xff, 0xff, 0xff, 0xff,
    0xfd, 0x00, 0x00, 0x00, 0x00, 0x00, 0x00, 0x05,
    0xff, 0xff, 0xff, 0xd5, 0x34, 0x8f, 0xff, 0xff,
    0xf4, 0x00, 0x00, 0x00, 0x00, 0x00, 0x00, 0xaf,
    0xff, 0xff, 0xd0, 0x00, 0x00, 0x8f, 0xff, 0xff,
    0x80, 0x00, 0x00, 0x00, 0x00, 0x00, 0x0c, 0xff,
    0xff, 0xf8, 0x00, 0x00, 0x03, 0xff, 0xff, 0xf9,
    0x00, 0x00, 0x00, 0x00, 0x00, 0x00, 0xcf, 0xff,
    0xff, 0x80, 0x00, 0x00, 0x5f, 0xff, 0xff, 0x80,
    0x00, 0x00, 0x00, 0x00, 0x00, 0x0a, 0xff, 0xff,
    0xfd, 0x00, 0x00, 0x0d, 0xff, 0xff, 0xf5, 0x00,
    0x00, 0x00, 0x00, 0x00, 0x00, 0x6f, 0xff, 0xff,
    0xf9, 0x00, 0x2d, 0xff, 0xff, 0xff, 0x00, 0x00,
    0x00, 0x00, 0x00, 0x00, 0x00, 0xef, 0xff, 0xff,
    0xf7, 0x8f, 0xff, 0xff, 0xff, 0x70, 0x00, 0x00,
    0x00, 0x00, 0x00, 0x00, 0x06, 0xff, 0xff, 0xff,
    0xff, 0xff, 0xff, 0xff, 0xa0, 0x00, 0x00, 0x00,
    0x00, 0x00, 0x00, 0x00, 0x0a, 0xff, 0xff, 0xff,
    0xff, 0xff, 0xff, 0x90, 0x00, 0x00, 0x00, 0x00,
    0x00, 0x00, 0x00, 0x00, 0x0d, 0xff, 0xff, 0xff,
    0xff, 0xfe, 0x50, 0x00, 0x00, 0x00, 0x00, 0x00,
    0x00, 0x00, 0x00, 0x2b, 0xff, 0xff, 0xff, 0xff,
    0xfd, 0x10, 0x00, 0x00, 0x00, 0x00, 0x00, 0x00,
    0x00, 0x00, 0x5f, 0xff, 0xff, 0xff, 0xff, 0xff,
    0xf9, 0x00, 0x00, 0x05, 0xd7, 0x20, 0x00, 0x00,
    0x00, 0x8f, 0xff, 0xff, 0xff, 0xff, 0xff, 0xff,
    0xfa, 0x00, 0x00, 0x9f, 0xff, 0xd8, 0x10, 0x00,
    0x7f, 0xff, 0xff, 0xff, 0xa9, 0xff, 0xff, 0xff,
    0xfb, 0x00, 0x0d, 0xff, 0xff, 0xf1, 0x00, 0x3f,
    0xff, 0xff, 0xff, 0x60, 0x08, 0xff, 0xff, 0xff,
    0xfc, 0x03, 0xff, 0xff, 0xfd, 0x00, 0x0b, 0xff,
    0xff, 0xff, 0x50, 0x00, 0x08, 0xff, 0xff, 0xff,
    0xfc, 0xbf, 0xff, 0xff, 0x80, 0x01, 0xff, 0xff,
    0xff, 0xb0, 0x00, 0x00, 0x07, 0xff, 0xff, 0xff,
    0xff, 0xff, 0xff, 0xf2, 0x00, 0x4f, 0xff, 0xff,
    0xf6, 0x00, 0x00, 0x00, 0x06, 0xff, 0xff, 0xff,
    0xff, 0xff, 0xfb, 0x00, 0x06, 0xff, 0xff, 0xff,
    0x50, 0x00, 0x00, 0x00, 0x05, 0xff, 0xff, 0xff,
    0xff, 0xff, 0x40, 0x00, 0x6f, 0xff, 0xff, 0xf9,
    0x00, 0x00, 0x00, 0x00, 0x04, 0xff, 0xff, 0xff,
    0xff, 0xb0, 0x00, 0x03, 0xff, 0xff, 0xff, 0xf3,
    0x00, 0x00, 0x00, 0x00, 0x1c, 0xff, 0xff, 0xff,
    0xff, 0x40, 0x00, 0x0e, 0xff, 0xff, 0xff, 0xf8,
    0x20, 0x00, 0x03, 0x9f, 0xff, 0xff, 0xff, 0xff,
    0xff, 0x50, 0x00, 0x7f, 0xff, 0xff, 0xff, 0xff,
    0xfe, 0xef, 0xff, 0xff, 0xff, 0xff, 0xff, 0xff,
    0xff, 0x50, 0x00, 0xcf, 0xff, 0xff, 0xff, 0xff,
    0xff, 0xff, 0xff, 0xff, 0xff, 0xff, 0xff, 0xff,
    0xfb, 0x00, 0x00, 0xbf, 0xff, 0xff, 0xff, 0xff,
    0xff, 0xff, 0xff, 0xff, 0xd4, 0xcf, 0xff, 0xfd,
    0x10, 0x00, 0x00, 0x7f, 0xff, 0xff, 0xff, 0xff,
    0xff, 0xff, 0xfe, 0x70, 0x00, 0xcf, 0xfe, 0x20,
    0x00, 0x00, 0x00, 0x17, 0xdf, 0xff, 0xff, 0xff,
    0xff, 0xb6, 0x00, 0x00, 0x00, 0xbf, 0x30, 0x00,
    0x00, 0x00, 0x00, 0x00, 0x14, 0x67, 0x76, 0x53,
    0x00, 0x00, 0x00, 0x00, 0x00, 0x30, 0x00, 0x00,

    /* U+0027 "'" */
    0xdf, 0xff, 0xff, 0x0c, 0xff, 0xff, 0xf0, 0xcf,
    0xff, 0xfe, 0x0b, 0xff, 0xff, 0xe0, 0xbf, 0xff,
    0xfd, 0x0a, 0xff, 0xff, 0xc0, 0x9f, 0xff, 0xfc,
    0x09, 0xff, 0xff, 0xb0, 0x8f, 0xff, 0xfa, 0x08,
    0xff, 0xff, 0xa0, 0x7f, 0xff, 0xf9, 0x07, 0xff,
    0xff, 0x90, 0x37, 0x77, 0x74, 0x00,

    /* U+0028 "(" */
    0x00, 0x00, 0x00, 0x22, 0x22, 0x22, 0x00, 0x00,
    0x00, 0xaf, 0xff, 0xff, 0xe0, 0x00, 0x00, 0x4f,
    0xff, 0xff, 0xf6, 0x00, 0x00, 0x0c, 0xff, 0xff,
    0xfd, 0x00, 0x00, 0x04, 0xff, 0xff, 0xff, 0x70,
    0x00, 0x00, 0xcf, 0xff, 0xff, 0xf0, 0x00, 0x00,
    0x2f, 0xff, 0xff, 0xf9, 0x00, 0x00, 0x08, 0xff,
    0xff, 0xff, 0x30, 0x00, 0x00, 0xdf, 0xff, 0xff,
    0xd0, 0x00, 0x00, 0x2f, 0xff, 0xff, 0xf9, 0x00,
    0x00, 0x07, 0xff, 0xff, 0xff, 0x40, 0x00, 0x00,
    0xbf, 0xff, 0xff, 0xf0, 0x00, 0x00, 0x0e, 0xff,
    0xff, 0xfd, 0x00, 0x00, 0x01, 0xff, 0xff, 0xff,
    0xa0, 0x00, 0x00, 0x4f, 0xff, 0xff, 0xf7, 0x00,
    0x00, 0x06, 0xff, 0xff, 0xff, 0x50, 0x00, 0x00,
    0x8f, 0xff, 0xff, 0xf3, 0x00, 0x00, 0x09, 0xff,
    0xff, 0xff, 0x10, 0x00, 0x00, 0xbf, 0xff, 0xff,
    0xf0, 0x00, 0x00, 0x0b, 0xff, 0xff, 0xff, 0x00,
    0x00, 0x00, 0xcf, 0xff, 0xff, 0xf0, 0x00, 0x00,
    0x0c, 0xff, 0xff, 0xff, 0x00, 0x00, 0x00, 0xcf,
    0xff, 0xff, 0xf0, 0x00, 0x00, 0x0b, 0xff, 0xff,
    0xff, 0x00, 0x00, 0x00, 0xaf, 0xff, 0xff, 0xf0,
    0x00, 0x00, 0x09, 0xff, 0xff, 0xff, 0x20, 0x00,
    0x00, 0x8f, 0xff, 0xff, 0xf3, 0x00, 0x00, 0x06,
    0xff, 0xff, 0xff, 0x50, 0x00, 0x00, 0x3f, 0xff,
    0xff, 0xf7, 0x00, 0x00, 0x01, 0xff, 0xff, 0xff,
    0xa0, 0x00, 0x00, 0x0e, 0xff, 0xff, 0xfd, 0x00,
    0x00, 0x00, 0xaf, 0xff, 0xff, 0xf1, 0x00, 0x00,
    0x06, 0xff, 0xff, 0xff, 0x50, 0x00, 0x00, 0x2f,
    0xff, 0xff, 0xf9, 0x00, 0x00, 0x00, 0xdf, 0xff,
    0xff, 0xe0, 0x00, 0x00, 0x07, 0xff, 0xff, 0xff,
    0x40, 0x00, 0x00, 0x1f, 0xff, 0xff, 0xfa, 0x00,
    0x00, 0x00, 0xbf, 0xff, 0xff, 0xf1, 0x00, 0x00,
    0x03, 0xff, 0xff, 0xff, 0x80, 0x00, 0x00, 0x0b,
    0xff, 0xff, 0xfe, 0x00, 0x00, 0x00, 0x3f, 0xff,
    0xff, 0xf7, 0x00, 0x00, 0x00, 0x9f, 0xff, 0xff,
    0xe1,

    /* U+0029 ")" */
    0x12, 0x22, 0x22, 0x20, 0x00, 0x00, 0x03, 0xff,
    0xff, 0xff, 0x60, 0x00, 0x00, 0x0b, 0xff, 0xff,
    0xfe, 0x10, 0x00, 0x00, 0x3f, 0xff, 0xff, 0xf8,
    0x00, 0x00, 0x00, 0xbf, 0xff, 0xff, 0xf1, 0x00,
    0x00, 0x04, 0xff, 0xff, 0xff, 0x80, 0x00, 0x00,
    0x0e, 0xff, 0xff, 0xfe, 0x00, 0x00, 0x00, 0x8f,
    0xff, 0xff, 0xf4, 0x00, 0x00, 0x02, 0xff, 0xff,
    0xff, 0x90, 0x00, 0x00, 0x0d, 0xff, 0xff, 0xfe,
    0x00, 0x00, 0x00, 0x9f, 0xff, 0xff, 0xf3, 0x00,
    0x00, 0x05, 0xff, 0xff, 0xff, 0x70, 0x00, 0x00,
    0x1f, 0xff, 0xff, 0xfa, 0x00, 0x00, 0x00, 0xef,
    0xff, 0xff, 0xd0, 0x00, 0x00, 0x0b, 0xff, 0xff,
    0xff, 0x00, 0x00, 0x00, 0x9f, 0xff, 0xff, 0xf2,
    0x00, 0x00, 0x07, 0xff, 0xff, 0xff, 0x40, 0x00,
    0x00, 0x6f, 0xff, 0xff, 0xf5, 0x00, 0x00, 0x04,
    0xff, 0xff, 0xff, 0x70, 0x00, 0x00, 0x3f, 0xff,
    0xff, 0xf7, 0x00, 0x00, 0x03, 0xff, 0xff, 0xff,
    0x80, 0x00, 0x00, 0x3f, 0xff, 0xff, 0xf8, 0x00,
    0x00, 0x03, 0xff, 0xff, 0xff, 0x80, 0x00, 0x00,
    0x4f, 0xff, 0xff, 0xf7, 0x00, 0x00, 0x04, 0xff,
    0xff, 0xff, 0x70, 0x00, 0x00, 0x6f, 0xff, 0xff,
    0xf5, 0x00, 0x00, 0x07, 0xff, 0xff, 0xff, 0x40,
    0x00, 0x00, 0x9f, 0xff, 0xff, 0xf2, 0x00, 0x00,
    0x0c, 0xff, 0xff, 0xff, 0x00, 0x00, 0x00, 0xef,
    0xff, 0xff, 0xd0, 0x00, 0x00, 0x2f, 0xff, 0xff,
    0xfa, 0x00, 0x00, 0x05, 0xff, 0xff, 0xff, 0x60,
    0x00, 0x00, 0x9f, 0xff, 0xff, 0xf2, 0x00, 0x00,
    0x0e, 0xff, 0xff, 0xfe, 0x00, 0x00, 0x03, 0xff,
    0xff, 0xff, 0x90, 0x00, 0x00, 0x9f, 0xff, 0xff,
    0xf3, 0x00, 0x00, 0x0e, 0xff, 0xff, 0xfd, 0x00,
    0x00, 0x05, 0xff, 0xff, 0xff, 0x70, 0x00, 0x00,
    0xcf, 0xff, 0xff, 0xe0, 0x00, 0x00, 0x4f, 0xff,
    0xff, 0xf7, 0x00, 0x00, 0x0c, 0xff, 0xff, 0xfe,
    0x00, 0x00, 0x04, 0xff, 0xff, 0xff, 0x40, 0x00,
    0x00,

    /* U+002A "*" */
    0x00, 0x00, 0x00, 0x02, 0x55, 0x53, 0x00, 0x00,
    0x00, 0x00, 0x00, 0x00, 0x00, 0x8f, 0xff, 0x90,
    0x00, 0x00, 0x00, 0x00, 0x00, 0x00, 0x08, 0xff,
    0xf9, 0x00, 0x00, 0x00, 0x00, 0x07, 0x60, 0x00,
    0x7f, 0xff, 0x90, 0x00, 0x58, 0x00, 0x02, 0xff,
    0xc3, 0x07, 0xff, 0xf8, 0x03, 0xcf, 0xf3, 0x00,
    0xbf, 0xff, 0xf9, 0x8f, 0xff, 0x99, 0xff, 0xff,
    0xc0, 0x3f, 0xff, 0xff, 0xff, 0xff, 0xff, 0xff,
    0xff, 0xff, 0x40, 0x3c, 0xff, 0xff, 0xff, 0xff,
    0xff, 0xff, 0xfc, 0x40, 0x00, 0x05, 0xdf, 0xff,
    0xff, 0xff, 0xff, 0xe5, 0x00, 0x00, 0x00, 0x03,
    0xef, 0xff, 0xff, 0xff, 0xf4, 0x00, 0x00, 0x00,
    0x2a, 0xff, 0xff, 0xff, 0xff, 0xff, 0xfb, 0x20,
    0x01, 0x8f, 0xff, 0xff, 0xff, 0xff, 0xff, 0xff,
    0xff, 0x91, 0x2f, 0xff, 0xff, 0xfe, 0xff, 0xfe,
    0xff, 0xff, 0xff, 0x30, 0x8f, 0xff, 0xd4, 0x7f,
    0xff, 0x83, 0xcf, 0xff, 0x90, 0x00, 0xef, 0x70,
    0x07, 0xff, 0xf8, 0x00, 0x6e, 0xe1, 0x00, 0x03,
    0x10, 0x00, 0x7f, 0xff, 0x90, 0x00, 0x13, 0x00,
    0x00, 0x00, 0x00, 0x08, 0xff, 0xf9, 0x00, 0x00,
    0x00, 0x00, 0x00, 0x00, 0x00, 0x8f, 0xff, 0x90,
    0x00, 0x00, 0x00,

    /* U+002B "+" */
    0x00, 0x00, 0x00, 0x00, 0x34, 0x44, 0x44, 0x00,
    0x00, 0x00, 0x00, 0x00, 0x00, 0x00, 0x00, 0xaf,
    0xff, 0xff, 0x00, 0x00, 0x00, 0x00, 0x00, 0x00,
    0x00, 0x00, 0xaf, 0xff, 0xff, 0x00, 0x00, 0x00,
    0x00, 0x00, 0x00, 0x00, 0x00, 0xaf, 0xff, 0xff,
    0x00, 0x00, 0x00, 0x00, 0x00, 0x00, 0x00, 0x00,
    0xaf, 0xff, 0xff, 0x00, 0x00, 0x00, 0x00, 0x00,
    0x00, 0x00, 0x00, 0xaf, 0xff, 0xff, 0x00, 0x00,
    0x00, 0x00, 0x00, 0x00, 0x00, 0x00, 0xaf, 0xff,
    0xff, 0x00, 0x00, 0x00, 0x00, 0x00, 0x00, 0x00,
    0x00, 0xaf, 0xff, 0xff, 0x00, 0x00, 0x00, 0x00,
    0x4f, 0xff, 0xff, 0xff, 0xff, 0xff, 0xff, 0xff,
    0xff, 0xff, 0xfa, 0x4f, 0xff, 0xff, 0xff, 0xff,
    0xff, 0xff, 0xff, 0xff, 0xff, 0xfa, 0x4f, 0xff,
    0xff, 0xff, 0xff, 0xff, 0xff, 0xff, 0xff, 0xff,
    0xfa, 0x4f, 0xff, 0xff, 0xff, 0xff, 0xff, 0xff,
    0xff, 0xff, 0xff, 0xfa, 0x4f, 0xff, 0xff, 0xff,
    0xff, 0xff, 0xff, 0xff, 0xff, 0xff, 0xfa, 0x15,
    0x55, 0x55, 0x55, 0xcf, 0xff, 0xff, 0x55, 0x55,
    0x55, 0x53, 0x00, 0x00, 0x00, 0x00, 0xaf, 0xff,
    0xff, 0x00, 0x00, 0x00, 0x00, 0x00, 0x00, 0x00,
    0x00, 0xaf, 0xff, 0xff, 0x00, 0x00, 0x00, 0x00,
    0x00, 0x00, 0x00, 0x00, 0xaf, 0xff, 0xff, 0x00,
    0x00, 0x00, 0x00, 0x00, 0x00, 0x00, 0x00, 0xaf,
    0xff, 0xff, 0x00, 0x00, 0x00, 0x00, 0x00, 0x00,
    0x00, 0x00, 0xaf, 0xff, 0xff, 0x00, 0x00, 0x00,
    0x00, 0x00, 0x00, 0x00, 0x00, 0xaf, 0xff, 0xff,
    0x00, 0x00, 0x00, 0x00, 0x00, 0x00, 0x00, 0x00,
    0xaf, 0xff, 0xff, 0x00, 0x00, 0x00, 0x00,

    /* U+002C "," */
    0x00, 0x4b, 0xed, 0x91, 0x00, 0x07, 0xff, 0xff,
    0xfe, 0x20, 0x1f, 0xff, 0xff, 0xff, 0xa0, 0x6f,
    0xff, 0xff, 0xff, 0xf0, 0x6f, 0xff, 0xff, 0xff,
    0xf0, 0x4f, 0xff, 0xff, 0xff, 0xe0, 0x0d, 0xff,
    0xff, 0xff, 0xa0, 0x02, 0xcf, 0xff, 0xff, 0x40,
    0x00, 0x3f, 0xff, 0xfe, 0x00, 0x00, 0x8f, 0xff,
    0xf8, 0x00, 0x00, 0xcf, 0xff, 0xf2, 0x00, 0x01,
    0xff, 0xff, 0xb0, 0x00, 0x05, 0xff, 0xff, 0x50,
    0x00, 0x09, 0xff, 0xfe, 0x00, 0x00, 0x0e, 0xff,
    0xf8, 0x00, 0x00,

    /* U+002D "-" */
    0x57, 0x77, 0x77, 0x77, 0x77, 0x77, 0x5b, 0xff,
    0xff, 0xff, 0xff, 0xff, 0xfb, 0xbf, 0xff, 0xff,
    0xff, 0xff, 0xff, 0xbb, 0xff, 0xff, 0xff, 0xff,
    0xff, 0xfb, 0xbf, 0xff, 0xff, 0xff, 0xff, 0xff,
    0xbb, 0xff, 0xff, 0xff, 0xff, 0xff, 0xfb,

    /* U+002E "." */
    0x00, 0x05, 0x77, 0x20, 0x00, 0x02, 0xdf, 0xff,
    0xf9, 0x00, 0x0d, 0xff, 0xff, 0xff, 0x70, 0x5f,
    0xff, 0xff, 0xff, 0xd0, 0x7f, 0xff, 0xff, 0xff,
    0xf0, 0x6f, 0xff, 0xff, 0xff, 0xf0, 0x2f, 0xff,
    0xff, 0xff, 0xa0, 0x07, 0xff, 0xff, 0xfe, 0x10,
    0x00, 0x5c, 0xfe, 0xa1, 0x00,

    /* U+002F "/" */
    0x00, 0x00, 0x00, 0x00, 0x00, 0x00, 0x00, 0x07,
    0x88, 0x88, 0x80, 0x00, 0x00, 0x00, 0x00, 0x00,
    0x00, 0x00, 0x4f, 0xff, 0xff, 0xd0, 0x00, 0x00,
    0x00, 0x00, 0x00, 0x00, 0x00, 0xaf, 0xff, 0xff,
    0x70, 0x00, 0x00, 0x00, 0x00, 0x00, 0x00, 0x00,
    0xff, 0xff, 0xff, 0x20, 0x00, 0x00, 0x00, 0x00,
    0x00, 0x00, 0x05, 0xff, 0xff, 0xfc, 0x00, 0x00,
    0x00, 0x00, 0x00, 0x00, 0x00, 0x0b, 0xff, 0xff,
    0xf6, 0x00, 0x00, 0x00, 0x00, 0x00, 0x00, 0x00,
    0x1f, 0xff, 0xff, 0xf1, 0x00, 0x00, 0x00, 0x00,
    0x00, 0x00, 0x00, 0x6f, 0xff, 0xff, 0xb0, 0x00,
    0x00, 0x00, 0x00, 0x00, 0x00, 0x00, 0xbf, 0xff,
    0xff, 0x60, 0x00, 0x00, 0x00, 0x00, 0x00, 0x00,
    0x01, 0xff, 0xff, 0xff, 0x10, 0x00, 0x00, 0x00,
    0x00, 0x00, 0x00, 0x07, 0xff, 0xff, 0xfa, 0x00,
    0x00, 0x00, 0x00, 0x00, 0x00, 0x00, 0x0c, 0xff,
    0xff, 0xf5, 0x00, 0x00, 0x00, 0x00, 0x00, 0x00,
    0x00, 0x2f, 0xff, 0xff, 0xf0, 0x00, 0x00, 0x00,
    0x00, 0x00, 0x00, 0x00, 0x7f, 0xff, 0xff, 0xa0,
    0x00, 0x00, 0x00, 0x00, 0x00, 0x00, 0x00, 0xdf,
    0xff, 0xff, 0x40, 0x00, 0x00, 0x00, 0x00, 0x00,
    0x00, 0x02, 0xff, 0xff, 0xfe, 0x00, 0x00, 0x00,
    0x00, 0x00, 0x00, 0x00, 0x08, 0xff, 0xff, 0xf9,
    0x00, 0x00, 0x00, 0x00, 0x00, 0x00, 0x00, 0x0e,
    0xff, 0xff, 0xf3, 0x00, 0x00, 0x00, 0x00, 0x00,
    0x00, 0x00, 0x3f, 0xff, 0xff, 0xe0, 0x00, 0x00,
    0x00, 0x00, 0x00, 0x00, 0x00, 0x9f, 0xff, 0xff,
    0x80, 0x00, 0x00, 0x00, 0x00, 0x00, 0x00, 0x00,
    0xef, 0xff, 0xff, 0x20, 0x00, 0x00, 0x00, 0x00,
    0x00, 0x00, 0x04, 0xff, 0xff, 0xfd, 0x00, 0x00,
    0x00, 0x00, 0x00, 0x00, 0x00, 0x0a, 0xff, 0xff,
    0xf7, 0x00, 0x00, 0x00, 0x00, 0x00, 0x00, 0x00,
    0x0f, 0xff, 0xff, 0xf2, 0x00, 0x00, 0x00, 0x00,
    0x00, 0x00, 0x00, 0x5f, 0xff, 0xff, 0xc0, 0x00,
    0x00, 0x00, 0x00, 0x00, 0x00, 0x00, 0xaf, 0xff,
    0xff, 0x60, 0x00, 0x00, 0x00, 0x00, 0x00, 0x00,
    0x00, 0xff, 0xff, 0xff, 0x10, 0x00, 0x00, 0x00,
    0x00, 0x00, 0x00, 0x06, 0xff, 0xff, 0xfb, 0x00,
    0x00, 0x00, 0x00, 0x00, 0x00, 0x00, 0x0b, 0xff,
    0xff, 0xf6, 0x00, 0x00, 0x00, 0x00, 0x00, 0x00,
    0x00, 0x1f, 0xff, 0xff, 0xf0, 0x00, 0x00, 0x00,
    0x00, 0x00, 0x00, 0x00, 0x6f, 0xff, 0xff, 0xa0,
    0x00, 0x00, 0x00, 0x00, 0x00, 0x00, 0x00, 0xcf,
    0xff, 0xff, 0x50, 0x00, 0x00, 0x00, 0x00, 0x00,
    0x00, 0x02, 0xff, 0xff, 0xff, 0x00, 0x00, 0x00,
    0x00, 0x00, 0x00, 0x00, 0x07, 0xff, 0xff, 0xfa,
    0x00, 0x00, 0x00, 0x00, 0x00, 0x00, 0x00, 0x0d,
    0xff, 0xff, 0xf4, 0x00, 0x00, 0x00, 0x00, 0x00,
    0x00, 0x00, 0x2f, 0xff, 0xff, 0xe0, 0x00, 0x00,
    0x00, 0x00, 0x00, 0x00, 0x00, 0x8f, 0xff, 0xff,
    0x90, 0x00, 0x00, 0x00, 0x00, 0x00, 0x00, 0x00,
    0xef, 0xff, 0xff, 0x30, 0x00, 0x00, 0x00, 0x00,
    0x00, 0x00, 0x03, 0xff, 0xff, 0xfe, 0x00, 0x00,
    0x00, 0x00, 0x00, 0x00, 0x00, 0x09, 0xff, 0xff,
    0xf8, 0x00, 0x00, 0x00, 0x00, 0x00, 0x00, 0x00,
    0x0e, 0xff, 0xff, 0xf2, 0x00, 0x00, 0x00, 0x00,
    0x00, 0x00, 0x00, 0x4f, 0xff, 0xff, 0xd0, 0x00,
    0x00, 0x00, 0x00, 0x00, 0x00, 0x00,

    /* U+0030 "0" */
    0x00, 0x00, 0x00, 0x00, 0x00, 0x14, 0x67, 0x76,
    0x30, 0x00, 0x00, 0x00, 0x00, 0x00, 0x00, 0x00,
    0x00, 0x00, 0x5b, 0xff, 0xff, 0xff, 0xff, 0xa4,
    0x00, 0x00, 0x00, 0x00, 0x00, 0x00, 0x00, 0x2c,
    0xff, 0xff, 0xff, 0xff, 0xff, 0xff, 0xb1, 0x00,
    0x00, 0x00, 0x00, 0x00, 0x05, 0xff, 0xff, 0xff,
    0xff, 0xff, 0xff, 0xff, 0xfe, 0x30, 0x00, 0x00,
    0x00, 0x00, 0x5f, 0xff, 0xff, 0xff, 0xff, 0xff,
    0xff, 0xff, 0xff, 0xf3, 0x00, 0x00, 0x00, 0x02,
    0xff, 0xff, 0xff, 0xff, 0xff, 0xff, 0xff, 0xff,
    0xff, 0xfe, 0x10, 0x00, 0x00, 0x0c, 0xff, 0xff,
    0xff, 0xff, 0xb9, 0x9c, 0xff, 0xff, 0xff, 0xff,
    0xa0, 0x00, 0x00, 0x5f, 0xff, 0xff, 0xff, 0xd2,
    0x00, 0x00, 0x3e, 0xff, 0xff, 0xff, 0xf3, 0x00,
    0x00, 0xdf, 0xff, 0xff, 0xfd, 0x10, 0x00, 0x00,
    0x02, 0xef, 0xff, 0xff, 0xfa, 0x00, 0x03, 0xff,
    0xff, 0xff, 0xf4, 0x00, 0x00, 0x00, 0x00, 0x6f,
    0xff, 0xff, 0xff, 0x10, 0x08, 0xff, 0xff, 0xff,
    0xc0, 0x00, 0x00, 0x00, 0x00, 0x0e, 0xff, 0xff,
    0xff, 0x50, 0x0c, 0xff, 0xff, 0xff, 0x70, 0x00,
    0x00, 0x00, 0x00, 0x09, 0xff, 0xff, 0xff, 0x90,
    0x0f, 0xff, 0xff, 0xff, 0x40, 0x00, 0x00, 0x00,
    0x00, 0x06, 0xff, 0xff, 0xff, 0xc0, 0x1f, 0xff,
    0xff, 0xff, 0x10, 0x00, 0x00, 0x00, 0x00, 0x04,
    0xff, 0xff, 0xff, 0xe0, 0x3f, 0xff, 0xff, 0xff,
    0x00, 0x00, 0x00, 0x00, 0x00, 0x02, 0xff, 0xff,
    0xff, 0xf0, 0x3f, 0xff, 0xff, 0xff, 0x00, 0x00,
    0x00, 0x00, 0x00, 0x01, 0xff, 0xff, 0xff, 0xf1,
    0x4f, 0xff, 0xff, 0xff, 0x00, 0x00, 0x00, 0x00,
    0x00, 0x01, 0xff, 0xff, 0xff, 0xf1, 0x3f, 0xff,
    0xff, 0xff, 0x00, 0x00, 0x00, 0x00, 0x00, 0x01,
    0xff, 0xff, 0xff, 0xf1, 0x3f, 0xff, 0xff, 0xff,
    0x00, 0x00, 0x00, 0x00, 0x00, 0x02, 0xff, 0xff,
    0xff, 0xf0, 0x1f, 0xff, 0xff, 0xff, 0x10, 0x00,
    0x00, 0x00, 0x00, 0x04, 0xff, 0xff, 0xff, 0xe0,
    0x0f, 0xff, 0xff, 0xff, 0x40, 0x00, 0x00, 0x00,
    0x00, 0x06, 0xff, 0xff, 0xff, 0xc0, 0x0c, 0xff,
    0xff, 0xff, 0x70, 0x00, 0x00, 0x00, 0x00, 0x09,
    0xff, 0xff, 0xff, 0x90, 0x08, 0xff, 0xff, 0xff,
    0xc0, 0x00, 0x00, 0x00, 0x00, 0x0e, 0xff, 0xff,
    0xff, 0x50, 0x03, 0xff, 0xff, 0xff, 0xf4, 0x00,
    0x00, 0x00, 0x00, 0x6f, 0xff, 0xff, 0xff, 0x10,
    0x00, 0xdf, 0xff, 0xff, 0xfd, 0x10, 0x00, 0x00,
    0x02, 0xef, 0xff, 0xff, 0xfa, 0x00, 0x00, 0x5f,
    0xff, 0xff, 0xff, 0xd2, 0x00, 0x00, 0x3e, 0xff,
    0xff, 0xff, 0xf3, 0x00, 0x00, 0x0c, 0xff, 0xff,
    0xff, 0xff, 0xc9, 0x9c, 0xff, 0xff, 0xff, 0xff,
    0xa0, 0x00, 0x00, 0x02, 0xff, 0xff, 0xff, 0xff,
    0xff, 0xff, 0xff, 0xff, 0xff, 0xfe, 0x10, 0x00,
    0x00, 0x00, 0x5f, 0xff, 0xff, 0xff, 0xff, 0xff,
    0xff, 0xff, 0xff, 0xf3, 0x00, 0x00, 0x00, 0x00,
    0x05, 0xff, 0xff, 0xff, 0xff, 0xff, 0xff, 0xff,
    0xfe, 0x30, 0x00, 0x00, 0x00, 0x00, 0x00, 0x2c,
    0xff, 0xff, 0xff, 0xff, 0xff, 0xff, 0xb1, 0x00,
    0x00, 0x00, 0x00, 0x00, 0x00, 0x00, 0x5b, 0xff,
    0xff, 0xff, 0xff, 0xb4, 0x00, 0x00, 0x00, 0x00,
    0x00, 0x00, 0x00, 0x00, 0x00, 0x14, 0x67, 0x76,
    0x30, 0x00, 0x00, 0x00, 0x00, 0x00,

    /* U+0031 "1" */
    0xbf, 0xff, 0xff, 0xff, 0xff, 0xff, 0xf9, 0xbf,
    0xff, 0xff, 0xff, 0xff, 0xff, 0xf9, 0xbf, 0xff,
    0xff, 0xff, 0xff, 0xff, 0xf9, 0xbf, 0xff, 0xff,
    0xff, 0xff, 0xff, 0xf9, 0xbf, 0xff, 0xff, 0xff,
    0xff, 0xff, 0xf9, 0x7b, 0xbb, 0xbb, 0xdf, 0xff,
    0xff, 0xf9, 0x00, 0x00, 0x00, 0x8f, 0xff, 0xff,
    0xf9, 0x00, 0x00, 0x00, 0x8f, 0xff, 0xff, 0xf9,
    0x00, 0x00, 0x00, 0x8f, 0xff, 0xff, 0xf9, 0x00,
    0x00, 0x00, 0x8f, 0xff, 0xff, 0xf9, 0x00, 0x00,
    0x00, 0x8f, 0xff, 0xff, 0xf9, 0x00, 0x00, 0x00,
    0x8f, 0xff, 0xff, 0xf9, 0x00, 0x00, 0x00, 0x8f,
    0xff, 0xff, 0xf9, 0x00, 0x00, 0x00, 0x8f, 0xff,
    0xff, 0xf9, 0x00, 0x00, 0x00, 0x8f, 0xff, 0xff,
    0xf9, 0x00, 0x00, 0x00, 0x8f, 0xff, 0xff, 0xf9,
    0x00, 0x00, 0x00, 0x8f, 0xff, 0xff, 0xf9, 0x00,
    0x00, 0x00, 0x8f, 0xff, 0xff, 0xf9, 0x00, 0x00,
    0x00, 0x8f, 0xff, 0xff, 0xf9, 0x00, 0x00, 0x00,
    0x8f, 0xff, 0xff, 0xf9, 0x00, 0x00, 0x00, 0x8f,
    0xff, 0xff, 0xf9, 0x00, 0x00, 0x00, 0x8f, 0xff,
    0xff, 0xf9, 0x00, 0x00, 0x00, 0x8f, 0xff, 0xff,
    0xf9, 0x00, 0x00, 0x00, 0x8f, 0xff, 0xff, 0xf9,
    0x00, 0x00, 0x00, 0x8f, 0xff, 0xff, 0xf9, 0x00,
    0x00, 0x00, 0x8f, 0xff, 0xff, 0xf9, 0x00, 0x00,
    0x00, 0x8f, 0xff, 0xff, 0xf9, 0x00, 0x00, 0x00,
    0x8f, 0xff, 0xff, 0xf9, 0x00, 0x00, 0x00, 0x8f,
    0xff, 0xff, 0xf9, 0x00, 0x00, 0x00, 0x8f, 0xff,
    0xff, 0xf9, 0x00, 0x00, 0x00, 0x8f, 0xff, 0xff,
    0xf9,

    /* U+0032 "2" */
    0x00, 0x00, 0x00, 0x00, 0x24, 0x67, 0x77, 0x53,
    0x00, 0x00, 0x00, 0x00, 0x00, 0x00, 0x00, 0x29,
    0xef, 0xff, 0xff, 0xff, 0xff, 0xa4, 0x00, 0x00,
    0x00, 0x00, 0x02, 0xbf, 0xff, 0xff, 0xff, 0xff,
    0xff, 0xff, 0xfb, 0x10, 0x00, 0x00, 0x06, 0xff,
    0xff, 0xff, 0xff, 0xff, 0xff, 0xff, 0xff, 0xfe,
    0x30, 0x00, 0x08, 0xff, 0xff, 0xff, 0xff, 0xff,
    0xff, 0xff, 0xff, 0xff, 0xfe, 0x10, 0x06, 0xff,
    0xff, 0xff, 0xff, 0xff, 0xff, 0xff, 0xff, 0xff,
    0xff, 0xfb, 0x00, 0x7f, 0xff, 0xff, 0xff, 0xfb,
    0x97, 0x8a, 0xff, 0xff, 0xff, 0xff, 0xf2, 0x00,
    0x2c, 0xff, 0xff, 0x81, 0x00, 0x00, 0x01, 0xbf,
    0xff, 0xff, 0xff, 0x70, 0x00, 0x07, 0xff, 0x30,
    0x00, 0x00, 0x00, 0x00, 0xef, 0xff, 0xff, 0xfa,
    0x00, 0x00, 0x02, 0x40, 0x00, 0x00, 0x00, 0x00,
    0x08, 0xff, 0xff, 0xff, 0xb0, 0x00, 0x00, 0x00,
    0x00, 0x00, 0x00, 0x00, 0x00, 0x7f, 0xff, 0xff,
    0xfa, 0x00, 0x00, 0x00, 0x00, 0x00, 0x00, 0x00,
    0x00, 0x0a, 0xff, 0xff, 0xff, 0x80, 0x00, 0x00,
    0x00, 0x00, 0x00, 0x00, 0x00, 0x00, 0xef, 0xff,
    0xff, 0xf5, 0x00, 0x00, 0x00, 0x00, 0x00, 0x00,
    0x00, 0x00, 0x7f, 0xff, 0xff, 0xff, 0x00, 0x00,
    0x00, 0x00, 0x00, 0x00, 0x00, 0x00, 0x3f, 0xff,
    0xff, 0xff, 0x80, 0x00, 0x00, 0x00, 0x00, 0x00,
    0x00, 0x00, 0x2e, 0xff, 0xff, 0xff, 0xe1, 0x00,
    0x00, 0x00, 0x00, 0x00, 0x00, 0x00, 0x3e, 0xff,
    0xff, 0xff, 0xf5, 0x00, 0x00, 0x00, 0x00, 0x00,
    0x00, 0x00, 0x3f, 0xff, 0xff, 0xff, 0xf7, 0x00,
    0x00, 0x00, 0x00, 0x00, 0x00, 0x00, 0x4f, 0xff,
    0xff, 0xff, 0xf8, 0x00, 0x00, 0x00, 0x00, 0x00,
    0x00, 0x00, 0x4f, 0xff, 0xff, 0xff, 0xf8, 0x00,
    0x00, 0x00, 0x00, 0x00, 0x00, 0x00, 0x5f, 0xff,
    0xff, 0xff, 0xf7, 0x00, 0x00, 0x00, 0x00, 0x00,
    0x00, 0x00, 0x6f, 0xff, 0xff, 0xff, 0xf6, 0x00,
    0x00, 0x00, 0x00, 0x00, 0x00, 0x00, 0x6f, 0xff,
    0xff, 0xff, 0xf6, 0x00, 0x00, 0x00, 0x00, 0x00,
    0x00, 0x00, 0x7f, 0xff, 0xff, 0xff, 0xf5, 0x00,
    0x00, 0x00, 0x00, 0x00, 0x00, 0x00, 0x8f, 0xff,
    0xff, 0xff, 0xf4, 0x00, 0x00, 0x00, 0x00, 0x00,
    0x00, 0x00, 0x8f, 0xff, 0xff, 0xff, 0xf4, 0x00,
    0x00, 0x00, 0x00, 0x00, 0x00, 0x00, 0x9f, 0xff,
    0xff, 0xff, 0xfe, 0xcc, 0xcc, 0xcc, 0xcc, 0xcc,
    0xcc, 0x90, 0x7f, 0xff, 0xff, 0xff, 0xff, 0xff,
    0xff, 0xff, 0xff, 0xff, 0xff, 0xfb, 0x08, 0xff,
    0xff, 0xff, 0xff, 0xff, 0xff, 0xff, 0xff, 0xff,
    0xff, 0xff, 0xb0, 0x8f, 0xff, 0xff, 0xff, 0xff,
    0xff, 0xff, 0xff, 0xff, 0xff, 0xff, 0xfb, 0x08,
    0xff, 0xff, 0xff, 0xff, 0xff, 0xff, 0xff, 0xff,
    0xff, 0xff, 0xff, 0xb0, 0x8f, 0xff, 0xff, 0xff,
    0xff, 0xff, 0xff, 0xff, 0xff, 0xff, 0xff, 0xfb,

    /* U+0033 "3" */
    0x00, 0x8f, 0xff, 0xff, 0xff, 0xff, 0xff, 0xff,
    0xff, 0xff, 0xff, 0xff, 0x10, 0x00, 0x8f, 0xff,
    0xff, 0xff, 0xff, 0xff, 0xff, 0xff, 0xff, 0xff,
    0xff, 0x10, 0x00, 0x8f, 0xff, 0xff, 0xff, 0xff,
    0xff, 0xff, 0xff, 0xff, 0xff, 0xff, 0x10, 0x00,
    0x8f, 0xff, 0xff, 0xff, 0xff, 0xff, 0xff, 0xff,
    0xff, 0xff, 0xff, 0x10, 0x00, 0x8f, 0xff, 0xff,
    0xff, 0xff, 0xff, 0xff, 0xff, 0xff, 0xff, 0xff,
    0x00, 0x00, 0x5b, 0xbb, 0xbb, 0xbb, 0xbb, 0xbb,
    0xbe, 0xff, 0xff, 0xff, 0xf4, 0x00, 0x00, 0x00,
    0x00, 0x00, 0x00, 0x00, 0x00, 0x2f, 0xff, 0xff,
    0xff, 0x60, 0x00, 0x00, 0x00, 0x00, 0x00, 0x00,
    0x00, 0x01, 0xef, 0xff, 0xff, 0xf8, 0x00, 0x00,
    0x00, 0x00, 0x00, 0x00, 0x00, 0x00, 0x0c, 0xff,
    0xff, 0xff, 0xa0, 0x00, 0x00, 0x00, 0x00, 0x00,
    0x00, 0x00, 0x00, 0xbf, 0xff, 0xff, 0xfc, 0x00,
    0x00, 0x00, 0x00, 0x00, 0x00, 0x00, 0x00, 0x09,
    0xff, 0xff, 0xff, 0xd1, 0x00, 0x00, 0x00, 0x00,
    0x00, 0x00, 0x00, 0x00, 0x7f, 0xff, 0xff, 0xfe,
    0x10, 0x00, 0x00, 0x00, 0x00, 0x00, 0x00, 0x00,
    0x05, 0xff, 0xff, 0xff, 0xf8, 0x10, 0x00, 0x00,
    0x00, 0x00, 0x00, 0x00, 0x00, 0x0b, 0xff, 0xff,
    0xff, 0xff, 0xfc, 0x60, 0x00, 0x00, 0x00, 0x00,
    0x00, 0x00, 0x0b, 0xff, 0xff, 0xff, 0xff, 0xff,
    0xfd, 0x20, 0x00, 0x00, 0x00, 0x00, 0x00, 0x0b,
    0xff, 0xff, 0xff, 0xff, 0xff, 0xff, 0xf3, 0x00,
    0x00, 0x00, 0x00, 0x00, 0x0b, 0xff, 0xff, 0xff,
    0xff, 0xff, 0xff, 0xfe, 0x10, 0x00, 0x00, 0x00,
    0x00, 0x08, 0xbb, 0xbb, 0xdf, 0xff, 0xff, 0xff,
    0xff, 0x80, 0x00, 0x00, 0x00, 0x00, 0x00, 0x00,
    0x00, 0x01, 0x8f, 0xff, 0xff, 0xff, 0xf0, 0x00,
    0x00, 0x00, 0x00, 0x00, 0x00, 0x00, 0x00, 0x05,
    0xff, 0xff, 0xff, 0xf3, 0x00, 0x00, 0x00, 0x00,
    0x00, 0x00, 0x00, 0x00, 0x00, 0xdf, 0xff, 0xff,
    0xf6, 0x00, 0x00, 0x00, 0x00, 0x00, 0x00, 0x00,
    0x00, 0x00, 0xbf, 0xff, 0xff, 0xf7, 0x00, 0x01,
    0x00, 0x00, 0x00, 0x00, 0x00, 0x00, 0x00, 0xdf,
    0xff, 0xff, 0xf6, 0x00, 0x0a, 0xc3, 0x00, 0x00,
    0x00, 0x00, 0x00, 0x04, 0xff, 0xff, 0xff, 0xf3,
    0x00, 0x2f, 0xff, 0xb5, 0x00, 0x00, 0x00, 0x00,
    0x6f, 0xff, 0xff, 0xff, 0xe0, 0x00, 0xaf, 0xff,
    0xff, 0xfd, 0xa9, 0x78, 0xae, 0xff, 0xff, 0xff,
    0xff, 0x80, 0x03, 0xff, 0xff, 0xff, 0xff, 0xff,
    0xff, 0xff, 0xff, 0xff, 0xff, 0xfe, 0x10, 0x0b,
    0xff, 0xff, 0xff, 0xff, 0xff, 0xff, 0xff, 0xff,
    0xff, 0xff, 0xf4, 0x00, 0x08, 0xff, 0xff, 0xff,
    0xff, 0xff, 0xff, 0xff, 0xff, 0xff, 0xff, 0x50,
    0x00, 0x00, 0x19, 0xff, 0xff, 0xff, 0xff, 0xff,
    0xff, 0xff, 0xff, 0xb2, 0x00, 0x00, 0x00, 0x00,
    0x05, 0xae, 0xff, 0xff, 0xff, 0xff, 0xfe, 0xa4,
    0x00, 0x00, 0x00, 0x00, 0x00, 0x00, 0x00, 0x14,
    0x56, 0x77, 0x65, 0x20, 0x00, 0x00, 0x00, 0x00,

    /* U+0034 "4" */
    0x00, 0x00, 0x00, 0x00, 0x00, 0x00, 0x00, 0x7f,
    0xff, 0xff, 0xfe, 0x10, 0x00, 0x00, 0x00, 0x00,
    0x00, 0x00, 0x00, 0x00, 0x00, 0x3f, 0xff, 0xff,
    0xff, 0x40, 0x00, 0x00, 0x00, 0x00, 0x00, 0x00,
    0x00, 0x00, 0x00, 0x0d, 0xff, 0xff, 0xff, 0x90,
    0x00, 0x00, 0x00, 0x00, 0x00, 0x00, 0x00, 0x00,
    0x00, 0x0a, 0xff, 0xff, 0xff, 0xd0, 0x00, 0x00,
    0x00, 0x00, 0x00, 0x00, 0x00, 0x00, 0x00, 0x06,
    0xff, 0xff, 0xff, 0xf3, 0x00, 0x00, 0x00, 0x00,
    0x00, 0x00, 0x00, 0x00, 0x00, 0x02, 0xff, 0xff,
    0xff, 0xf7, 0x00, 0x00, 0x00, 0x00, 0x00, 0x00,
    0x00, 0x00, 0x00, 0x00, 0xcf, 0xff, 0xff, 0xfc,
    0x00, 0x00, 0x00, 0x00, 0x00, 0x00, 0x00, 0x00,
    0x00, 0x00, 0x8f, 0xff, 0xff, 0xff, 0x10, 0x00,
    0x00, 0x00, 0x00, 0x00, 0x00, 0x00, 0x00, 0x00,
    0x4f, 0xff, 0xff, 0xff, 0x50, 0x00, 0x00, 0x00,
    0x00, 0x00, 0x00, 0x00, 0x00, 0x00, 0x1e, 0xff,
    0xff, 0xff, 0xa0, 0x00, 0x00, 0x00, 0x00, 0x00,
    0x00, 0x00, 0x00, 0x00, 0x0b, 0xff, 0xff, 0xff,
    0xe0, 0x00, 0x00, 0x00, 0x00, 0x00, 0x00, 0x00,
    0x00, 0x00, 0x07, 0xff, 0xff, 0xff, 0xf3, 0x00,
    0x00, 0x00, 0x00, 0x00, 0x00, 0x00, 0x00, 0x00,
    0x03, 0xff, 0xff, 0xff, 0xf8, 0x00, 0x00, 0x00,
    0x00, 0x00, 0x00, 0x00, 0x00, 0x00, 0x00, 0xdf,
    0xff, 0xff, 0xfc, 0x00, 0x00, 0xce, 0xee, 0xee,
    0xd0, 0x00, 0x00, 0x00, 0x00, 0xaf, 0xff, 0xff,
    0xff, 0x20, 0x00, 0x0d, 0xff, 0xff, 0xfe, 0x00,
    0x00, 0x00, 0x00, 0x5f, 0xff, 0xff, 0xff, 0x60,
    0x00, 0x00, 0xdf, 0xff, 0xff, 0xe0, 0x00, 0x00,
    0x00, 0x2f, 0xff, 0xff, 0xff, 0xb0, 0x00, 0x00,
    0x0d, 0xff, 0xff, 0xfe, 0x00, 0x00, 0x00, 0x0c,
    0xff, 0xff, 0xff, 0xe1, 0x00, 0x00, 0x00, 0xdf,
    0xff, 0xff, 0xe0, 0x00, 0x00, 0x08, 0xff, 0xff,
    0xff, 0xf4, 0x00, 0x00, 0x00, 0x0d, 0xff, 0xff,
    0xfe, 0x00, 0x00, 0x04, 0xff, 0xff, 0xff, 0xff,
    0xff, 0xff, 0xff, 0xff, 0xff, 0xff, 0xff, 0xff,
    0xff, 0xfe, 0xaf, 0xff, 0xff, 0xff, 0xff, 0xff,
    0xff, 0xff, 0xff, 0xff, 0xff, 0xff, 0xff, 0xff,
    0xea, 0xff, 0xff, 0xff, 0xff, 0xff, 0xff, 0xff,
    0xff, 0xff, 0xff, 0xff, 0xff, 0xff, 0xfe, 0xaf,
    0xff, 0xff, 0xff, 0xff, 0xff, 0xff, 0xff, 0xff,
    0xff, 0xff, 0xff, 0xff, 0xff, 0xea, 0xff, 0xff,
    0xff, 0xff, 0xff, 0xff, 0xff, 0xff, 0xff, 0xff,
    0xff, 0xff, 0xff, 0xfe, 0x8d, 0xdd, 0xdd, 0xdd,
    0xdd, 0xdd, 0xdd, 0xdd, 0xdf, 0xff, 0xff, 0xff,
    0xdd, 0xdd, 0xb0, 0x00, 0x00, 0x00, 0x00, 0x00,
    0x00, 0x00, 0x00, 0xff, 0xff, 0xff, 0xe0, 0x00,
    0x00, 0x00, 0x00, 0x00, 0x00, 0x00, 0x00, 0x00,
    0x00, 0x0f, 0xff, 0xff, 0xfe, 0x00, 0x00, 0x00,
    0x00, 0x00, 0x00, 0x00, 0x00, 0x00, 0x00, 0x00,
    0xff, 0xff, 0xff, 0xe0, 0x00, 0x00, 0x00, 0x00,
    0x00, 0x00, 0x00, 0x00, 0x00, 0x00, 0x0f, 0xff,
    0xff, 0xfe, 0x00, 0x00, 0x00, 0x00, 0x00, 0x00,
    0x00, 0x00, 0x00, 0x00, 0x00, 0xff, 0xff, 0xff,
    0xe0, 0x00, 0x00, 0x00, 0x00, 0x00, 0x00, 0x00,
    0x00, 0x00, 0x00, 0x0f, 0xff, 0xff, 0xfe, 0x00,
    0x00, 0x00,

    /* U+0035 "5" */
    0x00, 0x00, 0xbf, 0xff, 0xff, 0xff, 0xff, 0xff,
    0xff, 0xff, 0xff, 0xf1, 0x00, 0x00, 0x0d, 0xff,
    0xff, 0xff, 0xff, 0xff, 0xff, 0xff, 0xff, 0xff,
    0x10, 0x00, 0x00, 0xef, 0xff, 0xff, 0xff, 0xff,
    0xff, 0xff, 0xff, 0xff, 0xf1, 0x00, 0x00, 0x0f,
    0xff, 0xff, 0xff, 0xff, 0xff, 0xff, 0xff, 0xff,
    0xff, 0x10, 0x00, 0x01, 0xff, 0xff, 0xff, 0xff,
    0xff, 0xff, 0xff, 0xff, 0xff, 0xf1, 0x00, 0x00,
    0x2f, 0xff, 0xff, 0xfc, 0xbb, 0xbb, 0xbb, 0xbb,
    0xbb, 0xbb, 0x10, 0x00, 0x04, 0xff, 0xff, 0xff,
    0x30, 0x00, 0x00, 0x00, 0x00, 0x00, 0x00, 0x00,
    0x00, 0x5f, 0xff, 0xff, 0xf1, 0x00, 0x00, 0x00,
    0x00, 0x00, 0x00, 0x00, 0x00, 0x07, 0xff, 0xff,
    0xff, 0x00, 0x00, 0x00, 0x00, 0x00, 0x00, 0x00,
    0x00, 0x00, 0x8f, 0xff, 0xff, 0xf0, 0x00, 0x00,
    0x00, 0x00, 0x00, 0x00, 0x00, 0x00, 0x09, 0xff,
    0xff, 0xfe, 0x00, 0x00, 0x00, 0x00, 0x00, 0x00,
    0x00, 0x00, 0x00, 0xbf, 0xff, 0xff, 0xc0, 0x00,
    0x00, 0x00, 0x00, 0x00, 0x00, 0x00, 0x00, 0x0c,
    0xff, 0xff, 0xff, 0xff, 0xff, 0xec, 0xa7, 0x20,
    0x00, 0x00, 0x00, 0x00, 0xef, 0xff, 0xff, 0xff,
    0xff, 0xff, 0xff, 0xff, 0xc5, 0x00, 0x00, 0x00,
    0x0f, 0xff, 0xff, 0xff, 0xff, 0xff, 0xff, 0xff,
    0xff, 0xfb, 0x10, 0x00, 0x01, 0xff, 0xff, 0xff,
    0xff, 0xff, 0xff, 0xff, 0xff, 0xff, 0xfc, 0x00,
    0x00, 0x2f, 0xff, 0xff, 0xff, 0xff, 0xff, 0xff,
    0xff, 0xff, 0xff, 0xf9, 0x00, 0x02, 0xcc, 0xcc,
    0xcc, 0xcc, 0xcd, 0xff, 0xff, 0xff, 0xff, 0xff,
    0xf2, 0x00, 0x00, 0x00, 0x00, 0x00, 0x00, 0x00,
    0x27, 0xef, 0xff, 0xff, 0xff, 0x80, 0x00, 0x00,
    0x00, 0x00, 0x00, 0x00, 0x00, 0x01, 0xef, 0xff,
    0xff, 0xfc, 0x00, 0x00, 0x00, 0x00, 0x00, 0x00,
    0x00, 0x00, 0x06, 0xff, 0xff, 0xff, 0xe0, 0x00,
    0x00, 0x00, 0x00, 0x00, 0x00, 0x00, 0x00, 0x4f,
    0xff, 0xff, 0xff, 0x00, 0x00, 0x00, 0x00, 0x00,
    0x00, 0x00, 0x00, 0x05, 0xff, 0xff, 0xff, 0xe0,
    0x02, 0xe6, 0x00, 0x00, 0x00, 0x00, 0x00, 0x00,
    0xcf, 0xff, 0xff, 0xfb, 0x00, 0xaf, 0xfe, 0x82,
    0x00, 0x00, 0x00, 0x02, 0xbf, 0xff, 0xff, 0xff,
    0x70, 0x2f, 0xff, 0xff, 0xfe, 0xb9, 0x88, 0x9c,
    0xff, 0xff, 0xff, 0xff, 0xf1, 0x0a, 0xff, 0xff,
    0xff, 0xff, 0xff, 0xff, 0xff, 0xff, 0xff, 0xff,
    0xf8, 0x03, 0xff, 0xff, 0xff, 0xff, 0xff, 0xff,
    0xff, 0xff, 0xff, 0xff, 0xfc, 0x00, 0x3c, 0xff,
    0xff, 0xff, 0xff, 0xff, 0xff, 0xff, 0xff, 0xff,
    0xfc, 0x10, 0x00, 0x05, 0xdf, 0xff, 0xff, 0xff,
    0xff, 0xff, 0xff, 0xff, 0xf7, 0x00, 0x00, 0x00,
    0x00, 0x28, 0xcf, 0xff, 0xff, 0xff, 0xff, 0xfd,
    0x71, 0x00, 0x00, 0x00, 0x00, 0x00, 0x00, 0x02,
    0x56, 0x77, 0x76, 0x41, 0x00, 0x00, 0x00, 0x00,

    /* U+0036 "6" */
    0x00, 0x00, 0x00, 0x00, 0x00, 0x00, 0x14, 0x67,
    0x77, 0x64, 0x10, 0x00, 0x00, 0x00, 0x00, 0x00,
    0x00, 0x00, 0x28, 0xdf, 0xff, 0xff, 0xff, 0xff,
    0xd8, 0x20, 0x00, 0x00, 0x00, 0x00, 0x01, 0xaf,
    0xff, 0xff, 0xff, 0xff, 0xff, 0xff, 0xff, 0x90,
    0x00, 0x00, 0x00, 0x06, 0xff, 0xff, 0xff, 0xff,
    0xff, 0xff, 0xff, 0xff, 0xf8, 0x00, 0x00, 0x00,
    0x08, 0xff, 0xff, 0xff, 0xff, 0xff, 0xff, 0xff,
    0xff, 0xff, 0x10, 0x00, 0x00, 0x07, 0xff, 0xff,
    0xff, 0xff, 0xff, 0xff, 0xff, 0xff, 0xff, 0x80,
    0x00, 0x00, 0x04, 0xff, 0xff, 0xff, 0xff, 0xfc,
    0x86, 0x55, 0x7a, 0xef, 0xf1, 0x00, 0x00, 0x00,
    0xdf, 0xff, 0xff, 0xff, 0xb2, 0x00, 0x00, 0x00,
    0x00, 0x67, 0x00, 0x00, 0x00, 0x7f, 0xff, 0xff,
    0xff, 0x80, 0x00, 0x00, 0x00, 0x00, 0x00, 0x00,
    0x00, 0x00, 0x0e, 0xff, 0xff, 0xff, 0xa0, 0x00,
    0x00, 0x00, 0x00, 0x00, 0x00, 0x00, 0x00, 0x04,
    0xff, 0xff, 0xff, 0xf1, 0x00, 0x00, 0x00, 0x00,
    0x00, 0x00, 0x00, 0x00, 0x00, 0x9f, 0xff, 0xff,
    0xfa, 0x00, 0x00, 0x00, 0x00, 0x00, 0x00, 0x00,
    0x00, 0x00, 0x0d, 0xff, 0xff, 0xff, 0x50, 0x00,
    0x02, 0x34, 0x42, 0x00, 0x00, 0x00, 0x00, 0x00,
    0xff, 0xff, 0xff, 0xf2, 0x04, 0xbf, 0xff, 0xff,
    0xff, 0xb5, 0x00, 0x00, 0x00, 0x2f, 0xff, 0xff,
    0xff, 0x2c, 0xff, 0xff, 0xff, 0xff, 0xff, 0xfb,
    0x20, 0x00, 0x03, 0xff, 0xff, 0xff, 0xfe, 0xff,
    0xff, 0xff, 0xff, 0xff, 0xff, 0xff, 0x40, 0x00,
    0x4f, 0xff, 0xff, 0xff, 0xff, 0xff, 0xff, 0xff,
    0xff, 0xff, 0xff, 0xff, 0x20, 0x04, 0xff, 0xff,
    0xff, 0xff, 0xff, 0xff, 0xff, 0xff, 0xff, 0xff,
    0xff, 0xfd, 0x00, 0x3f, 0xff, 0xff, 0xff, 0xff,
    0xe7, 0x20, 0x02, 0x7e, 0xff, 0xff, 0xff, 0xf6,
    0x02, 0xff, 0xff, 0xff, 0xff, 0xd1, 0x00, 0x00,
    0x00, 0x1d, 0xff, 0xff, 0xff, 0xc0, 0x0f, 0xff,
    0xff, 0xff, 0xf3, 0x00, 0x00, 0x00, 0x00, 0x4f,
    0xff, 0xff, 0xff, 0x00, 0xdf, 0xff, 0xff, 0xfd,
    0x00, 0x00, 0x00, 0x00, 0x00, 0xef, 0xff, 0xff,
    0xf1, 0x0a, 0xff, 0xff, 0xff, 0xb0, 0x00, 0x00,
    0x00, 0x00, 0x0c, 0xff, 0xff, 0xff, 0x10, 0x6f,
    0xff, 0xff, 0xfc, 0x00, 0x00, 0x00, 0x00, 0x00,
    0xdf, 0xff, 0xff, 0xf0, 0x01, 0xff, 0xff, 0xff,
    0xf1, 0x00, 0x00, 0x00, 0x00, 0x2f, 0xff, 0xff,
    0xfe, 0x00, 0x09, 0xff, 0xff, 0xff, 0xb0, 0x00,
    0x00, 0x00, 0x0c, 0xff, 0xff, 0xff, 0xa0, 0x00,
    0x2f, 0xff, 0xff, 0xff, 0xc4, 0x00, 0x00, 0x4d,
    0xff, 0xff, 0xff, 0xf3, 0x00, 0x00, 0x6f, 0xff,
    0xff, 0xff, 0xff, 0xdd, 0xff, 0xff, 0xff, 0xff,
    0xfa, 0x00, 0x00, 0x00, 0xaf, 0xff, 0xff, 0xff,
    0xff, 0xff, 0xff, 0xff, 0xff, 0xfd, 0x10, 0x00,
    0x00, 0x00, 0x8f, 0xff, 0xff, 0xff, 0xff, 0xff,
    0xff, 0xff, 0xfd, 0x20, 0x00, 0x00, 0x00, 0x00,
    0x5d, 0xff, 0xff, 0xff, 0xff, 0xff, 0xff, 0xf9,
    0x00, 0x00, 0x00, 0x00, 0x00, 0x00, 0x06, 0xbf,
    0xff, 0xff, 0xff, 0xfe, 0x92, 0x00, 0x00, 0x00,
    0x00, 0x00, 0x00, 0x00, 0x00, 0x03, 0x56, 0x77,
    0x53, 0x00, 0x00, 0x00, 0x00, 0x00,

    /* U+0037 "7" */
    0xdf, 0xff, 0xff, 0xff, 0xff, 0xff, 0xff, 0xff,
    0xff, 0xff, 0xff, 0xff, 0xdd, 0xff, 0xff, 0xff,
    0xff, 0xff, 0xff, 0xff, 0xff, 0xff, 0xff, 0xff,
    0xfd, 0xdf, 0xff, 0xff, 0xff, 0xff, 0xff, 0xff,
    0xff, 0xff, 0xff, 0xff, 0xff, 0xdd, 0xff, 0xff,
    0xff, 0xff, 0xff, 0xff, 0xff, 0xff, 0xff, 0xff,
    0xff, 0xfd, 0xdf, 0xff, 0xff, 0xff, 0xff, 0xff,
    0xff, 0xff, 0xff, 0xff, 0xff, 0xff, 0xcd, 0xff,
    0xff, 0xfe, 0xdd, 0xdd, 0xdd, 0xdd, 0xde, 0xff,
    0xff, 0xff, 0xf7, 0xdf, 0xff, 0xff, 0x70, 0x00,
    0x00, 0x00, 0x00, 0x9f, 0xff, 0xff, 0xff, 0x0d,
    0xff, 0xff, 0xf7, 0x00, 0x00, 0x00, 0x00, 0x1f,
    0xff, 0xff, 0xff, 0x90, 0xdf, 0xff, 0xff, 0x70,
    0x00, 0x00, 0x00, 0x07, 0xff, 0xff, 0xff, 0xf2,
    0x0d, 0xff, 0xff, 0xf7, 0x00, 0x00, 0x00, 0x00,
    0xef, 0xff, 0xff, 0xfb, 0x00, 0xbd, 0xdd, 0xdd,
    0x60, 0x00, 0x00, 0x00, 0x5f, 0xff, 0xff, 0xff,
    0x40, 0x00, 0x00, 0x00, 0x00, 0x00, 0x00, 0x00,
    0x0c, 0xff, 0xff, 0xff, 0xd0, 0x00, 0x00, 0x00,
    0x00, 0x00, 0x00, 0x00, 0x03, 0xff, 0xff, 0xff,
    0xf6, 0x00, 0x00, 0x00, 0x00, 0x00, 0x00, 0x00,
    0x00, 0xaf, 0xff, 0xff, 0xfe, 0x00, 0x00, 0x00,
    0x00, 0x00, 0x00, 0x00, 0x00, 0x2f, 0xff, 0xff,
    0xff, 0x80, 0x00, 0x00, 0x00, 0x00, 0x00, 0x00,
    0x00, 0x09, 0xff, 0xff, 0xff, 0xf1, 0x00, 0x00,
    0x00, 0x00, 0x00, 0x00, 0x00, 0x00, 0xff, 0xff,
    0xff, 0xfa, 0x00, 0x00, 0x00, 0x00, 0x00, 0x00,
    0x00, 0x00, 0x7f, 0xff, 0xff, 0xff, 0x30, 0x00,
    0x00, 0x00, 0x00, 0x00, 0x00, 0x00, 0x0d, 0xff,
    0xff, 0xff, 0xc0, 0x00, 0x00, 0x00, 0x00, 0x00,
    0x00, 0x00, 0x05, 0xff, 0xff, 0xff, 0xf6, 0x00,
    0x00, 0x00, 0x00, 0x00, 0x00, 0x00, 0x00, 0xcf,
    0xff, 0xff, 0xfe, 0x00, 0x00, 0x00, 0x00, 0x00,
    0x00, 0x00, 0x00, 0x3f, 0xff, 0xff, 0xff, 0x80,
    0x00, 0x00, 0x00, 0x00, 0x00, 0x00, 0x00, 0x0a,
    0xff, 0xff, 0xff, 0xf1, 0x00, 0x00, 0x00, 0x00,
    0x00, 0x00, 0x00, 0x01, 0xff, 0xff, 0xff, 0xfa,
    0x00, 0x00, 0x00, 0x00, 0x00, 0x00, 0x00, 0x00,
    0x8f, 0xff, 0xff, 0xff, 0x30, 0x00, 0x00, 0x00,
    0x00, 0x00, 0x00, 0x00, 0x0e, 0xff, 0xff, 0xff,
    0xc0, 0x00, 0x00, 0x00, 0x00, 0x00, 0x00, 0x00,
    0x06, 0xff, 0xff, 0xff, 0xf5, 0x00, 0x00, 0x00,
    0x00, 0x00, 0x00, 0x00, 0x00, 0xdf, 0xff, 0xff,
    0xfe, 0x00, 0x00, 0x00, 0x00, 0x00, 0x00, 0x00,
    0x00, 0x4f, 0xff, 0xff, 0xff, 0x70, 0x00, 0x00,
    0x00, 0x00, 0x00, 0x00, 0x00, 0x0b, 0xff, 0xff,
    0xff, 0xf1, 0x00, 0x00, 0x00, 0x00, 0x00, 0x00,
    0x00, 0x02, 0xff, 0xff, 0xff, 0xf9, 0x00, 0x00,
    0x00, 0x00, 0x00, 0x00,

    /* U+0038 "8" */
    0x00, 0x00, 0x00, 0x00, 0x01, 0x46, 0x77, 0x76,
    0x41, 0x00, 0x00, 0x00, 0x00, 0x00, 0x00, 0x00,
    0x00, 0x7c, 0xff, 0xff, 0xff, 0xff, 0xfc, 0x70,
    0x00, 0x00, 0x00, 0x00, 0x00, 0x06, 0xef, 0xff,
    0xff, 0xff, 0xff, 0xff, 0xff, 0xe6, 0x00, 0x00,
    0x00, 0x00, 0x0a, 0xff, 0xff, 0xff, 0xff, 0xff,
    0xff, 0xff, 0xff, 0xfa, 0x00, 0x00, 0x00, 0x0a,
    0xff, 0xff, 0xff, 0xff, 0xff, 0xff, 0xff, 0xff,
    0xff, 0xfa, 0x00, 0x00, 0x05, 0xff, 0xff, 0xff,
    0xff, 0xfc, 0xbc, 0xff, 0xff, 0xff, 0xff, 0xf5,
    0x00, 0x00, 0xcf, 0xff, 0xff, 0xff, 0x80, 0x00,
    0x01, 0x8f, 0xff, 0xff, 0xff, 0xc0, 0x00, 0x1f,
    0xff, 0xff, 0xff, 0x70, 0x00, 0x00, 0x00, 0x7f,
    0xff, 0xff, 0xff, 0x20, 0x04, 0xff, 0xff, 0xff,
    0xe0, 0x00, 0x00, 0x00, 0x00, 0xef, 0xff, 0xff,
    0xf5, 0x00, 0x5f, 0xff, 0xff, 0xfc, 0x00, 0x00,
    0x00, 0x00, 0x0b, 0xff, 0xff, 0xff, 0x60, 0x04,
    0xff, 0xff, 0xff, 0xc0, 0x00, 0x00, 0x00, 0x00,
    0xbf, 0xff, 0xff, 0xf4, 0x00, 0x2f, 0xff, 0xff,
    0xff, 0x10, 0x00, 0x00, 0x00, 0x0f, 0xff, 0xff,
    0xff, 0x20, 0x00, 0xcf, 0xff, 0xff, 0xfa, 0x00,
    0x00, 0x00, 0x09, 0xff, 0xff, 0xff, 0xd0, 0x00,
    0x05, 0xff, 0xff, 0xff, 0xfc, 0x41, 0x01, 0x4c,
    0xff, 0xff, 0xff, 0xf6, 0x00, 0x00, 0x0a, 0xff,
    0xff, 0xff, 0xff, 0xff, 0xff, 0xff, 0xff, 0xff,
    0xfa, 0x00, 0x00, 0x00, 0x0a, 0xff, 0xff, 0xff,
    0xff, 0xff, 0xff, 0xff, 0xff, 0xfa, 0x00, 0x00,
    0x00, 0x00, 0x5f, 0xff, 0xff, 0xff, 0xff, 0xff,
    0xff, 0xff, 0xff, 0x50, 0x00, 0x00, 0x00, 0xaf,
    0xff, 0xff, 0xff, 0xff, 0xff, 0xff, 0xff, 0xff,
    0xff, 0xa0, 0x00, 0x00, 0xaf, 0xff, 0xff, 0xff,
    0xff, 0xee, 0xef, 0xff, 0xff, 0xff, 0xff, 0xb0,
    0x00, 0x7f, 0xff, 0xff, 0xff, 0xd5, 0x10, 0x00,
    0x15, 0xdf, 0xff, 0xff, 0xff, 0x70, 0x0e, 0xff,
    0xff, 0xff, 0xb0, 0x00, 0x00, 0x00, 0x00, 0xbf,
    0xff, 0xff, 0xff, 0x03, 0xff, 0xff, 0xff, 0xf1,
    0x00, 0x00, 0x00, 0x00, 0x01, 0xff, 0xff, 0xff,
    0xf4, 0x6f, 0xff, 0xff, 0xfc, 0x00, 0x00, 0x00,
    0x00, 0x00, 0x0c, 0xff, 0xff, 0xff, 0x76, 0xff,
    0xff, 0xff, 0xc0, 0x00, 0x00, 0x00, 0x00, 0x00,
    0xcf, 0xff, 0xff, 0xf7, 0x5f, 0xff, 0xff, 0xff,
    0x10, 0x00, 0x00, 0x00, 0x00, 0x0f, 0xff, 0xff,
    0xff, 0x62, 0xff, 0xff, 0xff, 0xfa, 0x00, 0x00,
    0x00, 0x00, 0x09, 0xff, 0xff, 0xff, 0xf3, 0x0d,
    0xff, 0xff, 0xff, 0xfb, 0x30, 0x00, 0x00, 0x3b,
    0xff, 0xff, 0xff, 0xfd, 0x00, 0x4f, 0xff, 0xff,
    0xff, 0xff, 0xec, 0xbc, 0xff, 0xff, 0xff, 0xff,
    0xff, 0x50, 0x00, 0x9f, 0xff, 0xff, 0xff, 0xff,
    0xff, 0xff, 0xff, 0xff, 0xff, 0xff, 0x90, 0x00,
    0x00, 0x8f, 0xff, 0xff, 0xff, 0xff, 0xff, 0xff,
    0xff, 0xff, 0xff, 0x80, 0x00, 0x00, 0x00, 0x4d,
    0xff, 0xff, 0xff, 0xff, 0xff, 0xff, 0xff, 0xfd,
    0x40, 0x00, 0x00, 0x00, 0x00, 0x04, 0xae, 0xff,
    0xff, 0xff, 0xff, 0xfe, 0xa4, 0x00, 0x00, 0x00,
    0x00, 0x00, 0x00, 0x00, 0x02, 0x46, 0x77, 0x76,
    0x42, 0x00, 0x00, 0x00, 0x00, 0x00,

    /* U+0039 "9" */
    0x00, 0x00, 0x00, 0x00, 0x02, 0x57, 0x76, 0x53,
    0x00, 0x00, 0x00, 0x00, 0x00, 0x00, 0x00, 0x00,
    0x02, 0x9e, 0xff, 0xff, 0xff, 0xff, 0xb6, 0x00,
    0x00, 0x00, 0x00, 0x00, 0x00, 0x09, 0xff, 0xff,
    0xff, 0xff, 0xff, 0xff, 0xfd, 0x50, 0x00, 0x00,
    0x00, 0x00, 0x1d, 0xff, 0xff, 0xff, 0xff, 0xff,
    0xff, 0xff, 0xff, 0x80, 0x00, 0x00, 0x00, 0x1d,
    0xff, 0xff, 0xff, 0xff, 0xff, 0xff, 0xff, 0xff,
    0xff, 0xa0, 0x00, 0x00, 0x0a, 0xff, 0xff, 0xff,
    0xff, 0xfd, 0xdf, 0xff, 0xff, 0xff, 0xff, 0x60,
    0x00, 0x03, 0xff, 0xff, 0xff, 0xfd, 0x40, 0x00,
    0x04, 0xcf, 0xff, 0xff, 0xff, 0x20, 0x00, 0x9f,
    0xff, 0xff, 0xfc, 0x00, 0x00, 0x00, 0x00, 0xbf,
    0xff, 0xff, 0xfa, 0x00, 0x0e, 0xff, 0xff, 0xff,
    0x30, 0x00, 0x00, 0x00, 0x01, 0xff, 0xff, 0xff,
    0xf1, 0x00, 0xff, 0xff, 0xff, 0xe0, 0x00, 0x00,
    0x00, 0x00, 0x0c, 0xff, 0xff, 0xff, 0x70, 0x1f,
    0xff, 0xff, 0xfd, 0x00, 0x00, 0x00, 0x00, 0x00,
    0xaf, 0xff, 0xff, 0xfa, 0x01, 0xff, 0xff, 0xff,
    0xf0, 0x00, 0x00, 0x00, 0x00, 0x0c, 0xff, 0xff,
    0xff, 0xe0, 0x0f, 0xff, 0xff, 0xff, 0x50, 0x00,
    0x00, 0x00, 0x03, 0xff, 0xff, 0xff, 0xff, 0x10,
    0xbf, 0xff, 0xff, 0xfe, 0x20, 0x00, 0x00, 0x01,
    0xdf, 0xff, 0xff, 0xff, 0xf2, 0x06, 0xff, 0xff,
    0xff, 0xff, 0x72, 0x00, 0x27, 0xef, 0xff, 0xff,
    0xff, 0xff, 0x30, 0x0d, 0xff, 0xff, 0xff, 0xff,
    0xff, 0xff, 0xff, 0xff, 0xff, 0xff, 0xff, 0xf4,
    0x00, 0x2e, 0xff, 0xff, 0xff, 0xff, 0xff, 0xff,
    0xff, 0xff, 0xff, 0xff, 0xff, 0x40, 0x00, 0x3f,
    0xff, 0xff, 0xff, 0xff, 0xff, 0xff, 0xfe, 0xff,
    0xff, 0xff, 0xf3, 0x00, 0x00, 0x1b, 0xff, 0xff,
    0xff, 0xff, 0xff, 0xfc, 0x2f, 0xff, 0xff, 0xff,
    0x20, 0x00, 0x00, 0x04, 0xaf, 0xff, 0xff, 0xff,
    0xb4, 0x01, 0xff, 0xff, 0xff, 0xf0, 0x00, 0x00,
    0x00, 0x00, 0x02, 0x44, 0x32, 0x00, 0x00, 0x4f,
    0xff, 0xff, 0xfd, 0x00, 0x00, 0x00, 0x00, 0x00,
    0x00, 0x00, 0x00, 0x00, 0x09, 0xff, 0xff, 0xff,
    0x90, 0x00, 0x00, 0x00, 0x00, 0x00, 0x00, 0x00,
    0x00, 0x01, 0xff, 0xff, 0xff, 0xf5, 0x00, 0x00,
    0x00, 0x00, 0x00, 0x00, 0x00, 0x00, 0x00, 0xaf,
    0xff, 0xff, 0xfe, 0x00, 0x00, 0x00, 0x00, 0x00,
    0x00, 0x00, 0x00, 0x00, 0x8f, 0xff, 0xff, 0xff,
    0x80, 0x00, 0x00, 0x07, 0x60, 0x00, 0x00, 0x00,
    0x02, 0xbf, 0xff, 0xff, 0xff, 0xe0, 0x00, 0x00,
    0x00, 0xef, 0xea, 0x75, 0x56, 0x8c, 0xff, 0xff,
    0xff, 0xff, 0xf5, 0x00, 0x00, 0x00, 0x7f, 0xff,
    0xff, 0xff, 0xff, 0xff, 0xff, 0xff, 0xff, 0xf8,
    0x00, 0x00, 0x00, 0x0e, 0xff, 0xff, 0xff, 0xff,
    0xff, 0xff, 0xff, 0xff, 0xf9, 0x00, 0x00, 0x00,
    0x07, 0xff, 0xff, 0xff, 0xff, 0xff, 0xff, 0xff,
    0xff, 0xf6, 0x00, 0x00, 0x00, 0x00, 0x8f, 0xff,
    0xff, 0xff, 0xff, 0xff, 0xff, 0xff, 0xb2, 0x00,
    0x00, 0x00, 0x00, 0x00, 0x28, 0xdf, 0xff, 0xff,
    0xff, 0xff, 0xd8, 0x20, 0x00, 0x00, 0x00, 0x00,
    0x00, 0x00, 0x00, 0x13, 0x67, 0x77, 0x64, 0x10,
    0x00, 0x00, 0x00, 0x00, 0x00, 0x00,

    /* U+003A ":" */
    0x00, 0x5c, 0xfe, 0xa2, 0x00, 0x08, 0xff, 0xff,
    0xfe, 0x20, 0x2f, 0xff, 0xff, 0xff, 0xa0, 0x6f,
    0xff, 0xff, 0xff, 0xf0, 0x7f, 0xff, 0xff, 0xff,
    0xf0, 0x4f, 0xff, 0xff, 0xff, 0xd0, 0x0d, 0xff,
    0xff, 0xff, 0x60, 0x02, 0xdf, 0xff, 0xf8, 0x00,
    0x00, 0x05, 0x87, 0x20, 0x00, 0x00, 0x00, 0x00,
    0x00, 0x00, 0x00, 0x00, 0x00, 0x00, 0x00, 0x00,
    0x00, 0x00, 0x00, 0x00, 0x00, 0x00, 0x00, 0x00,
    0x00, 0x00, 0x00, 0x00, 0x00, 0x00, 0x00, 0x00,
    0x00, 0x00, 0x00, 0x00, 0x05, 0x77, 0x20, 0x00,
    0x02, 0xdf, 0xff, 0xf9, 0x00, 0x0d, 0xff, 0xff,
    0xff, 0x70, 0x5f, 0xff, 0xff, 0xff, 0xd0, 0x7f,
    0xff, 0xff, 0xff, 0xf0, 0x6f, 0xff, 0xff, 0xff,
    0xf0, 0x2f, 0xff, 0xff, 0xff, 0xa0, 0x07, 0xff,
    0xff, 0xfe, 0x10, 0x00, 0x5c, 0xfe, 0xa1, 0x00,

    /* U+003B ";" */
    0x00, 0x5c, 0xfe, 0xa2, 0x00, 0x08, 0xff, 0xff,
    0xfe, 0x20, 0x2f, 0xff, 0xff, 0xff, 0xa0, 0x6f,
    0xff, 0xff, 0xff, 0xf0, 0x7f, 0xff, 0xff, 0xff,
    0xf0, 0x4f, 0xff, 0xff, 0xff, 0xd0, 0x0d, 0xff,
    0xff, 0xff, 0x60, 0x02, 0xdf, 0xff, 0xf8, 0x00,
    0x00, 0x05, 0x87, 0x20, 0x00, 0x00, 0x00, 0x00,
    0x00, 0x00, 0x00, 0x00, 0x00, 0x00, 0x00, 0x00,
    0x00, 0x00, 0x00, 0x00, 0x00, 0x00, 0x00, 0x00,
    0x00, 0x00, 0x00, 0x00, 0x00, 0x00, 0x00, 0x00,
    0x00, 0x00, 0x00, 0x00, 0x00, 0x00, 0x00, 0x00,
    0x00, 0x5c, 0xfe, 0xa2, 0x00, 0x08, 0xff, 0xff,
    0xff, 0x20, 0x2f, 0xff, 0xff, 0xff, 0xb0, 0x6f,
    0xff, 0xff, 0xff, 0xf0, 0x6f, 0xff, 0xff, 0xff,
    0xf0, 0x4f, 0xff, 0xff, 0xff, 0xd0, 0x0c, 0xff,
    0xff, 0xff, 0xa0, 0x01, 0xcf, 0xff, 0xff, 0x40,
    0x00, 0x4f, 0xff, 0xfe, 0x00, 0x00, 0x8f, 0xff,
    0xf7, 0x00, 0x00, 0xcf, 0xff, 0xf1, 0x00, 0x01,
    0xff, 0xff, 0xb0, 0x00, 0x05, 0xff, 0xff, 0x40,
    0x00, 0x0a, 0xff, 0xfe, 0x00, 0x00, 0x0d, 0xff,
    0xf7, 0x00, 0x00,

    /* U+003C "<" */
    0x00, 0x00, 0x00, 0x00, 0x00, 0x00, 0x00, 0x00,
    0x00, 0x00, 0x00, 0x00, 0x00, 0x00, 0x00, 0x00,
    0x00, 0x00, 0x00, 0x00, 0x05, 0xba, 0x00, 0x00,
    0x00, 0x00, 0x00, 0x00, 0x00, 0x00, 0x39, 0xff,
    0xfa, 0x00, 0x00, 0x00, 0x00, 0x00, 0x00, 0x01,
    0x7d, 0xff, 0xff, 0xfa, 0x00, 0x00, 0x00, 0x00,
    0x00, 0x05, 0xbf, 0xff, 0xff, 0xff, 0xfa, 0x00,
    0x00, 0x00, 0x00, 0x29, 0xef, 0xff, 0xff, 0xff,
    0xff, 0xfa, 0x00, 0x00, 0x01, 0x6c, 0xff, 0xff,
    0xff, 0xff, 0xff, 0xff, 0xb4, 0x00, 0x04, 0xaf,
    0xff, 0xff, 0xff, 0xff, 0xff, 0xfc, 0x61, 0x00,
    0x18, 0xef, 0xff, 0xff, 0xff, 0xff, 0xff, 0xe8,
    0x20, 0x00, 0x00, 0x4f, 0xff, 0xff, 0xff, 0xff,
    0xff, 0x94, 0x00, 0x00, 0x00, 0x00, 0x4f, 0xff,
    0xff, 0xff, 0xfb, 0x50, 0x00, 0x00, 0x00, 0x00,
    0x00, 0x4f, 0xff, 0xff, 0xfa, 0x10, 0x00, 0x00,
    0x00, 0x00, 0x00, 0x00, 0x4f, 0xff, 0xff, 0xff,
    0xd7, 0x10, 0x00, 0x00, 0x00, 0x00, 0x00, 0x4f,
    0xff, 0xff, 0xff, 0xff, 0xfb, 0x60, 0x00, 0x00,
    0x00, 0x00, 0x2c, 0xff, 0xff, 0xff, 0xff, 0xff,
    0xff, 0xa4, 0x00, 0x00, 0x00, 0x00, 0x28, 0xef,
    0xff, 0xff, 0xff, 0xff, 0xff, 0xe9, 0x30, 0x00,
    0x00, 0x00, 0x04, 0xaf, 0xff, 0xff, 0xff, 0xff,
    0xff, 0xfd, 0x71, 0x00, 0x00, 0x00, 0x01, 0x6c,
    0xff, 0xff, 0xff, 0xff, 0xff, 0xfa, 0x00, 0x00,
    0x00, 0x00, 0x00, 0x29, 0xef, 0xff, 0xff, 0xff,
    0xfa, 0x00, 0x00, 0x00, 0x00, 0x00, 0x00, 0x05,
    0xbf, 0xff, 0xff, 0xfa, 0x00, 0x00, 0x00, 0x00,
    0x00, 0x00, 0x00, 0x01, 0x7d, 0xff, 0xfa, 0x00,
    0x00, 0x00, 0x00, 0x00, 0x00, 0x00, 0x00, 0x00,
    0x39, 0xfa, 0x00, 0x00, 0x00, 0x00, 0x00, 0x00,
    0x00, 0x00, 0x00, 0x00, 0x03,

    /* U+003D "=" */
    0x4f, 0xff, 0xff, 0xff, 0xff, 0xff, 0xff, 0xff,
    0xff, 0xff, 0xfa, 0x4f, 0xff, 0xff, 0xff, 0xff,
    0xff, 0xff, 0xff, 0xff, 0xff, 0xfa, 0x4f, 0xff,
    0xff, 0xff, 0xff, 0xff, 0xff, 0xff, 0xff, 0xff,
    0xfa, 0x4f, 0xff, 0xff, 0xff, 0xff, 0xff, 0xff,
    0xff, 0xff, 0xff, 0xfa, 0x4f, 0xff, 0xff, 0xff,
    0xff, 0xff, 0xff, 0xff, 0xff, 0xff, 0xfa, 0x16,
    0x66, 0x66, 0x66, 0x66, 0x66, 0x66, 0x66, 0x66,
    0x66, 0x64, 0x00, 0x00, 0x00, 0x00, 0x00, 0x00,
    0x00, 0x00, 0x00, 0x00, 0x00, 0x00, 0x00, 0x00,
    0x00, 0x00, 0x00, 0x00, 0x00, 0x00, 0x00, 0x00,
    0x00, 0x00, 0x00, 0x00, 0x00, 0x00, 0x00, 0x00,
    0x00, 0x00, 0x00, 0x00, 0x00, 0x00, 0x00, 0x00,
    0x00, 0x00, 0x00, 0x00, 0x00, 0x00, 0x00, 0x00,
    0x00, 0x00, 0x00, 0x00, 0x00, 0x00, 0x00, 0x00,
    0x00, 0x4f, 0xff, 0xff, 0xff, 0xff, 0xff, 0xff,
    0xff, 0xff, 0xff, 0xfa, 0x4f, 0xff, 0xff, 0xff,
    0xff, 0xff, 0xff, 0xff, 0xff, 0xff, 0xfa, 0x4f,
    0xff, 0xff, 0xff, 0xff, 0xff, 0xff, 0xff, 0xff,
    0xff, 0xfa, 0x4f, 0xff, 0xff, 0xff, 0xff, 0xff,
    0xff, 0xff, 0xff, 0xff, 0xfa, 0x4f, 0xff, 0xff,
    0xff, 0xff, 0xff, 0xff, 0xff, 0xff, 0xff, 0xfa,
    0x15, 0x55, 0x55, 0x55, 0x55, 0x55, 0x55, 0x55,
    0x55, 0x55, 0x53,

    /* U+003E ">" */
    0x00, 0x00, 0x00, 0x00, 0x00, 0x00, 0x00, 0x00,
    0x00, 0x00, 0x00, 0x4e, 0x82, 0x00, 0x00, 0x00,
    0x00, 0x00, 0x00, 0x00, 0x00, 0x00, 0x4f, 0xff,
    0xc6, 0x00, 0x00, 0x00, 0x00, 0x00, 0x00, 0x00,
    0x00, 0x4f, 0xff, 0xff, 0xf9, 0x30, 0x00, 0x00,
    0x00, 0x00, 0x00, 0x00, 0x4f, 0xff, 0xff, 0xff,
    0xfd, 0x71, 0x00, 0x00, 0x00, 0x00, 0x00, 0x4f,
    0xff, 0xff, 0xff, 0xff, 0xff, 0xb5, 0x00, 0x00,
    0x00, 0x00, 0x18, 0xef, 0xff, 0xff, 0xff, 0xff,
    0xff, 0xe9, 0x30, 0x00, 0x00, 0x00, 0x04, 0xaf,
    0xff, 0xff, 0xff, 0xff, 0xff, 0xfd, 0x71, 0x00,
    0x00, 0x00, 0x00, 0x6b, 0xff, 0xff, 0xff, 0xff,
    0xff, 0xff, 0xa3, 0x00, 0x00, 0x00, 0x00, 0x17,
    0xdf, 0xff, 0xff, 0xff, 0xff, 0xfa, 0x00, 0x00,
    0x00, 0x00, 0x00, 0x03, 0x9e, 0xff, 0xff, 0xff,
    0xfa, 0x00, 0x00, 0x00, 0x00, 0x00, 0x00, 0x00,
    0x6f, 0xff, 0xff, 0xfa, 0x00, 0x00, 0x00, 0x00,
    0x00, 0x00, 0x5b, 0xff, 0xff, 0xff, 0xfa, 0x00,
    0x00, 0x00, 0x00, 0x03, 0x9e, 0xff, 0xff, 0xff,
    0xff, 0xfa, 0x00, 0x00, 0x00, 0x28, 0xdf, 0xff,
    0xff, 0xff, 0xff, 0xff, 0xe6, 0x00, 0x01, 0x6c,
    0xff, 0xff, 0xff, 0xff, 0xff, 0xff, 0xa4, 0x00,
    0x05, 0xbf, 0xff, 0xff, 0xff, 0xff, 0xff, 0xfd,
    0x71, 0x00, 0x00, 0x4f, 0xff, 0xff, 0xff, 0xff,
    0xff, 0xe9, 0x30, 0x00, 0x00, 0x00, 0x4f, 0xff,
    0xff, 0xff, 0xff, 0xb5, 0x00, 0x00, 0x00, 0x00,
    0x00, 0x4f, 0xff, 0xff, 0xfd, 0x71, 0x00, 0x00,
    0x00, 0x00, 0x00, 0x00, 0x4f, 0xff, 0xfa, 0x30,
    0x00, 0x00, 0x00, 0x00, 0x00, 0x00, 0x00, 0x4f,
    0xc6, 0x00, 0x00, 0x00, 0x00, 0x00, 0x00, 0x00,
    0x00, 0x00, 0x12, 0x00, 0x00, 0x00, 0x00, 0x00,
    0x00, 0x00, 0x00, 0x00, 0x00,

    /* U+003F "?" */
    0x00, 0x00, 0x00, 0x00, 0x01, 0x46, 0x77, 0x65,
    0x30, 0x00, 0x00, 0x00, 0x00, 0x00, 0x00, 0x02,
    0x9d, 0xff, 0xff, 0xff, 0xff, 0xfc, 0x70, 0x00,
    0x00, 0x00, 0x00, 0x1a, 0xff, 0xff, 0xff, 0xff,
    0xff, 0xff, 0xff, 0xe5, 0x00, 0x00, 0x00, 0x5f,
    0xff, 0xff, 0xff, 0xff, 0xff, 0xff, 0xff, 0xff,
    0xf8, 0x00, 0x00, 0x7f, 0xff, 0xff, 0xff, 0xff,
    0xff, 0xff, 0xff, 0xff, 0xff, 0xf5, 0x00, 0x5f,
    0xff, 0xff, 0xff, 0xff, 0xff, 0xff, 0xff, 0xff,
    0xff, 0xff, 0xe0, 0x0a, 0xff, 0xff, 0xff, 0xfe,
    0x86, 0x45, 0x8e, 0xff, 0xff, 0xff, 0xff, 0x40,
    0x04, 0xdf, 0xff, 0xf6, 0x00, 0x00, 0x00, 0x09,
    0xff, 0xff, 0xff, 0xf7, 0x00, 0x00, 0x7f, 0xf3,
    0x00, 0x00, 0x00, 0x00, 0x0d, 0xff, 0xff, 0xff,
    0x80, 0x00, 0x00, 0x13, 0x00, 0x00, 0x00, 0x00,
    0x00, 0xaf, 0xff, 0xff, 0xf7, 0x00, 0x00, 0x00,
    0x00, 0x00, 0x00, 0x00, 0x00, 0x0b, 0xff, 0xff,
    0xff, 0x50, 0x00, 0x00, 0x00, 0x00, 0x00, 0x00,
    0x00, 0x02, 0xff, 0xff, 0xff, 0xf1, 0x00, 0x00,
    0x00, 0x00, 0x00, 0x00, 0x00, 0x01, 0xdf, 0xff,
    0xff, 0xf9, 0x00, 0x00, 0x00, 0x00, 0x00, 0x00,
    0x00, 0x01, 0xdf, 0xff, 0xff, 0xfe, 0x10, 0x00,
    0x00, 0x00, 0x00, 0x00, 0x00, 0x02, 0xdf, 0xff,
    0xff, 0xfe, 0x20, 0x00, 0x00, 0x00, 0x00, 0x00,
    0x00, 0x02, 0xef, 0xff, 0xff, 0xfe, 0x20, 0x00,
    0x00, 0x00, 0x00, 0x00, 0x00, 0x00, 0xdf, 0xff,
    0xff, 0xfd, 0x10, 0x00, 0x00, 0x00, 0x00, 0x00,
    0x00, 0x00, 0x8f, 0xff, 0xff, 0xfc, 0x10, 0x00,
    0x00, 0x00, 0x00, 0x00, 0x00, 0x00, 0x0f, 0xff,
    0xff, 0xfe, 0x10, 0x00, 0x00, 0x00, 0x00, 0x00,
    0x00, 0x00, 0x04, 0xff, 0xff, 0xff, 0x70, 0x00,
    0x00, 0x00, 0x00, 0x00, 0x00, 0x00, 0x00, 0x6f,
    0xff, 0xff, 0xf4, 0x00, 0x00, 0x00, 0x00, 0x00,
    0x00, 0x00, 0x00, 0x00, 0x00, 0x00, 0x00, 0x00,
    0x00, 0x00, 0x00, 0x00, 0x00, 0x00, 0x00, 0x00,
    0x00, 0x00, 0x00, 0x00, 0x00, 0x00, 0x00, 0x00,
    0x00, 0x00, 0x00, 0x00, 0x00, 0x00, 0x00, 0x00,
    0x00, 0x00, 0x00, 0x00, 0x00, 0x00, 0x00, 0x00,
    0x00, 0x03, 0xbd, 0xd9, 0x20, 0x00, 0x00, 0x00,
    0x00, 0x00, 0x00, 0x00, 0x00, 0x06, 0xff, 0xff,
    0xff, 0x30, 0x00, 0x00, 0x00, 0x00, 0x00, 0x00,
    0x00, 0x00, 0xff, 0xff, 0xff, 0xfc, 0x00, 0x00,
    0x00, 0x00, 0x00, 0x00, 0x00, 0x00, 0x4f, 0xff,
    0xff, 0xff, 0xf0, 0x00, 0x00, 0x00, 0x00, 0x00,
    0x00, 0x00, 0x04, 0xff, 0xff, 0xff, 0xff, 0x00,
    0x00, 0x00, 0x00, 0x00, 0x00, 0x00, 0x00, 0x0f,
    0xff, 0xff, 0xff, 0xc0, 0x00, 0x00, 0x00, 0x00,
    0x00, 0x00, 0x00, 0x00, 0x6f, 0xff, 0xff, 0xf3,
    0x00, 0x00, 0x00, 0x00, 0x00, 0x00, 0x00, 0x00,
    0x00, 0x5c, 0xff, 0xb3, 0x00, 0x00, 0x00, 0x00,

    /* U+0040 "@" */
    0x00, 0x00, 0x00, 0x00, 0x00, 0x00, 0x00, 0x00,
    0x01, 0x46, 0x77, 0x77, 0x64, 0x10, 0x00, 0x00,
    0x00, 0x00, 0x00, 0x00, 0x00, 0x00, 0x00, 0x00,
    0x00, 0x00, 0x00, 0x00, 0x16, 0xbe, 0xff, 0xff,
    0xff, 0xff, 0xff, 0xea, 0x51, 0x00, 0x00, 0x00,
    0x00, 0x00, 0x00, 0x00, 0x00, 0x00, 0x00, 0x00,
    0x03, 0xaf, 0xff, 0xff, 0xff, 0xff, 0xff, 0xff,
    0xff, 0xff, 0xf9, 0x20, 0x00, 0x00, 0x00, 0x00,
    0x00, 0x00, 0x00, 0x00, 0x00, 0x1a, 0xff, 0xff,
    0xff, 0xff, 0xff, 0xff, 0xff, 0xff, 0xff, 0xff,
    0xff, 0xa1, 0x00, 0x00, 0x00, 0x00, 0x00, 0x00,
    0x00, 0x00, 0x5f, 0xff, 0xff, 0xff, 0xff, 0xfd,
    0xcb, 0xbc, 0xdf, 0xff, 0xff, 0xff, 0xff, 0xe5,
    0x00, 0x00, 0x00, 0x00, 0x00, 0x00, 0x00, 0x9f,
    0xff, 0xff, 0xff, 0xd7, 0x30, 0x00, 0x00, 0x00,
    0x02, 0x6b, 0xff, 0xff, 0xff, 0xf8, 0x00, 0x00,
    0x00, 0x00, 0x00, 0x00, 0xaf, 0xff, 0xff, 0xfb,
    0x40, 0x00, 0x00, 0x00, 0x00, 0x00, 0x00, 0x02,
    0x9f, 0xff, 0xff, 0xf9, 0x00, 0x00, 0x00, 0x00,
    0x00, 0x9f, 0xff, 0xff, 0xe5, 0x00, 0x00, 0x00,
    0x00, 0x00, 0x00, 0x00, 0x00, 0x00, 0x2c, 0xff,
    0xff, 0xf7, 0x00, 0x00, 0x00, 0x00, 0x6f, 0xff,
    0xff, 0xd2, 0x00, 0x00, 0x00, 0x00, 0x00, 0x00,
    0x00, 0x00, 0x00, 0x00, 0x09, 0xff, 0xff, 0xf4,
    0x00, 0x00, 0x00, 0x2f, 0xff, 0xff, 0xd1, 0x00,
    0x00, 0x00, 0x00, 0x00, 0x00, 0x00, 0x00, 0x00,
    0x00, 0x00, 0x09, 0xff, 0xff, 0xe0, 0x00, 0x00,
    0x0b, 0xff, 0xff, 0xe1, 0x00, 0x00, 0x00, 0x4a,
    0xdf, 0xfe, 0xb7, 0x10, 0x0a, 0xbb, 0xbb, 0xb0,
    0x0a, 0xff, 0xff, 0x80, 0x00, 0x03, 0xff, 0xff,
    0xf5, 0x00, 0x00, 0x03, 0xdf, 0xff, 0xff, 0xff,
    0xff, 0x70, 0xff, 0xff, 0xff, 0x00, 0x1e, 0xff,
    0xff, 0x10, 0x00, 0xaf, 0xff, 0xfa, 0x00, 0x00,
    0x06, 0xff, 0xff, 0xff, 0xff, 0xff, 0xff, 0xaf,
    0xff, 0xff, 0xf0, 0x00, 0x6f, 0xff, 0xf7, 0x00,
    0x1f, 0xff, 0xff, 0x20, 0x00, 0x06, 0xff, 0xff,
    0xff, 0xff, 0xff, 0xff, 0xff, 0xff, 0xff, 0xff,
    0x00, 0x00, 0xdf, 0xff, 0xd0, 0x06, 0xff, 0xff,
    0xb0, 0x00, 0x02, 0xff, 0xff, 0xff, 0xff, 0xff,
    0xff, 0xff, 0xff, 0xff, 0xff, 0xf0, 0x00, 0x07,
    0xff, 0xff, 0x20, 0xaf, 0xff, 0xf6, 0x00, 0x00,
    0xbf, 0xff, 0xff, 0xfe, 0x83, 0x23, 0x6d, 0xff,
    0xff, 0xff, 0xff, 0x00, 0x00, 0x2f, 0xff, 0xf6,
    0x0e, 0xff, 0xff, 0x10, 0x00, 0x2f, 0xff, 0xff,
    0xfd, 0x10, 0x00, 0x00, 0x0a, 0xff, 0xff, 0xff,
    0xf0, 0x00, 0x00, 0xff, 0xff, 0x90, 0xff, 0xff,
    0xe0, 0x00, 0x07, 0xff, 0xff, 0xff, 0x20, 0x00,
    0x00, 0x00, 0x0c, 0xff, 0xff, 0xff, 0x00, 0x00,
    0x0c, 0xff, 0xfb, 0x2f, 0xff, 0xfc, 0x00, 0x00,
    0xaf, 0xff, 0xff, 0x90, 0x00, 0x00, 0x00, 0x00,
    0x5f, 0xff, 0xff, 0xf0, 0x00, 0x00, 0xbf, 0xff,
    0xc3, 0xff, 0xff, 0xb0, 0x00, 0x0d, 0xff, 0xff,
    0xf5, 0x00, 0x00, 0x00, 0x00, 0x00, 0xff, 0xff,
    0xff, 0x00, 0x00, 0x0a, 0xff, 0xfd, 0x4f, 0xff,
    0xfa, 0x00, 0x00, 0xef, 0xff, 0xff, 0x30, 0x00,
    0x00, 0x00, 0x00, 0x0e, 0xff, 0xff, 0xf0, 0x00,
    0x00, 0xaf, 0xff, 0xc3, 0xff, 0xff, 0xa0, 0x00,
    0x0e, 0xff, 0xff, 0xf2, 0x00, 0x00, 0x00, 0x00,
    0x00, 0xef, 0xff, 0xff, 0x00, 0x00, 0x0b, 0xff,
    0xfb, 0x3f, 0xff, 0xfb, 0x00, 0x00, 0xdf, 0xff,
    0xff, 0x40, 0x00, 0x00, 0x00, 0x00, 0x0f, 0xff,
    0xff, 0xf0, 0x00, 0x00, 0xcf, 0xff, 0xa1, 0xff,
    0xff, 0xd0, 0x00, 0x0a, 0xff, 0xff, 0xf8, 0x00,
    0x00, 0x00, 0x00, 0x04, 0xff, 0xff, 0xff, 0x00,
    0x00, 0x0e, 0xff, 0xf7, 0x0f, 0xff, 0xff, 0x00,
    0x00, 0x6f, 0xff, 0xff, 0xe0, 0x00, 0x00, 0x00,
    0x00, 0xaf, 0xff, 0xff, 0xf0, 0x00, 0x03, 0xff,
    0xff, 0x40, 0xcf, 0xff, 0xf4, 0x00, 0x01, 0xff,
    0xff, 0xff, 0xa0, 0x00, 0x00, 0x00, 0x6f, 0xff,
    0xff, 0xff, 0x20, 0x00, 0x9f, 0xff, 0xf0, 0x08,
    0xff, 0xff, 0x90, 0x00, 0x0a, 0xff, 0xff, 0xff,
    0xc4, 0x00, 0x02, 0xaf, 0xff, 0xff, 0xff, 0xfa,
    0x00, 0x5f, 0xff, 0xf9, 0x00, 0x3f, 0xff, 0xfe,
    0x00, 0x00, 0x1f, 0xff, 0xff, 0xff, 0xff, 0xde,
    0xff, 0xff, 0xff, 0xff, 0xff, 0xff, 0xef, 0xff,
    0xff, 0x20, 0x00, 0xdf, 0xff, 0xf6, 0x00, 0x00,
    0x5f, 0xff, 0xff, 0xff, 0xff, 0xff, 0xff, 0xf9,
    0xff, 0xff, 0xff, 0xff, 0xff, 0xff, 0x70, 0x00,
    0x06, 0xff, 0xff, 0xe0, 0x00, 0x00, 0x5f, 0xff,
    0xff, 0xff, 0xff, 0xff, 0xfa, 0x07, 0xff, 0xff,
    0xff, 0xff, 0xff, 0xa0, 0x00, 0x00, 0x0e, 0xff,
    0xff, 0x90, 0x00, 0x00, 0x3c, 0xff, 0xff, 0xff,
    0xff, 0xf7, 0x00, 0x09, 0xff, 0xff, 0xff, 0xff,
    0x80, 0x00, 0x00, 0x00, 0x6f, 0xff, 0xff, 0x60,
    0x00, 0x00, 0x04, 0x9d, 0xff, 0xec, 0x71, 0x00,
    0x00, 0x03, 0xad, 0xfe, 0xd8, 0x20, 0x00, 0x00,
    0x00, 0x00, 0xbf, 0xff, 0xff, 0x50, 0x00, 0x00,
    0x00, 0x00, 0x00, 0x00, 0x00, 0x00, 0x00, 0x00,
    0x00, 0x00, 0x00, 0x00, 0x00, 0x00, 0x00, 0x01,
    0xef, 0xff, 0xff, 0x70, 0x00, 0x00, 0x00, 0x00,
    0x00, 0x00, 0x00, 0x00, 0x00, 0x00, 0x00, 0x00,
    0x00, 0x00, 0x00, 0x00, 0x00, 0x03, 0xff, 0xff,
    0xff, 0xc3, 0x00, 0x00, 0x00, 0x00, 0x00, 0x00,
    0x00, 0x00, 0x10, 0x00, 0x00, 0x00, 0x00, 0x00,
    0x00, 0x00, 0x00, 0x03, 0xef, 0xff, 0xff, 0xfb,
    0x40, 0x00, 0x00, 0x00, 0x00, 0x00, 0x16, 0xdc,
    0x00, 0x00, 0x00, 0x00, 0x00, 0x00, 0x00, 0x00,
    0x00, 0x02, 0xdf, 0xff, 0xff, 0xff, 0xfb, 0x85,
    0x43, 0x44, 0x69, 0xcf, 0xff, 0xf1, 0x00, 0x00,
    0x00, 0x00, 0x00, 0x00, 0x00, 0x00, 0x00, 0x00,
    0x9f, 0xff, 0xff, 0xff, 0xff, 0xff, 0xff, 0xff,
    0xff, 0xff, 0xff, 0x60, 0x00, 0x00, 0x00, 0x00,
    0x00, 0x00, 0x00, 0x00, 0x00, 0x00, 0x3b, 0xff,
    0xff, 0xff, 0xff, 0xff, 0xff, 0xff, 0xff, 0xff,
    0xfc, 0x00, 0x00, 0x00, 0x00, 0x00, 0x00, 0x00,
    0x00, 0x00, 0x00, 0x00, 0x02, 0x9e, 0xff, 0xff,
    0xff, 0xff, 0xff, 0xff, 0xff, 0xd7, 0x10, 0x00,
    0x00, 0x00, 0x00, 0x00, 0x00, 0x00, 0x00, 0x00,
    0x00, 0x00, 0x00, 0x03, 0x7a, 0xce, 0xff, 0xfe,
    0xdb, 0x85, 0x10, 0x00, 0x00, 0x00, 0x00, 0x00,
    0x00, 0x00,

    /* U+0041 "A" */
    0x00, 0x00, 0x00, 0x00, 0x00, 0x00, 0x00, 0xef,
    0xff, 0xff, 0xf9, 0x00, 0x00, 0x00, 0x00, 0x00,
    0x00, 0x00, 0x00, 0x00, 0x00, 0x00, 0x00, 0x00,
    0x05, 0xff, 0xff, 0xff, 0xff, 0x10, 0x00, 0x00,
    0x00, 0x00, 0x00, 0x00, 0x00, 0x00, 0x00, 0x00,
    0x00, 0x00, 0x0c, 0xff, 0xff, 0xff, 0xff, 0x70,
    0x00, 0x00, 0x00, 0x00, 0x00, 0x00, 0x00, 0x00,
    0x00, 0x00, 0x00, 0x00, 0x3f, 0xff, 0xff, 0xff,
    0xff, 0xe0, 0x00, 0x00, 0x00, 0x00, 0x00, 0x00,
    0x00, 0x00, 0x00, 0x00, 0x00, 0x00, 0xaf, 0xff,
    0xff, 0xff, 0xff, 0xf5, 0x00, 0x00, 0x00, 0x00,
    0x00, 0x00, 0x00, 0x00, 0x00, 0x00, 0x00, 0x01,
    0xff, 0xff, 0xff, 0xff, 0xff, 0xfd, 0x00, 0x00,
    0x00, 0x00, 0x00, 0x00, 0x00, 0x00, 0x00, 0x00,
    0x00, 0x08, 0xff, 0xff, 0xff, 0xff, 0xff, 0xff,
    0x40, 0x00, 0x00, 0x00, 0x00, 0x00, 0x00, 0x00,
    0x00, 0x00, 0x00, 0x0f, 0xff, 0xff, 0xfb, 0xff,
    0xff, 0xff, 0xb0, 0x00, 0x00, 0x00, 0x00, 0x00,
    0x00, 0x00, 0x00, 0x00, 0x00, 0x6f, 0xff, 0xff,
    0xf3, 0xaf, 0xff, 0xff, 0xf2, 0x00, 0x00, 0x00,
    0x00, 0x00, 0x00, 0x00, 0x00, 0x00, 0x00, 0xdf,
    0xff, 0xff, 0xd0, 0x3f, 0xff, 0xff, 0xf9, 0x00,
    0x00, 0x00, 0x00, 0x00, 0x00, 0x00, 0x00, 0x00,
    0x05, 0xff, 0xff, 0xff, 0x60, 0x0c, 0xff, 0xff,
    0xff, 0x10, 0x00, 0x00, 0x00, 0x00, 0x00, 0x00,
    0x00, 0x00, 0x0c, 0xff, 0xff, 0xff, 0x00, 0x06,
    0xff, 0xff, 0xff, 0x70, 0x00, 0x00, 0x00, 0x00,
    0x00, 0x00, 0x00, 0x00, 0x3f, 0xff, 0xff, 0xf9,
    0x00, 0x00, 0xff, 0xff, 0xff, 0xe0, 0x00, 0x00,
    0x00, 0x00, 0x00, 0x00, 0x00, 0x00, 0xaf, 0xff,
    0xff, 0xf2, 0x00, 0x00, 0x9f, 0xff, 0xff, 0xf5,
    0x00, 0x00, 0x00, 0x00, 0x00, 0x00, 0x00, 0x01,
    0xff, 0xff, 0xff, 0xb0, 0x00, 0x00, 0x2f, 0xff,
    0xff, 0xfc, 0x00, 0x00, 0x00, 0x00, 0x00, 0x00,
    0x00, 0x08, 0xff, 0xff, 0xff, 0x50, 0x00, 0x00,
    0x0c, 0xff, 0xff, 0xff, 0x40, 0x00, 0x00, 0x00,
    0x00, 0x00, 0x00, 0x0e, 0xff, 0xff, 0xfe, 0x00,
    0x00, 0x00, 0x05, 0xff, 0xff, 0xff, 0xb0, 0x00,
    0x00, 0x00, 0x00, 0x00, 0x00, 0x6f, 0xff, 0xff,
    0xf7, 0x00, 0x00, 0x00, 0x00, 0xef, 0xff, 0xff,
    0xf2, 0x00, 0x00, 0x00, 0x00, 0x00, 0x00, 0xdf,
    0xff, 0xff, 0xf1, 0x00, 0x00, 0x00, 0x00, 0x8f,
    0xff, 0xff, 0xf9, 0x00, 0x00, 0x00, 0x00, 0x00,
    0x04, 0xff, 0xff, 0xff, 0xff, 0xff, 0xff, 0xff,
    0xff, 0xff, 0xff, 0xff, 0xff, 0x10, 0x00, 0x00,
    0x00, 0x00, 0x0b, 0xff, 0xff, 0xff, 0xff, 0xff,
    0xff, 0xff, 0xff, 0xff, 0xff, 0xff, 0xff, 0x70,
    0x00, 0x00, 0x00, 0x00, 0x3f, 0xff, 0xff, 0xff,
    0xff, 0xff, 0xff, 0xff, 0xff, 0xff, 0xff, 0xff,
    0xff, 0xe0, 0x00, 0x00, 0x00, 0x00, 0xaf, 0xff,
    0xff, 0xff, 0xff, 0xff, 0xff, 0xff, 0xff, 0xff,
    0xff, 0xff, 0xff, 0xf5, 0x00, 0x00, 0x00, 0x01,
    0xff, 0xff, 0xff, 0xff, 0xff, 0xff, 0xff, 0xff,
    0xff, 0xff, 0xff, 0xff, 0xff, 0xfc, 0x00, 0x00,
    0x00, 0x08, 0xff, 0xff, 0xff, 0xb6, 0x66, 0x66,
    0x66, 0x66, 0x66, 0x66, 0x6f, 0xff, 0xff, 0xff,
    0x40, 0x00, 0x00, 0x0e, 0xff, 0xff, 0xff, 0x20,
    0x00, 0x00, 0x00, 0x00, 0x00, 0x00, 0x09, 0xff,
    0xff, 0xff, 0xb0, 0x00, 0x00, 0x6f, 0xff, 0xff,
    0xfc, 0x00, 0x00, 0x00, 0x00, 0x00, 0x00, 0x00,
    0x03, 0xff, 0xff, 0xff, 0xf2, 0x00, 0x00, 0xdf,
    0xff, 0xff, 0xf5, 0x00, 0x00, 0x00, 0x00, 0x00,
    0x00, 0x00, 0x00, 0xcf, 0xff, 0xff, 0xf9, 0x00,
    0x04, 0xff, 0xff, 0xff, 0xe0, 0x00, 0x00, 0x00,
    0x00, 0x00, 0x00, 0x00, 0x00, 0x6f, 0xff, 0xff,
    0xff, 0x10, 0x0b, 0xff, 0xff, 0xff, 0x80, 0x00,
    0x00, 0x00, 0x00, 0x00, 0x00, 0x00, 0x00, 0x0e,
    0xff, 0xff, 0xff, 0x70, 0x2f, 0xff, 0xff, 0xff,
    0x10, 0x00, 0x00, 0x00, 0x00, 0x00, 0x00, 0x00,
    0x00, 0x08, 0xff, 0xff, 0xff, 0xe0,

    /* U+0042 "B" */
    0x5f, 0xff, 0xff, 0xff, 0xff, 0xff, 0xff, 0xff,
    0xfe, 0xda, 0x73, 0x00, 0x00, 0x00, 0x05, 0xff,
    0xff, 0xff, 0xff, 0xff, 0xff, 0xff, 0xff, 0xff,
    0xff, 0xfd, 0x50, 0x00, 0x00, 0x5f, 0xff, 0xff,
    0xff, 0xff, 0xff, 0xff, 0xff, 0xff, 0xff, 0xff,
    0xff, 0xa0, 0x00, 0x05, 0xff, 0xff, 0xff, 0xff,
    0xff, 0xff, 0xff, 0xff, 0xff, 0xff, 0xff, 0xff,
    0xb0, 0x00, 0x5f, 0xff, 0xff, 0xff, 0xff, 0xff,
    0xff, 0xff, 0xff, 0xff, 0xff, 0xff, 0xff, 0x60,
    0x05, 0xff, 0xff, 0xff, 0xd5, 0x55, 0x55, 0x55,
    0x67, 0xbf, 0xff, 0xff, 0xff, 0xfd, 0x00, 0x5f,
    0xff, 0xff, 0xfb, 0x00, 0x00, 0x00, 0x00, 0x00,
    0x2d, 0xff, 0xff, 0xff, 0xf2, 0x05, 0xff, 0xff,
    0xff, 0xb0, 0x00, 0x00, 0x00, 0x00, 0x00, 0x2f,
    0xff, 0xff, 0xff, 0x40, 0x5f, 0xff, 0xff, 0xfb,
    0x00, 0x00, 0x00, 0x00, 0x00, 0x00, 0xdf, 0xff,
    0xff, 0xf5, 0x05, 0xff, 0xff, 0xff, 0xb0, 0x00,
    0x00, 0x00, 0x00, 0x00, 0x0d, 0xff, 0xff, 0xff,
    0x30, 0x5f, 0xff, 0xff, 0xfb, 0x00, 0x00, 0x00,
    0x00, 0x00, 0x01, 0xff, 0xff, 0xff, 0xf0, 0x05,
    0xff, 0xff, 0xff, 0xb0, 0x00, 0x00, 0x00, 0x00,
    0x00, 0xbf, 0xff, 0xff, 0xfa, 0x00, 0x5f, 0xff,
    0xff, 0xfc, 0x22, 0x22, 0x22, 0x23, 0x48, 0xef,
    0xff, 0xff, 0xfe, 0x10, 0x05, 0xff, 0xff, 0xff,
    0xff, 0xff, 0xff, 0xff, 0xff, 0xff, 0xff, 0xff,
    0xff, 0x30, 0x00, 0x5f, 0xff, 0xff, 0xff, 0xff,
    0xff, 0xff, 0xff, 0xff, 0xff, 0xff, 0xfd, 0x20,
    0x00, 0x05, 0xff, 0xff, 0xff, 0xff, 0xff, 0xff,
    0xff, 0xff, 0xff, 0xff, 0xff, 0xe8, 0x00, 0x00,
    0x5f, 0xff, 0xff, 0xff, 0xff, 0xff, 0xff, 0xff,
    0xff, 0xff, 0xff, 0xff, 0xfe, 0x30, 0x05, 0xff,
    0xff, 0xff, 0xff, 0xff, 0xff, 0xff, 0xff, 0xff,
    0xff, 0xff, 0xff, 0xff, 0x30, 0x5f, 0xff, 0xff,
    0xfb, 0x00, 0x00, 0x00, 0x00, 0x01, 0x49, 0xff,
    0xff, 0xff, 0xfd, 0x05, 0xff, 0xff, 0xff, 0xb0,
    0x00, 0x00, 0x00, 0x00, 0x00, 0x02, 0xff, 0xff,
    0xff, 0xf5, 0x5f, 0xff, 0xff, 0xfb, 0x00, 0x00,
    0x00, 0x00, 0x00, 0x00, 0x08, 0xff, 0xff, 0xff,
    0xa5, 0xff, 0xff, 0xff, 0xb0, 0x00, 0x00, 0x00,
    0x00, 0x00, 0x00, 0x4f, 0xff, 0xff, 0xfd, 0x5f,
    0xff, 0xff, 0xfb, 0x00, 0x00, 0x00, 0x00, 0x00,
    0x00, 0x05, 0xff, 0xff, 0xff, 0xe5, 0xff, 0xff,
    0xff, 0xb0, 0x00, 0x00, 0x00, 0x00, 0x00, 0x00,
    0xaf, 0xff, 0xff, 0xfc, 0x5f, 0xff, 0xff, 0xfb,
    0x00, 0x00, 0x00, 0x00, 0x00, 0x00, 0x7f, 0xff,
    0xff, 0xff, 0xa5, 0xff, 0xff, 0xff, 0xd5, 0x55,
    0x55, 0x55, 0x56, 0x79, 0xef, 0xff, 0xff, 0xff,
    0xf5, 0x5f, 0xff, 0xff, 0xff, 0xff, 0xff, 0xff,
    0xff, 0xff, 0xff, 0xff, 0xff, 0xff, 0xfd, 0x05,
    0xff, 0xff, 0xff, 0xff, 0xff, 0xff, 0xff, 0xff,
    0xff, 0xff, 0xff, 0xff, 0xff, 0x30, 0x5f, 0xff,
    0xff, 0xff, 0xff, 0xff, 0xff, 0xff, 0xff, 0xff,
    0xff, 0xff, 0xfe, 0x30, 0x05, 0xff, 0xff, 0xff,
    0xff, 0xff, 0xff, 0xff, 0xff, 0xff, 0xff, 0xff,
    0xe7, 0x00, 0x00, 0x5f, 0xff, 0xff, 0xff, 0xff,
    0xff, 0xff, 0xff, 0xff, 0xed, 0xa8, 0x40, 0x00,
    0x00, 0x00,

    /* U+0043 "C" */
    0x00, 0x00, 0x00, 0x00, 0x00, 0x00, 0x01, 0x46,
    0x77, 0x76, 0x41, 0x00, 0x00, 0x00, 0x00, 0x00,
    0x00, 0x00, 0x00, 0x00, 0x02, 0x8d, 0xff, 0xff,
    0xff, 0xff, 0xfd, 0x82, 0x00, 0x00, 0x00, 0x00,
    0x00, 0x00, 0x00, 0x2a, 0xff, 0xff, 0xff, 0xff,
    0xff, 0xff, 0xff, 0xfa, 0x20, 0x00, 0x00, 0x00,
    0x00, 0x00, 0x8f, 0xff, 0xff, 0xff, 0xff, 0xff,
    0xff, 0xff, 0xff, 0xff, 0x70, 0x00, 0x00, 0x00,
    0x01, 0xbf, 0xff, 0xff, 0xff, 0xff, 0xff, 0xff,
    0xff, 0xff, 0xff, 0xff, 0xa0, 0x00, 0x00, 0x01,
    0xdf, 0xff, 0xff, 0xff, 0xff, 0xff, 0xff, 0xff,
    0xff, 0xff, 0xff, 0xff, 0xa0, 0x00, 0x00, 0xdf,
    0xff, 0xff, 0xff, 0xff, 0xfc, 0xa9, 0xab, 0xff,
    0xff, 0xff, 0xff, 0xf8, 0x00, 0x00, 0x9f, 0xff,
    0xff, 0xff, 0xfe, 0x61, 0x00, 0x00, 0x00, 0x4c,
    0xff, 0xff, 0xf7, 0x00, 0x00, 0x3f, 0xff, 0xff,
    0xff, 0xfb, 0x10, 0x00, 0x00, 0x00, 0x00, 0x06,
    0xff, 0xf6, 0x00, 0x00, 0x0b, 0xff, 0xff, 0xff,
    0xf9, 0x00, 0x00, 0x00, 0x00, 0x00, 0x00, 0x04,
    0xe5, 0x00, 0x00, 0x02, 0xff, 0xff, 0xff, 0xfc,
    0x00, 0x00, 0x00, 0x00, 0x00, 0x00, 0x00, 0x00,
    0x00, 0x00, 0x00, 0x8f, 0xff, 0xff, 0xff, 0x20,
    0x00, 0x00, 0x00, 0x00, 0x00, 0x00, 0x00, 0x00,
    0x00, 0x00, 0x0c, 0xff, 0xff, 0xff, 0xa0, 0x00,
    0x00, 0x00, 0x00, 0x00, 0x00, 0x00, 0x00, 0x00,
    0x00, 0x00, 0xff, 0xff, 0xff, 0xf5, 0x00, 0x00,
    0x00, 0x00, 0x00, 0x00, 0x00, 0x00, 0x00, 0x00,
    0x00, 0x2f, 0xff, 0xff, 0xff, 0x10, 0x00, 0x00,
    0x00, 0x00, 0x00, 0x00, 0x00, 0x00, 0x00, 0x00,
    0x03, 0xff, 0xff, 0xff, 0xf0, 0x00, 0x00, 0x00,
    0x00, 0x00, 0x00, 0x00, 0x00, 0x00, 0x00, 0x00,
    0x4f, 0xff, 0xff, 0xff, 0x00, 0x00, 0x00, 0x00,
    0x00, 0x00, 0x00, 0x00, 0x00, 0x00, 0x00, 0x03,
    0xff, 0xff, 0xff, 0xf0, 0x00, 0x00, 0x00, 0x00,
    0x00, 0x00, 0x00, 0x00, 0x00, 0x00, 0x00, 0x2f,
    0xff, 0xff, 0xff, 0x10, 0x00, 0x00, 0x00, 0x00,
    0x00, 0x00, 0x00, 0x00, 0x00, 0x00, 0x00, 0xff,
    0xff, 0xff, 0xf5, 0x00, 0x00, 0x00, 0x00, 0x00,
    0x00, 0x00, 0x00, 0x00, 0x00, 0x00, 0x0c, 0xff,
    0xff, 0xff, 0xa0, 0x00, 0x00, 0x00, 0x00, 0x00,
    0x00, 0x00, 0x00, 0x00, 0x00, 0x00, 0x8f, 0xff,
    0xff, 0xff, 0x20, 0x00, 0x00, 0x00, 0x00, 0x00,
    0x00, 0x00, 0x00, 0x00, 0x00, 0x02, 0xff, 0xff,
    0xff, 0xfc, 0x00, 0x00, 0x00, 0x00, 0x00, 0x00,
    0x00, 0x01, 0x00, 0x00, 0x00, 0x0b, 0xff, 0xff,
    0xff, 0xf9, 0x00, 0x00, 0x00, 0x00, 0x00, 0x00,
    0x04, 0xf5, 0x00, 0x00, 0x00, 0x2f, 0xff, 0xff,
    0xff, 0xfb, 0x10, 0x00, 0x00, 0x00, 0x00, 0x06,
    0xff, 0xf6, 0x00, 0x00, 0x00, 0x9f, 0xff, 0xff,
    0xff, 0xfe, 0x61, 0x00, 0x00, 0x00, 0x4c, 0xff,
    0xff, 0xf7, 0x00, 0x00, 0x00, 0xcf, 0xff, 0xff,
    0xff, 0xff, 0xfc, 0xa9, 0xab, 0xff, 0xff, 0xff,
    0xff, 0xf8, 0x00, 0x00, 0x01, 0xdf, 0xff, 0xff,
    0xff, 0xff, 0xff, 0xff, 0xff, 0xff, 0xff, 0xff,
    0xff, 0xa0, 0x00, 0x00, 0x01, 0xcf, 0xff, 0xff,
    0xff, 0xff, 0xff, 0xff, 0xff, 0xff, 0xff, 0xff,
    0xa0, 0x00, 0x00, 0x00, 0x00, 0x8f, 0xff, 0xff,
    0xff, 0xff, 0xff, 0xff, 0xff, 0xff, 0xff, 0x70,
    0x00, 0x00, 0x00, 0x00, 0x00, 0x2a, 0xff, 0xff,
    0xff, 0xff, 0xff, 0xff, 0xff, 0xfb, 0x20, 0x00,
    0x00, 0x00, 0x00, 0x00, 0x00, 0x02, 0x8d, 0xff,
    0xff, 0xff, 0xff, 0xfd, 0x82, 0x00, 0x00, 0x00,
    0x00, 0x00, 0x00, 0x00, 0x00, 0x00, 0x01, 0x46,
    0x77, 0x76, 0x41, 0x00, 0x00, 0x00, 0x00, 0x00,

    /* U+0044 "D" */
    0x5f, 0xff, 0xff, 0xff, 0xff, 0xff, 0xff, 0xff,
    0xec, 0xa7, 0x30, 0x00, 0x00, 0x00, 0x00, 0x00,
    0x5f, 0xff, 0xff, 0xff, 0xff, 0xff, 0xff, 0xff,
    0xff, 0xff, 0xfe, 0x71, 0x00, 0x00, 0x00, 0x00,
    0x5f, 0xff, 0xff, 0xff, 0xff, 0xff, 0xff, 0xff,
    0xff, 0xff, 0xff, 0xff, 0x70, 0x00, 0x00, 0x00,
    0x5f, 0xff, 0xff, 0xff, 0xff, 0xff, 0xff, 0xff,
    0xff, 0xff, 0xff, 0xff, 0xfc, 0x20, 0x00, 0x00,
    0x5f, 0xff, 0xff, 0xff, 0xff, 0xff, 0xff, 0xff,
    0xff, 0xff, 0xff, 0xff, 0xff, 0xe3, 0x00, 0x00,
    0x5f, 0xff, 0xff, 0xff, 0xdd, 0xdd, 0xdd, 0xde,
    0xff, 0xff, 0xff, 0xff, 0xff, 0xfe, 0x20, 0x00,
    0x5f, 0xff, 0xff, 0xfc, 0x00, 0x00, 0x00, 0x00,
    0x03, 0x8e, 0xff, 0xff, 0xff, 0xff, 0xd0, 0x00,
    0x5f, 0xff, 0xff, 0xfc, 0x00, 0x00, 0x00, 0x00,
    0x00, 0x00, 0x9f, 0xff, 0xff, 0xff, 0xf8, 0x00,
    0x5f, 0xff, 0xff, 0xfc, 0x00, 0x00, 0x00, 0x00,
    0x00, 0x00, 0x05, 0xff, 0xff, 0xff, 0xff, 0x10,
    0x5f, 0xff, 0xff, 0xfc, 0x00, 0x00, 0x00, 0x00,
    0x00, 0x00, 0x00, 0x7f, 0xff, 0xff, 0xff, 0x80,
    0x5f, 0xff, 0xff, 0xfc, 0x00, 0x00, 0x00, 0x00,
    0x00, 0x00, 0x00, 0x0c, 0xff, 0xff, 0xff, 0xd0,
    0x5f, 0xff, 0xff, 0xfc, 0x00, 0x00, 0x00, 0x00,
    0x00, 0x00, 0x00, 0x05, 0xff, 0xff, 0xff, 0xf2,
    0x5f, 0xff, 0xff, 0xfc, 0x00, 0x00, 0x00, 0x00,
    0x00, 0x00, 0x00, 0x00, 0xff, 0xff, 0xff, 0xf5,
    0x5f, 0xff, 0xff, 0xfc, 0x00, 0x00, 0x00, 0x00,
    0x00, 0x00, 0x00, 0x00, 0xcf, 0xff, 0xff, 0xf7,
    0x5f, 0xff, 0xff, 0xfc, 0x00, 0x00, 0x00, 0x00,
    0x00, 0x00, 0x00, 0x00, 0xaf, 0xff, 0xff, 0xf9,
    0x5f, 0xff, 0xff, 0xfc, 0x00, 0x00, 0x00, 0x00,
    0x00, 0x00, 0x00, 0x00, 0x9f, 0xff, 0xff, 0xf9,
    0x5f, 0xff, 0xff, 0xfc, 0x00, 0x00, 0x00, 0x00,
    0x00, 0x00, 0x00, 0x00, 0xaf, 0xff, 0xff, 0xf9,
    0x5f, 0xff, 0xff, 0xfc, 0x00, 0x00, 0x00, 0x00,
    0x00, 0x00, 0x00, 0x00, 0xcf, 0xff, 0xff, 0xf8,
    0x5f, 0xff, 0xff, 0xfc, 0x00, 0x00, 0x00, 0x00,
    0x00, 0x00, 0x00, 0x00, 0xff, 0xff, 0xff, 0xf5,
    0x5f, 0xff, 0xff, 0xfc, 0x00, 0x00, 0x00, 0x00,
    0x00, 0x00, 0x00, 0x05, 0xff, 0xff, 0xff, 0xf2,
    0x5f, 0xff, 0xff, 0xfc, 0x00, 0x00, 0x00, 0x00,
    0x00, 0x00, 0x00, 0x0c, 0xff, 0xff, 0xff, 0xe0,
    0x5f, 0xff, 0xff, 0xfc, 0x00, 0x00, 0x00, 0x00,
    0x00, 0x00, 0x00, 0x7f, 0xff, 0xff, 0xff, 0x80,
    0x5f, 0xff, 0xff, 0xfc, 0x00, 0x00, 0x00, 0x00,
    0x00, 0x00, 0x05, 0xff, 0xff, 0xff, 0xff, 0x10,
    0x5f, 0xff, 0xff, 0xfc, 0x00, 0x00, 0x00, 0x00,
    0x00, 0x00, 0x8f, 0xff, 0xff, 0xff, 0xf8, 0x00,
    0x5f, 0xff, 0xff, 0xfc, 0x00, 0x00, 0x00, 0x00,
    0x03, 0x8e, 0xff, 0xff, 0xff, 0xff, 0xd0, 0x00,
    0x5f, 0xff, 0xff, 0xff, 0xdd, 0xdd, 0xdd, 0xde,
    0xff, 0xff, 0xff, 0xff, 0xff, 0xfe, 0x20, 0x00,
    0x5f, 0xff, 0xff, 0xff, 0xff, 0xff, 0xff, 0xff,
    0xff, 0xff, 0xff, 0xff, 0xff, 0xe3, 0x00, 0x00,
    0x5f, 0xff, 0xff, 0xff, 0xff, 0xff, 0xff, 0xff,
    0xff, 0xff, 0xff, 0xff, 0xfd, 0x20, 0x00, 0x00,
    0x5f, 0xff, 0xff, 0xff, 0xff, 0xff, 0xff, 0xff,
    0xff, 0xff, 0xff, 0xff, 0x70, 0x00, 0x00, 0x00,
    0x5f, 0xff, 0xff, 0xff, 0xff, 0xff, 0xff, 0xff,
    0xff, 0xff, 0xfe, 0x71, 0x00, 0x00, 0x00, 0x00,
    0x5f, 0xff, 0xff, 0xff, 0xff, 0xff, 0xff, 0xff,
    0xed, 0xa7, 0x30, 0x00, 0x00, 0x00, 0x00, 0x00,

    /* U+0045 "E" */
    0x5f, 0xff, 0xff, 0xff, 0xff, 0xff, 0xff, 0xff,
    0xff, 0xff, 0xff, 0xfe, 0x05, 0xff, 0xff, 0xff,
    0xff, 0xff, 0xff, 0xff, 0xff, 0xff, 0xff, 0xff,
    0xe0, 0x5f, 0xff, 0xff, 0xff, 0xff, 0xff, 0xff,
    0xff, 0xff, 0xff, 0xff, 0xfe, 0x05, 0xff, 0xff,
    0xff, 0xff, 0xff, 0xff, 0xff, 0xff, 0xff, 0xff,
    0xff, 0xe0, 0x5f, 0xff, 0xff, 0xff, 0xff, 0xff,
    0xff, 0xff, 0xff, 0xff, 0xff, 0xfe, 0x05, 0xff,
    0xff, 0xff, 0xeb, 0xbb, 0xbb, 0xbb, 0xbb, 0xbb,
    0xbb, 0xbb, 0xa0, 0x5f, 0xff, 0xff, 0xfb, 0x00,
    0x00, 0x00, 0x00, 0x00, 0x00, 0x00, 0x00, 0x05,
    0xff, 0xff, 0xff, 0xb0, 0x00, 0x00, 0x00, 0x00,
    0x00, 0x00, 0x00, 0x00, 0x5f, 0xff, 0xff, 0xfb,
    0x00, 0x00, 0x00, 0x00, 0x00, 0x00, 0x00, 0x00,
    0x05, 0xff, 0xff, 0xff, 0xb0, 0x00, 0x00, 0x00,
    0x00, 0x00, 0x00, 0x00, 0x00, 0x5f, 0xff, 0xff,
    0xfb, 0x00, 0x00, 0x00, 0x00, 0x00, 0x00, 0x00,
    0x00, 0x05, 0xff, 0xff, 0xff, 0xb0, 0x00, 0x00,
    0x00, 0x00, 0x00, 0x00, 0x00, 0x00, 0x5f, 0xff,
    0xff, 0xfe, 0x88, 0x88, 0x88, 0x88, 0x88, 0x88,
    0x88, 0x00, 0x05, 0xff, 0xff, 0xff, 0xff, 0xff,
    0xff, 0xff, 0xff, 0xff, 0xff, 0xf0, 0x00, 0x5f,
    0xff, 0xff, 0xff, 0xff, 0xff, 0xff, 0xff, 0xff,
    0xff, 0xff, 0x00, 0x05, 0xff, 0xff, 0xff, 0xff,
    0xff, 0xff, 0xff, 0xff, 0xff, 0xff, 0xf0, 0x00,
    0x5f, 0xff, 0xff, 0xff, 0xff, 0xff, 0xff, 0xff,
    0xff, 0xff, 0xff, 0x00, 0x05, 0xff, 0xff, 0xff,
    0xff, 0xff, 0xff, 0xff, 0xff, 0xff, 0xff, 0xf0,
    0x00, 0x5f, 0xff, 0xff, 0xfb, 0x00, 0x00, 0x00,
    0x00, 0x00, 0x00, 0x00, 0x00, 0x05, 0xff, 0xff,
    0xff, 0xb0, 0x00, 0x00, 0x00, 0x00, 0x00, 0x00,
    0x00, 0x00, 0x5f, 0xff, 0xff, 0xfb, 0x00, 0x00,
    0x00, 0x00, 0x00, 0x00, 0x00, 0x00, 0x05, 0xff,
    0xff, 0xff, 0xb0, 0x00, 0x00, 0x00, 0x00, 0x00,
    0x00, 0x00, 0x00, 0x5f, 0xff, 0xff, 0xfb, 0x00,
    0x00, 0x00, 0x00, 0x00, 0x00, 0x00, 0x00, 0x05,
    0xff, 0xff, 0xff, 0xb0, 0x00, 0x00, 0x00, 0x00,
    0x00, 0x00, 0x00, 0x00, 0x5f, 0xff, 0xff, 0xfb,
    0x00, 0x00, 0x00, 0x00, 0x00, 0x00, 0x00, 0x00,
    0x05, 0xff, 0xff, 0xff, 0xeb, 0xbb, 0xbb, 0xbb,
    0xbb, 0xbb, 0xbb, 0xbb, 0xb5, 0x5f, 0xff, 0xff,
    0xff, 0xff, 0xff, 0xff, 0xff, 0xff, 0xff, 0xff,
    0xff, 0x85, 0xff, 0xff, 0xff, 0xff, 0xff, 0xff,
    0xff, 0xff, 0xff, 0xff, 0xff, 0xf8, 0x5f, 0xff,
    0xff, 0xff, 0xff, 0xff, 0xff, 0xff, 0xff, 0xff,
    0xff, 0xff, 0x85, 0xff, 0xff, 0xff, 0xff, 0xff,
    0xff, 0xff, 0xff, 0xff, 0xff, 0xff, 0xf8, 0x5f,
    0xff, 0xff, 0xff, 0xff, 0xff, 0xff, 0xff, 0xff,
    0xff, 0xff, 0xff, 0x80,

    /* U+0046 "F" */
    0x5f, 0xff, 0xff, 0xff, 0xff, 0xff, 0xff, 0xff,
    0xff, 0xff, 0xff, 0xfe, 0x5f, 0xff, 0xff, 0xff,
    0xff, 0xff, 0xff, 0xff, 0xff, 0xff, 0xff, 0xfe,
    0x5f, 0xff, 0xff, 0xff, 0xff, 0xff, 0xff, 0xff,
    0xff, 0xff, 0xff, 0xfe, 0x5f, 0xff, 0xff, 0xff,
    0xff, 0xff, 0xff, 0xff, 0xff, 0xff, 0xff, 0xfe,
    0x5f, 0xff, 0xff, 0xff, 0xff, 0xff, 0xff, 0xff,
    0xff, 0xff, 0xff, 0xfe, 0x5f, 0xff, 0xff, 0xff,
    0xbb, 0xbb, 0xbb, 0xbb, 0xbb, 0xbb, 0xbb, 0xba,
    0x5f, 0xff, 0xff, 0xfc, 0x00, 0x00, 0x00, 0x00,
    0x00, 0x00, 0x00, 0x00, 0x5f, 0xff, 0xff, 0xfc,
    0x00, 0x00, 0x00, 0x00, 0x00, 0x00, 0x00, 0x00,
    0x5f, 0xff, 0xff, 0xfc, 0x00, 0x00, 0x00, 0x00,
    0x00, 0x00, 0x00, 0x00, 0x5f, 0xff, 0xff, 0xfc,
    0x00, 0x00, 0x00, 0x00, 0x00, 0x00, 0x00, 0x00,
    0x5f, 0xff, 0xff, 0xfc, 0x00, 0x00, 0x00, 0x00,
    0x00, 0x00, 0x00, 0x00, 0x5f, 0xff, 0xff, 0xfc,
    0x00, 0x00, 0x00, 0x00, 0x00, 0x00, 0x00, 0x00,
    0x5f, 0xff, 0xff, 0xfc, 0x00, 0x00, 0x00, 0x00,
    0x00, 0x00, 0x00, 0x00, 0x5f, 0xff, 0xff, 0xfc,
    0x00, 0x00, 0x00, 0x00, 0x00, 0x00, 0x00, 0x00,
    0x5f, 0xff, 0xff, 0xff, 0xff, 0xff, 0xff, 0xff,
    0xff, 0xff, 0xff, 0x00, 0x5f, 0xff, 0xff, 0xff,
    0xff, 0xff, 0xff, 0xff, 0xff, 0xff, 0xff, 0x00,
    0x5f, 0xff, 0xff, 0xff, 0xff, 0xff, 0xff, 0xff,
    0xff, 0xff, 0xff, 0x00, 0x5f, 0xff, 0xff, 0xff,
    0xff, 0xff, 0xff, 0xff, 0xff, 0xff, 0xff, 0x00,
    0x5f, 0xff, 0xff, 0xff, 0xff, 0xff, 0xff, 0xff,
    0xff, 0xff, 0xff, 0x00, 0x5f, 0xff, 0xff, 0xff,
    0xbb, 0xbb, 0xbb, 0xbb, 0xbb, 0xbb, 0xbb, 0x00,
    0x5f, 0xff, 0xff, 0xfc, 0x00, 0x00, 0x00, 0x00,
    0x00, 0x00, 0x00, 0x00, 0x5f, 0xff, 0xff, 0xfc,
    0x00, 0x00, 0x00, 0x00, 0x00, 0x00, 0x00, 0x00,
    0x5f, 0xff, 0xff, 0xfc, 0x00, 0x00, 0x00, 0x00,
    0x00, 0x00, 0x00, 0x00, 0x5f, 0xff, 0xff, 0xfc,
    0x00, 0x00, 0x00, 0x00, 0x00, 0x00, 0x00, 0x00,
    0x5f, 0xff, 0xff, 0xfc, 0x00, 0x00, 0x00, 0x00,
    0x00, 0x00, 0x00, 0x00, 0x5f, 0xff, 0xff, 0xfc,
    0x00, 0x00, 0x00, 0x00, 0x00, 0x00, 0x00, 0x00,
    0x5f, 0xff, 0xff, 0xfc, 0x00, 0x00, 0x00, 0x00,
    0x00, 0x00, 0x00, 0x00, 0x5f, 0xff, 0xff, 0xfc,
    0x00, 0x00, 0x00, 0x00, 0x00, 0x00, 0x00, 0x00,
    0x5f, 0xff, 0xff, 0xfc, 0x00, 0x00, 0x00, 0x00,
    0x00, 0x00, 0x00, 0x00, 0x5f, 0xff, 0xff, 0xfc,
    0x00, 0x00, 0x00, 0x00, 0x00, 0x00, 0x00, 0x00,
    0x5f, 0xff, 0xff, 0xfc, 0x00, 0x00, 0x00, 0x00,
    0x00, 0x00, 0x00, 0x00,

    /* U+0047 "G" */
    0x00, 0x00, 0x00, 0x00, 0x00, 0x00, 0x01, 0x46,
    0x77, 0x76, 0x42, 0x00, 0x00, 0x00, 0x00, 0x00,
    0x00, 0x00, 0x00, 0x00, 0x02, 0x8d, 0xff, 0xff,
    0xff, 0xff, 0xfe, 0xa5, 0x00, 0x00, 0x00, 0x00,
    0x00, 0x00, 0x00, 0x2a, 0xff, 0xff, 0xff, 0xff,
    0xff, 0xff, 0xff, 0xfe, 0x60, 0x00, 0x00, 0x00,
    0x00, 0x00, 0x8f, 0xff, 0xff, 0xff, 0xff, 0xff,
    0xff, 0xff, 0xff, 0xff, 0xc2, 0x00, 0x00, 0x00,
    0x01, 0xbf, 0xff, 0xff, 0xff, 0xff, 0xff, 0xff,
    0xff, 0xff, 0xff, 0xff, 0xf4, 0x00, 0x00, 0x01,
    0xdf, 0xff, 0xff, 0xff, 0xff, 0xff, 0xff, 0xff,
    0xff, 0xff, 0xff, 0xff, 0xf3, 0x00, 0x00, 0xcf,
    0xff, 0xff, 0xff, 0xff, 0xfd, 0xa9, 0x9b, 0xdf,
    0xff, 0xff, 0xff, 0xfc, 0x00, 0x00, 0x9f, 0xff,
    0xff, 0xff, 0xfe, 0x71, 0x00, 0x00, 0x00, 0x28,
    0xff, 0xff, 0xfb, 0x00, 0x00, 0x3f, 0xff, 0xff,
    0xff, 0xfa, 0x00, 0x00, 0x00, 0x00, 0x00, 0x02,
    0xcf, 0xfa, 0x00, 0x00, 0x0b, 0xff, 0xff, 0xff,
    0xf8, 0x00, 0x00, 0x00, 0x00, 0x00, 0x00, 0x00,
    0xa9, 0x00, 0x00, 0x02, 0xff, 0xff, 0xff, 0xfb,
    0x00, 0x00, 0x00, 0x00, 0x00, 0x00, 0x00, 0x00,
    0x00, 0x00, 0x00, 0x8f, 0xff, 0xff, 0xff, 0x20,
    0x00, 0x00, 0x00, 0x00, 0x00, 0x00, 0x00, 0x00,
    0x00, 0x00, 0x0c, 0xff, 0xff, 0xff, 0xa0, 0x00,
    0x00, 0x00, 0x00, 0x00, 0x00, 0x00, 0x00, 0x00,
    0x00, 0x00, 0xff, 0xff, 0xff, 0xf5, 0x00, 0x00,
    0x00, 0x00, 0x00, 0x00, 0x00, 0x00, 0x00, 0x00,
    0x00, 0x2f, 0xff, 0xff, 0xff, 0x10, 0x00, 0x00,
    0x00, 0x00, 0x00, 0x00, 0x00, 0x00, 0x00, 0x00,
    0x03, 0xff, 0xff, 0xff, 0xf0, 0x00, 0x00, 0x00,
    0x00, 0x00, 0x00, 0x00, 0x00, 0x00, 0x00, 0x00,
    0x4f, 0xff, 0xff, 0xff, 0x00, 0x00, 0x00, 0x00,
    0x00, 0x00, 0x00, 0x08, 0xff, 0xff, 0xff, 0x03,
    0xff, 0xff, 0xff, 0xf0, 0x00, 0x00, 0x00, 0x00,
    0x00, 0x00, 0x00, 0x8f, 0xff, 0xff, 0xf0, 0x2f,
    0xff, 0xff, 0xff, 0x10, 0x00, 0x00, 0x00, 0x00,
    0x00, 0x00, 0x08, 0xff, 0xff, 0xff, 0x00, 0xff,
    0xff, 0xff, 0xf5, 0x00, 0x00, 0x00, 0x00, 0x00,
    0x00, 0x00, 0x8f, 0xff, 0xff, 0xf0, 0x0c, 0xff,
    0xff, 0xff, 0xa0, 0x00, 0x00, 0x00, 0x00, 0x00,
    0x00, 0x08, 0xff, 0xff, 0xff, 0x00, 0x8f, 0xff,
    0xff, 0xff, 0x20, 0x00, 0x00, 0x00, 0x00, 0x00,
    0x00, 0x8f, 0xff, 0xff, 0xf0, 0x02, 0xff, 0xff,
    0xff, 0xfd, 0x00, 0x00, 0x00, 0x00, 0x00, 0x00,
    0x08, 0xff, 0xff, 0xff, 0x00, 0x0b, 0xff, 0xff,
    0xff, 0xfa, 0x00, 0x00, 0x00, 0x00, 0x00, 0x00,
    0x8f, 0xff, 0xff, 0xf0, 0x00, 0x3f, 0xff, 0xff,
    0xff, 0xfb, 0x10, 0x00, 0x00, 0x00, 0x00, 0x08,
    0xff, 0xff, 0xff, 0x00, 0x00, 0x9f, 0xff, 0xff,
    0xff, 0xfe, 0x71, 0x00, 0x00, 0x00, 0x16, 0xef,
    0xff, 0xff, 0xf0, 0x00, 0x00, 0xdf, 0xff, 0xff,
    0xff, 0xff, 0xfd, 0xa9, 0x9a, 0xcf, 0xff, 0xff,
    0xff, 0xff, 0x00, 0x00, 0x01, 0xdf, 0xff, 0xff,
    0xff, 0xff, 0xff, 0xff, 0xff, 0xff, 0xff, 0xff,
    0xff, 0xf0, 0x00, 0x00, 0x01, 0xbf, 0xff, 0xff,
    0xff, 0xff, 0xff, 0xff, 0xff, 0xff, 0xff, 0xff,
    0xfd, 0x00, 0x00, 0x00, 0x00, 0x8f, 0xff, 0xff,
    0xff, 0xff, 0xff, 0xff, 0xff, 0xff, 0xff, 0xf8,
    0x00, 0x00, 0x00, 0x00, 0x00, 0x2a, 0xff, 0xff,
    0xff, 0xff, 0xff, 0xff, 0xff, 0xff, 0x92, 0x00,
    0x00, 0x00, 0x00, 0x00, 0x00, 0x02, 0x8d, 0xff,
    0xff, 0xff, 0xff, 0xfe, 0xa5, 0x00, 0x00, 0x00,
    0x00, 0x00, 0x00, 0x00, 0x00, 0x00, 0x01, 0x46,
    0x77, 0x65, 0x41, 0x00, 0x00, 0x00, 0x00, 0x00,

    /* U+0048 "H" */
    0x5f, 0xff, 0xff, 0xfc, 0x00, 0x00, 0x00, 0x00,
    0x00, 0x00, 0x03, 0xff, 0xff, 0xff, 0xe5, 0xff,
    0xff, 0xff, 0xc0, 0x00, 0x00, 0x00, 0x00, 0x00,
    0x00, 0x3f, 0xff, 0xff, 0xfe, 0x5f, 0xff, 0xff,
    0xfc, 0x00, 0x00, 0x00, 0x00, 0x00, 0x00, 0x03,
    0xff, 0xff, 0xff, 0xe5, 0xff, 0xff, 0xff, 0xc0,
    0x00, 0x00, 0x00, 0x00, 0x00, 0x00, 0x3f, 0xff,
    0xff, 0xfe, 0x5f, 0xff, 0xff, 0xfc, 0x00, 0x00,
    0x00, 0x00, 0x00, 0x00, 0x03, 0xff, 0xff, 0xff,
    0xe5, 0xff, 0xff, 0xff, 0xc0, 0x00, 0x00, 0x00,
    0x00, 0x00, 0x00, 0x3f, 0xff, 0xff, 0xfe, 0x5f,
    0xff, 0xff, 0xfc, 0x00, 0x00, 0x00, 0x00, 0x00,
    0x00, 0x03, 0xff, 0xff, 0xff, 0xe5, 0xff, 0xff,
    0xff, 0xc0, 0x00, 0x00, 0x00, 0x00, 0x00, 0x00,
    0x3f, 0xff, 0xff, 0xfe, 0x5f, 0xff, 0xff, 0xfc,
    0x00, 0x00, 0x00, 0x00, 0x00, 0x00, 0x03, 0xff,
    0xff, 0xff, 0xe5, 0xff, 0xff, 0xff, 0xc0, 0x00,
    0x00, 0x00, 0x00, 0x00, 0x00, 0x3f, 0xff, 0xff,
    0xfe, 0x5f, 0xff, 0xff, 0xfc, 0x00, 0x00, 0x00,
    0x00, 0x00, 0x00, 0x03, 0xff, 0xff, 0xff, 0xe5,
    0xff, 0xff, 0xff, 0xc0, 0x00, 0x00, 0x00, 0x00,
    0x00, 0x00, 0x3f, 0xff, 0xff, 0xfe, 0x5f, 0xff,
    0xff, 0xff, 0xff, 0xff, 0xff, 0xff, 0xff, 0xff,
    0xff, 0xff, 0xff, 0xff, 0xe5, 0xff, 0xff, 0xff,
    0xff, 0xff, 0xff, 0xff, 0xff, 0xff, 0xff, 0xff,
    0xff, 0xff, 0xfe, 0x5f, 0xff, 0xff, 0xff, 0xff,
    0xff, 0xff, 0xff, 0xff, 0xff, 0xff, 0xff, 0xff,
    0xff, 0xe5, 0xff, 0xff, 0xff, 0xff, 0xff, 0xff,
    0xff, 0xff, 0xff, 0xff, 0xff, 0xff, 0xff, 0xfe,
    0x5f, 0xff, 0xff, 0xff, 0xff, 0xff, 0xff, 0xff,
    0xff, 0xff, 0xff, 0xff, 0xff, 0xff, 0xe5, 0xff,
    0xff, 0xff, 0xff, 0xff, 0xff, 0xff, 0xff, 0xff,
    0xff, 0xff, 0xff, 0xff, 0xfe, 0x5f, 0xff, 0xff,
    0xfc, 0x00, 0x00, 0x00, 0x00, 0x00, 0x00, 0x03,
    0xff, 0xff, 0xff, 0xe5, 0xff, 0xff, 0xff, 0xc0,
    0x00, 0x00, 0x00, 0x00, 0x00, 0x00, 0x3f, 0xff,
    0xff, 0xfe, 0x5f, 0xff, 0xff, 0xfc, 0x00, 0x00,
    0x00, 0x00, 0x00, 0x00, 0x03, 0xff, 0xff, 0xff,
    0xe5, 0xff, 0xff, 0xff, 0xc0, 0x00, 0x00, 0x00,
    0x00, 0x00, 0x00, 0x3f, 0xff, 0xff, 0xfe, 0x5f,
    0xff, 0xff, 0xfc, 0x00, 0x00, 0x00, 0x00, 0x00,
    0x00, 0x03, 0xff, 0xff, 0xff, 0xe5, 0xff, 0xff,
    0xff, 0xc0, 0x00, 0x00, 0x00, 0x00, 0x00, 0x00,
    0x3f, 0xff, 0xff, 0xfe, 0x5f, 0xff, 0xff, 0xfc,
    0x00, 0x00, 0x00, 0x00, 0x00, 0x00, 0x03, 0xff,
    0xff, 0xff, 0xe5, 0xff, 0xff, 0xff, 0xc0, 0x00,
    0x00, 0x00, 0x00, 0x00, 0x00, 0x3f, 0xff, 0xff,
    0xfe, 0x5f, 0xff, 0xff, 0xfc, 0x00, 0x00, 0x00,
    0x00, 0x00, 0x00, 0x03, 0xff, 0xff, 0xff, 0xe5,
    0xff, 0xff, 0xff, 0xc0, 0x00, 0x00, 0x00, 0x00,
    0x00, 0x00, 0x3f, 0xff, 0xff, 0xfe, 0x5f, 0xff,
    0xff, 0xfc, 0x00, 0x00, 0x00, 0x00, 0x00, 0x00,
    0x03, 0xff, 0xff, 0xff, 0xe5, 0xff, 0xff, 0xff,
    0xc0, 0x00, 0x00, 0x00, 0x00, 0x00, 0x00, 0x3f,
    0xff, 0xff, 0xfe, 0x5f, 0xff, 0xff, 0xfc, 0x00,
    0x00, 0x00, 0x00, 0x00, 0x00, 0x03, 0xff, 0xff,
    0xff, 0xe0,

    /* U+0049 "I" */
    0x5f, 0xff, 0xff, 0xfc, 0x5f, 0xff, 0xff, 0xfc,
    0x5f, 0xff, 0xff, 0xfc, 0x5f, 0xff, 0xff, 0xfc,
    0x5f, 0xff, 0xff, 0xfc, 0x5f, 0xff, 0xff, 0xfc,
    0x5f, 0xff, 0xff, 0xfc, 0x5f, 0xff, 0xff, 0xfc,
    0x5f, 0xff, 0xff, 0xfc, 0x5f, 0xff, 0xff, 0xfc,
    0x5f, 0xff, 0xff, 0xfc, 0x5f, 0xff, 0xff, 0xfc,
    0x5f, 0xff, 0xff, 0xfc, 0x5f, 0xff, 0xff, 0xfc,
    0x5f, 0xff, 0xff, 0xfc, 0x5f, 0xff, 0xff, 0xfc,
    0x5f, 0xff, 0xff, 0xfc, 0x5f, 0xff, 0xff, 0xfc,
    0x5f, 0xff, 0xff, 0xfc, 0x5f, 0xff, 0xff, 0xfc,
    0x5f, 0xff, 0xff, 0xfc, 0x5f, 0xff, 0xff, 0xfc,
    0x5f, 0xff, 0xff, 0xfc, 0x5f, 0xff, 0xff, 0xfc,
    0x5f, 0xff, 0xff, 0xfc, 0x5f, 0xff, 0xff, 0xfc,
    0x5f, 0xff, 0xff, 0xfc, 0x5f, 0xff, 0xff, 0xfc,
    0x5f, 0xff, 0xff, 0xfc, 0x5f, 0xff, 0xff, 0xfc,
    0x5f, 0xff, 0xff, 0xfc,

    /* U+004A "J" */
    0x00, 0x07, 0xff, 0xff, 0xff, 0xff, 0xff, 0xff,
    0xff, 0xff, 0xf6, 0x00, 0x07, 0xff, 0xff, 0xff,
    0xff, 0xff, 0xff, 0xff, 0xff, 0xf6, 0x00, 0x07,
    0xff, 0xff, 0xff, 0xff, 0xff, 0xff, 0xff, 0xff,
    0xf6, 0x00, 0x07, 0xff, 0xff, 0xff, 0xff, 0xff,
    0xff, 0xff, 0xff, 0xf6, 0x00, 0x07, 0xff, 0xff,
    0xff, 0xff, 0xff, 0xff, 0xff, 0xff, 0xf6, 0x00,
    0x05, 0xbb, 0xbb, 0xbb, 0xbb, 0xbb, 0xef, 0xff,
    0xff, 0xf6, 0x00, 0x00, 0x00, 0x00, 0x00, 0x00,
    0x00, 0xaf, 0xff, 0xff, 0xf6, 0x00, 0x00, 0x00,
    0x00, 0x00, 0x00, 0x00, 0xaf, 0xff, 0xff, 0xf6,
    0x00, 0x00, 0x00, 0x00, 0x00, 0x00, 0x00, 0xaf,
    0xff, 0xff, 0xf6, 0x00, 0x00, 0x00, 0x00, 0x00,
    0x00, 0x00, 0xaf, 0xff, 0xff, 0xf6, 0x00, 0x00,
    0x00, 0x00, 0x00, 0x00, 0x00, 0xaf, 0xff, 0xff,
    0xf6, 0x00, 0x00, 0x00, 0x00, 0x00, 0x00, 0x00,
    0xaf, 0xff, 0xff, 0xf6, 0x00, 0x00, 0x00, 0x00,
    0x00, 0x00, 0x00, 0xaf, 0xff, 0xff, 0xf6, 0x00,
    0x00, 0x00, 0x00, 0x00, 0x00, 0x00, 0xaf, 0xff,
    0xff, 0xf6, 0x00, 0x00, 0x00, 0x00, 0x00, 0x00,
    0x00, 0xaf, 0xff, 0xff, 0xf6, 0x00, 0x00, 0x00,
    0x00, 0x00, 0x00, 0x00, 0xaf, 0xff, 0xff, 0xf6,
    0x00, 0x00, 0x00, 0x00, 0x00, 0x00, 0x00, 0xaf,
    0xff, 0xff, 0xf6, 0x00, 0x00, 0x00, 0x00, 0x00,
    0x00, 0x00, 0xaf, 0xff, 0xff, 0xf6, 0x00, 0x00,
    0x00, 0x00, 0x00, 0x00, 0x00, 0xaf, 0xff, 0xff,
    0xf6, 0x00, 0x00, 0x00, 0x00, 0x00, 0x00, 0x00,
    0xaf, 0xff, 0xff, 0xf6, 0x00, 0x00, 0x00, 0x00,
    0x00, 0x00, 0x00, 0xaf, 0xff, 0xff, 0xf6, 0x00,
    0x00, 0x00, 0x00, 0x00, 0x00, 0x00, 0xbf, 0xff,
    0xff, 0xf5, 0x00, 0x01, 0x60, 0x00, 0x00, 0x00,
    0x00, 0xef, 0xff, 0xff, 0xf4, 0x00, 0x0c, 0xf5,
    0x00, 0x00, 0x00, 0x04, 0xff, 0xff, 0xff, 0xf1,
    0x00, 0x9f, 0xff, 0x80, 0x00, 0x00, 0x1d, 0xff,
    0xff, 0xff, 0xd0, 0x07, 0xff, 0xff, 0xfe, 0x96,
    0x68, 0xef, 0xff, 0xff, 0xff, 0x80, 0x4f, 0xff,
    0xff, 0xff, 0xff, 0xff, 0xff, 0xff, 0xff, 0xff,
    0x10, 0x4f, 0xff, 0xff, 0xff, 0xff, 0xff, 0xff,
    0xff, 0xff, 0xf7, 0x00, 0x04, 0xff, 0xff, 0xff,
    0xff, 0xff, 0xff, 0xff, 0xff, 0xb0, 0x00, 0x00,
    0x2b, 0xff, 0xff, 0xff, 0xff, 0xff, 0xff, 0xf8,
    0x00, 0x00, 0x00, 0x00, 0x4b, 0xff, 0xff, 0xff,
    0xff, 0xe9, 0x20, 0x00, 0x00, 0x00, 0x00, 0x00,
    0x03, 0x67, 0x76, 0x52, 0x00, 0x00, 0x00, 0x00,

    /* U+004B "K" */
    0x5f, 0xff, 0xff, 0xfb, 0x00, 0x00, 0x00, 0x00,
    0x00, 0x00, 0x2e, 0xff, 0xff, 0xff, 0xc0, 0x05,
    0xff, 0xff, 0xff, 0xb0, 0x00, 0x00, 0x00, 0x00,
    0x00, 0x2e, 0xff, 0xff, 0xff, 0xd1, 0x00, 0x5f,
    0xff, 0xff, 0xfb, 0x00, 0x00, 0x00, 0x00, 0x00,
    0x1d, 0xff, 0xff, 0xff, 0xe1, 0x00, 0x05, 0xff,
    0xff, 0xff, 0xb0, 0x00, 0x00, 0x00, 0x00, 0x1d,
    0xff, 0xff, 0xff, 0xe2, 0x00, 0x00, 0x5f, 0xff,
    0xff, 0xfb, 0x00, 0x00, 0x00, 0x00, 0x0c, 0xff,
    0xff, 0xff, 0xf3, 0x00, 0x00, 0x05, 0xff, 0xff,
    0xff, 0xb0, 0x00, 0x00, 0x00, 0x0c, 0xff, 0xff,
    0xff, 0xf3, 0x00, 0x00, 0x00, 0x5f, 0xff, 0xff,
    0xfb, 0x00, 0x00, 0x00, 0x0b, 0xff, 0xff, 0xff,
    0xf4, 0x00, 0x00, 0x00, 0x05, 0xff, 0xff, 0xff,
    0xb0, 0x00, 0x00, 0x0a, 0xff, 0xff, 0xff, 0xf5,
    0x00, 0x00, 0x00, 0x00, 0x5f, 0xff, 0xff, 0xfb,
    0x00, 0x00, 0x09, 0xff, 0xff, 0xff, 0xf7, 0x00,
    0x00, 0x00, 0x00, 0x05, 0xff, 0xff, 0xff, 0xb0,
    0x00, 0x09, 0xff, 0xff, 0xff, 0xf8, 0x00, 0x00,
    0x00, 0x00, 0x00, 0x5f, 0xff, 0xff, 0xfb, 0x00,
    0x08, 0xff, 0xff, 0xff, 0xf9, 0x00, 0x00, 0x00,
    0x00, 0x00, 0x05, 0xff, 0xff, 0xff, 0xb0, 0x07,
    0xff, 0xff, 0xff, 0xfa, 0x00, 0x00, 0x00, 0x00,
    0x00, 0x00, 0x5f, 0xff, 0xff, 0xfb, 0x06, 0xff,
    0xff, 0xff, 0xfb, 0x00, 0x00, 0x00, 0x00, 0x00,
    0x00, 0x05, 0xff, 0xff, 0xff, 0xb5, 0xff, 0xff,
    0xff, 0xfc, 0x00, 0x00, 0x00, 0x00, 0x00, 0x00,
    0x00, 0x5f, 0xff, 0xff, 0xfe, 0xff, 0xff, 0xff,
    0xff, 0xe2, 0x00, 0x00, 0x00, 0x00, 0x00, 0x00,
    0x05, 0xff, 0xff, 0xff, 0xff, 0xff, 0xff, 0xff,
    0xff, 0xd0, 0x00, 0x00, 0x00, 0x00, 0x00, 0x00,
    0x5f, 0xff, 0xff, 0xff, 0xff, 0xff, 0xff, 0xff,
    0xff, 0xa0, 0x00, 0x00, 0x00, 0x00, 0x00, 0x05,
    0xff, 0xff, 0xff, 0xff, 0xff, 0xff, 0xff, 0xff,
    0xff, 0x60, 0x00, 0x00, 0x00, 0x00, 0x00, 0x5f,
    0xff, 0xff, 0xff, 0xff, 0xff, 0xff, 0xff, 0xff,
    0xff, 0x30, 0x00, 0x00, 0x00, 0x00, 0x05, 0xff,
    0xff, 0xff, 0xff, 0xff, 0x3a, 0xff, 0xff, 0xff,
    0xfe, 0x10, 0x00, 0x00, 0x00, 0x00, 0x5f, 0xff,
    0xff, 0xff, 0xff, 0x40, 0x0c, 0xff, 0xff, 0xff,
    0xfc, 0x00, 0x00, 0x00, 0x00, 0x05, 0xff, 0xff,
    0xff, 0xff, 0x50, 0x00, 0x1e, 0xff, 0xff, 0xff,
    0xf9, 0x00, 0x00, 0x00, 0x00, 0x5f, 0xff, 0xff,
    0xff, 0x50, 0x00, 0x00, 0x3f, 0xff, 0xff, 0xff,
    0xf5, 0x00, 0x00, 0x00, 0x05, 0xff, 0xff, 0xff,
    0xb0, 0x00, 0x00, 0x00, 0x5f, 0xff, 0xff, 0xff,
    0xf2, 0x00, 0x00, 0x00, 0x5f, 0xff, 0xff, 0xfb,
    0x00, 0x00, 0x00, 0x00, 0x8f, 0xff, 0xff, 0xff,
    0xd1, 0x00, 0x00, 0x05, 0xff, 0xff, 0xff, 0xb0,
    0x00, 0x00, 0x00, 0x00, 0xbf, 0xff, 0xff, 0xff,
    0xb0, 0x00, 0x00, 0x5f, 0xff, 0xff, 0xfb, 0x00,
    0x00, 0x00, 0x00, 0x01, 0xdf, 0xff, 0xff, 0xff,
    0x80, 0x00, 0x05, 0xff, 0xff, 0xff, 0xb0, 0x00,
    0x00, 0x00, 0x00, 0x02, 0xff, 0xff, 0xff, 0xff,
    0x40, 0x00, 0x5f, 0xff, 0xff, 0xfb, 0x00, 0x00,
    0x00, 0x00, 0x00, 0x04, 0xff, 0xff, 0xff, 0xff,
    0x20, 0x05, 0xff, 0xff, 0xff, 0xb0, 0x00, 0x00,
    0x00, 0x00, 0x00, 0x07, 0xff, 0xff, 0xff, 0xfd,
    0x00, 0x5f, 0xff, 0xff, 0xfb, 0x00, 0x00, 0x00,
    0x00, 0x00, 0x00, 0x0a, 0xff, 0xff, 0xff, 0xfa,
    0x00,

    /* U+004C "L" */
    0x5f, 0xff, 0xff, 0xfc, 0x00, 0x00, 0x00, 0x00,
    0x00, 0x00, 0x00, 0x00, 0x5f, 0xff, 0xff, 0xfc,
    0x00, 0x00, 0x00, 0x00, 0x00, 0x00, 0x00, 0x00,
    0x5f, 0xff, 0xff, 0xfc, 0x00, 0x00, 0x00, 0x00,
    0x00, 0x00, 0x00, 0x00, 0x5f, 0xff, 0xff, 0xfc,
    0x00, 0x00, 0x00, 0x00, 0x00, 0x00, 0x00, 0x00,
    0x5f, 0xff, 0xff, 0xfc, 0x00, 0x00, 0x00, 0x00,
    0x00, 0x00, 0x00, 0x00, 0x5f, 0xff, 0xff, 0xfc,
    0x00, 0x00, 0x00, 0x00, 0x00, 0x00, 0x00, 0x00,
    0x5f, 0xff, 0xff, 0xfc, 0x00, 0x00, 0x00, 0x00,
    0x00, 0x00, 0x00, 0x00, 0x5f, 0xff, 0xff, 0xfc,
    0x00, 0x00, 0x00, 0x00, 0x00, 0x00, 0x00, 0x00,
    0x5f, 0xff, 0xff, 0xfc, 0x00, 0x00, 0x00, 0x00,
    0x00, 0x00, 0x00, 0x00, 0x5f, 0xff, 0xff, 0xfc,
    0x00, 0x00, 0x00, 0x00, 0x00, 0x00, 0x00, 0x00,
    0x5f, 0xff, 0xff, 0xfc, 0x00, 0x00, 0x00, 0x00,
    0x00, 0x00, 0x00, 0x00, 0x5f, 0xff, 0xff, 0xfc,
    0x00, 0x00, 0x00, 0x00, 0x00, 0x00, 0x00, 0x00,
    0x5f, 0xff, 0xff, 0xfc, 0x00, 0x00, 0x00, 0x00,
    0x00, 0x00, 0x00, 0x00, 0x5f, 0xff, 0xff, 0xfc,
    0x00, 0x00, 0x00, 0x00, 0x00, 0x00, 0x00, 0x00,
    0x5f, 0xff, 0xff, 0xfc, 0x00, 0x00, 0x00, 0x00,
    0x00, 0x00, 0x00, 0x00, 0x5f, 0xff, 0xff, 0xfc,
    0x00, 0x00, 0x00, 0x00, 0x00, 0x00, 0x00, 0x00,
    0x5f, 0xff, 0xff, 0xfc, 0x00, 0x00, 0x00, 0x00,
    0x00, 0x00, 0x00, 0x00, 0x5f, 0xff, 0xff, 0xfc,
    0x00, 0x00, 0x00, 0x00, 0x00, 0x00, 0x00, 0x00,
    0x5f, 0xff, 0xff, 0xfc, 0x00, 0x00, 0x00, 0x00,
    0x00, 0x00, 0x00, 0x00, 0x5f, 0xff, 0xff, 0xfc,
    0x00, 0x00, 0x00, 0x00, 0x00, 0x00, 0x00, 0x00,
    0x5f, 0xff, 0xff, 0xfc, 0x00, 0x00, 0x00, 0x00,
    0x00, 0x00, 0x00, 0x00, 0x5f, 0xff, 0xff, 0xfc,
    0x00, 0x00, 0x00, 0x00, 0x00, 0x00, 0x00, 0x00,
    0x5f, 0xff, 0xff, 0xfc, 0x00, 0x00, 0x00, 0x00,
    0x00, 0x00, 0x00, 0x00, 0x5f, 0xff, 0xff, 0xfc,
    0x00, 0x00, 0x00, 0x00, 0x00, 0x00, 0x00, 0x00,
    0x5f, 0xff, 0xff, 0xfc, 0x00, 0x00, 0x00, 0x00,
    0x00, 0x00, 0x00, 0x00, 0x5f, 0xff, 0xff, 0xff,
    0xcc, 0xcc, 0xcc, 0xcc, 0xcc, 0xcc, 0xcc, 0xc2,
    0x5f, 0xff, 0xff, 0xff, 0xff, 0xff, 0xff, 0xff,
    0xff, 0xff, 0xff, 0xf3, 0x5f, 0xff, 0xff, 0xff,
    0xff, 0xff, 0xff, 0xff, 0xff, 0xff, 0xff, 0xf3,
    0x5f, 0xff, 0xff, 0xff, 0xff, 0xff, 0xff, 0xff,
    0xff, 0xff, 0xff, 0xf3, 0x5f, 0xff, 0xff, 0xff,
    0xff, 0xff, 0xff, 0xff, 0xff, 0xff, 0xff, 0xf3,
    0x5f, 0xff, 0xff, 0xff, 0xff, 0xff, 0xff, 0xff,
    0xff, 0xff, 0xff, 0xf3,

    /* U+004D "M" */
    0x5f, 0xff, 0xff, 0xd0, 0x00, 0x00, 0x00, 0x00,
    0x00, 0x00, 0x00, 0x00, 0x00, 0x00, 0x0d, 0xff,
    0xff, 0xf4, 0x5f, 0xff, 0xff, 0xf7, 0x00, 0x00,
    0x00, 0x00, 0x00, 0x00, 0x00, 0x00, 0x00, 0x00,
    0x7f, 0xff, 0xff, 0xf4, 0x5f, 0xff, 0xff, 0xff,
    0x10, 0x00, 0x00, 0x00, 0x00, 0x00, 0x00, 0x00,
    0x00, 0x01, 0xff, 0xff, 0xff, 0xf4, 0x5f, 0xff,
    0xff, 0xff, 0xa0, 0x00, 0x00, 0x00, 0x00, 0x00,
    0x00, 0x00, 0x00, 0x0a, 0xff, 0xff, 0xff, 0xf4,
    0x5f, 0xff, 0xff, 0xff, 0xf3, 0x00, 0x00, 0x00,
    0x00, 0x00, 0x00, 0x00, 0x00, 0x3f, 0xff, 0xff,
    0xff, 0xf4, 0x5f, 0xff, 0xff, 0xff, 0xfd, 0x00,
    0x00, 0x00, 0x00, 0x00, 0x00, 0x00, 0x00, 0xcf,
    0xff, 0xff, 0xff, 0xf4, 0x5f, 0xff, 0xff, 0xff,
    0xff, 0x60, 0x00, 0x00, 0x00, 0x00, 0x00, 0x00,
    0x06, 0xff, 0xff, 0xff, 0xff, 0xf4, 0x5f, 0xff,
    0xff, 0xff, 0xff, 0xf1, 0x00, 0x00, 0x00, 0x00,
    0x00, 0x00, 0x1e, 0xff, 0xff, 0xff, 0xff, 0xf4,
    0x5f, 0xff, 0xff, 0xff, 0xff, 0xfa, 0x00, 0x00,
    0x00, 0x00, 0x00, 0x00, 0x9f, 0xff, 0xff, 0xff,
    0xff, 0xf4, 0x5f, 0xff, 0xff, 0xff, 0xff, 0xff,
    0x30, 0x00, 0x00, 0x00, 0x00, 0x02, 0xff, 0xff,
    0xff, 0xff, 0xff, 0xf4, 0x5f, 0xff, 0xff, 0xff,
    0xff, 0xff, 0xd0, 0x00, 0x00, 0x00, 0x00, 0x0c,
    0xff, 0xff, 0xff, 0xff, 0xff, 0xf4, 0x5f, 0xff,
    0xff, 0xff, 0xff, 0xff, 0xf6, 0x00, 0x00, 0x00,
    0x00, 0x5f, 0xff, 0xff, 0xff, 0xff, 0xff, 0xf5,
    0x5f, 0xff, 0xff, 0xff, 0xff, 0xff, 0xff, 0x10,
    0x00, 0x00, 0x00, 0xef, 0xff, 0xff, 0xef, 0xff,
    0xff, 0xf5, 0x5f, 0xff, 0xff, 0xf8, 0xff, 0xff,
    0xff, 0xa0, 0x00, 0x00, 0x08, 0xff, 0xff, 0xfe,
    0x6f, 0xff, 0xff, 0xf5, 0x5f, 0xff, 0xff, 0xf5,
    0x9f, 0xff, 0xff, 0xf3, 0x00, 0x00, 0x2f, 0xff,
    0xff, 0xf6, 0x5f, 0xff, 0xff, 0xf5, 0x5f, 0xff,
    0xff, 0xf5, 0x1e, 0xff, 0xff, 0xfc, 0x00, 0x00,
    0xbf, 0xff, 0xff, 0xd0, 0x5f, 0xff, 0xff, 0xf5,
    0x5f, 0xff, 0xff, 0xf5, 0x06, 0xff, 0xff, 0xff,
    0x60, 0x04, 0xff, 0xff, 0xff, 0x30, 0x5f, 0xff,
    0xff, 0xf5, 0x5f, 0xff, 0xff, 0xf5, 0x00, 0xcf,
    0xff, 0xff, 0xe1, 0x0d, 0xff, 0xff, 0xfa, 0x00,
    0x5f, 0xff, 0xff, 0xf5, 0x5f, 0xff, 0xff, 0xf5,
    0x00, 0x3f, 0xff, 0xff, 0xf9, 0x7f, 0xff, 0xff,
    0xf1, 0x00, 0x5f, 0xff, 0xff, 0xf5, 0x5f, 0xff,
    0xff, 0xf5, 0x00, 0x09, 0xff, 0xff, 0xff, 0xff,
    0xff, 0xff, 0x70, 0x00, 0x5f, 0xff, 0xff, 0xf5,
    0x5f, 0xff, 0xff, 0xf5, 0x00, 0x01, 0xef, 0xff,
    0xff, 0xff, 0xff, 0xfd, 0x00, 0x00, 0x5f, 0xff,
    0xff, 0xf5, 0x5f, 0xff, 0xff, 0xf5, 0x00, 0x00,
    0x6f, 0xff, 0xff, 0xff, 0xff, 0xf4, 0x00, 0x00,
    0x5f, 0xff, 0xff, 0xf5, 0x5f, 0xff, 0xff, 0xf5,
    0x00, 0x00, 0x0c, 0xff, 0xff, 0xff, 0xff, 0xa0,
    0x00, 0x00, 0x5f, 0xff, 0xff, 0xf5, 0x5f, 0xff,
    0xff, 0xf5, 0x00, 0x00, 0x03, 0xff, 0xff, 0xff,
    0xff, 0x10, 0x00, 0x00, 0x5f, 0xff, 0xff, 0xf5,
    0x5f, 0xff, 0xff, 0xf5, 0x00, 0x00, 0x00, 0x9f,
    0xff, 0xff, 0xf7, 0x00, 0x00, 0x00, 0x5f, 0xff,
    0xff, 0xf5, 0x5f, 0xff, 0xff, 0xf5, 0x00, 0x00,
    0x00, 0x1e, 0xff, 0xff, 0xd0, 0x00, 0x00, 0x00,
    0x5f, 0xff, 0xff, 0xf5, 0x5f, 0xff, 0xff, 0xf5,
    0x00, 0x00, 0x00, 0x06, 0xff, 0xff, 0x40, 0x00,
    0x00, 0x00, 0x5f, 0xff, 0xff, 0xf5, 0x5f, 0xff,
    0xff, 0xf5, 0x00, 0x00, 0x00, 0x00, 0x9b, 0xb9,
    0x00, 0x00, 0x00, 0x00, 0x5f, 0xff, 0xff, 0xf5,
    0x5f, 0xff, 0xff, 0xf5, 0x00, 0x00, 0x00, 0x00,
    0x00, 0x00, 0x00, 0x00, 0x00, 0x00, 0x5f, 0xff,
    0xff, 0xf5, 0x5f, 0xff, 0xff, 0xf5, 0x00, 0x00,
    0x00, 0x00, 0x00, 0x00, 0x00, 0x00, 0x00, 0x00,
    0x5f, 0xff, 0xff, 0xf5, 0x5f, 0xff, 0xff, 0xf5,
    0x00, 0x00, 0x00, 0x00, 0x00, 0x00, 0x00, 0x00,
    0x00, 0x00, 0x5f, 0xff, 0xff, 0xf5,

    /* U+004E "N" */
    0x5f, 0xff, 0xff, 0xd1, 0x00, 0x00, 0x00, 0x00,
    0x00, 0x00, 0x02, 0xff, 0xff, 0xff, 0xe5, 0xff,
    0xff, 0xff, 0xb0, 0x00, 0x00, 0x00, 0x00, 0x00,
    0x00, 0x2f, 0xff, 0xff, 0xfe, 0x5f, 0xff, 0xff,
    0xff, 0x90, 0x00, 0x00, 0x00, 0x00, 0x00, 0x02,
    0xff, 0xff, 0xff, 0xe5, 0xff, 0xff, 0xff, 0xff,
    0x60, 0x00, 0x00, 0x00, 0x00, 0x00, 0x2f, 0xff,
    0xff, 0xfe, 0x5f, 0xff, 0xff, 0xff, 0xff, 0x30,
    0x00, 0x00, 0x00, 0x00, 0x02, 0xff, 0xff, 0xff,
    0xe5, 0xff, 0xff, 0xff, 0xff, 0xfe, 0x10, 0x00,
    0x00, 0x00, 0x00, 0x2f, 0xff, 0xff, 0xfe, 0x5f,
    0xff, 0xff, 0xff, 0xff, 0xfc, 0x00, 0x00, 0x00,
    0x00, 0x02, 0xff, 0xff, 0xff, 0xe5, 0xff, 0xff,
    0xff, 0xff, 0xff, 0xfa, 0x00, 0x00, 0x00, 0x00,
    0x2f, 0xff, 0xff, 0xfe, 0x5f, 0xff, 0xff, 0xff,
    0xff, 0xff, 0xf7, 0x00, 0x00, 0x00, 0x02, 0xff,
    0xff, 0xff, 0xe5, 0xff, 0xff, 0xff, 0xff, 0xff,
    0xff, 0xf4, 0x00, 0x00, 0x00, 0x2f, 0xff, 0xff,
    0xfe, 0x5f, 0xff, 0xff, 0xff, 0xff, 0xff, 0xff,
    0xe2, 0x00, 0x00, 0x02, 0xff, 0xff, 0xff, 0xe5,
    0xff, 0xff, 0xff, 0xff, 0xff, 0xff, 0xff, 0xd0,
    0x00, 0x00, 0x2f, 0xff, 0xff, 0xfe, 0x5f, 0xff,
    0xff, 0xfc, 0xef, 0xff, 0xff, 0xff, 0xb0, 0x00,
    0x02, 0xff, 0xff, 0xff, 0xe5, 0xff, 0xff, 0xff,
    0xb3, 0xff, 0xff, 0xff, 0xff, 0x80, 0x00, 0x2f,
    0xff, 0xff, 0xfe, 0x5f, 0xff, 0xff, 0xfb, 0x06,
    0xff, 0xff, 0xff, 0xff, 0x50, 0x02, 0xff, 0xff,
    0xff, 0xe5, 0xff, 0xff, 0xff, 0xb0, 0x09, 0xff,
    0xff, 0xff, 0xff, 0x20, 0x2f, 0xff, 0xff, 0xfe,
    0x5f, 0xff, 0xff, 0xfb, 0x00, 0x0b, 0xff, 0xff,
    0xff, 0xfd, 0x12, 0xff, 0xff, 0xff, 0xe5, 0xff,
    0xff, 0xff, 0xb0, 0x00, 0x1d, 0xff, 0xff, 0xff,
    0xfb, 0x2f, 0xff, 0xff, 0xfe, 0x5f, 0xff, 0xff,
    0xfb, 0x00, 0x00, 0x2f, 0xff, 0xff, 0xff, 0xfb,
    0xff, 0xff, 0xff, 0xe5, 0xff, 0xff, 0xff, 0xb0,
    0x00, 0x00, 0x5f, 0xff, 0xff, 0xff, 0xff, 0xff,
    0xff, 0xfe, 0x5f, 0xff, 0xff, 0xfb, 0x00, 0x00,
    0x00, 0x8f, 0xff, 0xff, 0xff, 0xff, 0xff, 0xff,
    0xe5, 0xff, 0xff, 0xff, 0xb0, 0x00, 0x00, 0x00,
    0xaf, 0xff, 0xff, 0xff, 0xff, 0xff, 0xfe, 0x5f,
    0xff, 0xff, 0xfb, 0x00, 0x00, 0x00, 0x00, 0xdf,
    0xff, 0xff, 0xff, 0xff, 0xff, 0xe5, 0xff, 0xff,
    0xff, 0xb0, 0x00, 0x00, 0x00, 0x02, 0xef, 0xff,
    0xff, 0xff, 0xff, 0xfe, 0x5f, 0xff, 0xff, 0xfb,
    0x00, 0x00, 0x00, 0x00, 0x04, 0xff, 0xff, 0xff,
    0xff, 0xff, 0xe5, 0xff, 0xff, 0xff, 0xb0, 0x00,
    0x00, 0x00, 0x00, 0x06, 0xff, 0xff, 0xff, 0xff,
    0xfe, 0x5f, 0xff, 0xff, 0xfb, 0x00, 0x00, 0x00,
    0x00, 0x00, 0x09, 0xff, 0xff, 0xff, 0xff, 0xe5,
    0xff, 0xff, 0xff, 0xb0, 0x00, 0x00, 0x00, 0x00,
    0x00, 0x0c, 0xff, 0xff, 0xff, 0xfe, 0x5f, 0xff,
    0xff, 0xfb, 0x00, 0x00, 0x00, 0x00, 0x00, 0x00,
    0x1e, 0xff, 0xff, 0xff, 0xe5, 0xff, 0xff, 0xff,
    0xb0, 0x00, 0x00, 0x00, 0x00, 0x00, 0x00, 0x3f,
    0xff, 0xff, 0xfe, 0x5f, 0xff, 0xff, 0xfb, 0x00,
    0x00, 0x00, 0x00, 0x00, 0x00, 0x00, 0x5f, 0xff,
    0xff, 0xe0,

    /* U+004F "O" */
    0x00, 0x00, 0x00, 0x00, 0x00, 0x00, 0x01, 0x46,
    0x77, 0x76, 0x41, 0x00, 0x00, 0x00, 0x00, 0x00,
    0x00, 0x00, 0x00, 0x00, 0x00, 0x00, 0x02, 0x8d,
    0xff, 0xff, 0xff, 0xff, 0xfd, 0x93, 0x00, 0x00,
    0x00, 0x00, 0x00, 0x00, 0x00, 0x00, 0x00, 0x2a,
    0xff, 0xff, 0xff, 0xff, 0xff, 0xff, 0xff, 0xfb,
    0x30, 0x00, 0x00, 0x00, 0x00, 0x00, 0x00, 0x00,
    0x8f, 0xff, 0xff, 0xff, 0xff, 0xff, 0xff, 0xff,
    0xff, 0xff, 0x90, 0x00, 0x00, 0x00, 0x00, 0x00,
    0x01, 0xbf, 0xff, 0xff, 0xff, 0xff, 0xff, 0xff,
    0xff, 0xff, 0xff, 0xff, 0xc2, 0x00, 0x00, 0x00,
    0x00, 0x01, 0xdf, 0xff, 0xff, 0xff, 0xff, 0xff,
    0xff, 0xff, 0xff, 0xff, 0xff, 0xff, 0xe2, 0x00,
    0x00, 0x00, 0x00, 0xcf, 0xff, 0xff, 0xff, 0xff,
    0xfc, 0xa9, 0x9c, 0xff, 0xff, 0xff, 0xff, 0xff,
    0xe1, 0x00, 0x00, 0x00, 0x9f, 0xff, 0xff, 0xff,
    0xfe, 0x61, 0x00, 0x00, 0x00, 0x5d, 0xff, 0xff,
    0xff, 0xff, 0xb0, 0x00, 0x00, 0x3f, 0xff, 0xff,
    0xff, 0xfb, 0x10, 0x00, 0x00, 0x00, 0x00, 0x09,
    0xff, 0xff, 0xff, 0xff, 0x50, 0x00, 0x0b, 0xff,
    0xff, 0xff, 0xf9, 0x00, 0x00, 0x00, 0x00, 0x00,
    0x00, 0x07, 0xff, 0xff, 0xff, 0xfd, 0x00, 0x02,
    0xff, 0xff, 0xff, 0xfc, 0x00, 0x00, 0x00, 0x00,
    0x00, 0x00, 0x00, 0x0b, 0xff, 0xff, 0xff, 0xf4,
    0x00, 0x8f, 0xff, 0xff, 0xff, 0x20, 0x00, 0x00,
    0x00, 0x00, 0x00, 0x00, 0x00, 0x1f, 0xff, 0xff,
    0xff, 0xa0, 0x0c, 0xff, 0xff, 0xff, 0xa0, 0x00,
    0x00, 0x00, 0x00, 0x00, 0x00, 0x00, 0x00, 0x8f,
    0xff, 0xff, 0xfe, 0x00, 0xff, 0xff, 0xff, 0xf5,
    0x00, 0x00, 0x00, 0x00, 0x00, 0x00, 0x00, 0x00,
    0x03, 0xff, 0xff, 0xff, 0xf2, 0x2f, 0xff, 0xff,
    0xff, 0x10, 0x00, 0x00, 0x00, 0x00, 0x00, 0x00,
    0x00, 0x00, 0x0f, 0xff, 0xff, 0xff, 0x43, 0xff,
    0xff, 0xff, 0xf0, 0x00, 0x00, 0x00, 0x00, 0x00,
    0x00, 0x00, 0x00, 0x00, 0xdf, 0xff, 0xff, 0xf5,
    0x4f, 0xff, 0xff, 0xff, 0x00, 0x00, 0x00, 0x00,
    0x00, 0x00, 0x00, 0x00, 0x00, 0x0d, 0xff, 0xff,
    0xff, 0x63, 0xff, 0xff, 0xff, 0xf0, 0x00, 0x00,
    0x00, 0x00, 0x00, 0x00, 0x00, 0x00, 0x00, 0xdf,
    0xff, 0xff, 0xf5, 0x2f, 0xff, 0xff, 0xff, 0x10,
    0x00, 0x00, 0x00, 0x00, 0x00, 0x00, 0x00, 0x00,
    0x0f, 0xff, 0xff, 0xff, 0x40, 0xff, 0xff, 0xff,
    0xf5, 0x00, 0x00, 0x00, 0x00, 0x00, 0x00, 0x00,
    0x00, 0x03, 0xff, 0xff, 0xff, 0xf2, 0x0c, 0xff,
    0xff, 0xff, 0xa0, 0x00, 0x00, 0x00, 0x00, 0x00,
    0x00, 0x00, 0x00, 0x8f, 0xff, 0xff, 0xfe, 0x00,
    0x8f, 0xff, 0xff, 0xff, 0x20, 0x00, 0x00, 0x00,
    0x00, 0x00, 0x00, 0x00, 0x1f, 0xff, 0xff, 0xff,
    0xa0, 0x02, 0xff, 0xff, 0xff, 0xfc, 0x00, 0x00,
    0x00, 0x00, 0x00, 0x00, 0x00, 0x0b, 0xff, 0xff,
    0xff, 0xf4, 0x00, 0x0b, 0xff, 0xff, 0xff, 0xf9,
    0x00, 0x00, 0x00, 0x00, 0x00, 0x00, 0x07, 0xff,
    0xff, 0xff, 0xfd, 0x00, 0x00, 0x3f, 0xff, 0xff,
    0xff, 0xfb, 0x10, 0x00, 0x00, 0x00, 0x00, 0x0a,
    0xff, 0xff, 0xff, 0xff, 0x50, 0x00, 0x00, 0x9f,
    0xff, 0xff, 0xff, 0xfe, 0x60, 0x00, 0x00, 0x00,
    0x5d, 0xff, 0xff, 0xff, 0xff, 0xb0, 0x00, 0x00,
    0x00, 0xcf, 0xff, 0xff, 0xff, 0xff, 0xfc, 0xa9,
    0x9c, 0xff, 0xff, 0xff, 0xff, 0xff, 0xe1, 0x00,
    0x00, 0x00, 0x01, 0xdf, 0xff, 0xff, 0xff, 0xff,
    0xff, 0xff, 0xff, 0xff, 0xff, 0xff, 0xff, 0xe2,
    0x00, 0x00, 0x00, 0x00, 0x01, 0xbf, 0xff, 0xff,
    0xff, 0xff, 0xff, 0xff, 0xff, 0xff, 0xff, 0xff,
    0xc2, 0x00, 0x00, 0x00, 0x00, 0x00, 0x00, 0x7f,
    0xff, 0xff, 0xff, 0xff, 0xff, 0xff, 0xff, 0xff,
    0xff, 0x90, 0x00, 0x00, 0x00, 0x00, 0x00, 0x00,
    0x00, 0x2a, 0xff, 0xff, 0xff, 0xff, 0xff, 0xff,
    0xff, 0xfb, 0x30, 0x00, 0x00, 0x00, 0x00, 0x00,
    0x00, 0x00, 0x00, 0x02, 0x8d, 0xff, 0xff, 0xff,
    0xff, 0xfe, 0x93, 0x00, 0x00, 0x00, 0x00, 0x00,
    0x00, 0x00, 0x00, 0x00, 0x00, 0x00, 0x01, 0x46,
    0x77, 0x76, 0x41, 0x00, 0x00, 0x00, 0x00, 0x00,
    0x00, 0x00,

    /* U+0050 "P" */
    0x5f, 0xff, 0xff, 0xff, 0xff, 0xff, 0xff, 0xfe,
    0xdb, 0x73, 0x00, 0x00, 0x00, 0x00, 0x5f, 0xff,
    0xff, 0xff, 0xff, 0xff, 0xff, 0xff, 0xff, 0xff,
    0xd6, 0x00, 0x00, 0x00, 0x5f, 0xff, 0xff, 0xff,
    0xff, 0xff, 0xff, 0xff, 0xff, 0xff, 0xff, 0xd2,
    0x00, 0x00, 0x5f, 0xff, 0xff, 0xff, 0xff, 0xff,
    0xff, 0xff, 0xff, 0xff, 0xff, 0xff, 0x40, 0x00,
    0x5f, 0xff, 0xff, 0xff, 0xff, 0xff, 0xff, 0xff,
    0xff, 0xff, 0xff, 0xff, 0xf2, 0x00, 0x5f, 0xff,
    0xff, 0xff, 0xdd, 0xdd, 0xdd, 0xdf, 0xff, 0xff,
    0xff, 0xff, 0xfd, 0x00, 0x5f, 0xff, 0xff, 0xfc,
    0x00, 0x00, 0x00, 0x00, 0x3a, 0xff, 0xff, 0xff,
    0xff, 0x50, 0x5f, 0xff, 0xff, 0xfc, 0x00, 0x00,
    0x00, 0x00, 0x00, 0x5f, 0xff, 0xff, 0xff, 0xb0,
    0x5f, 0xff, 0xff, 0xfc, 0x00, 0x00, 0x00, 0x00,
    0x00, 0x09, 0xff, 0xff, 0xff, 0xf0, 0x5f, 0xff,
    0xff, 0xfc, 0x00, 0x00, 0x00, 0x00, 0x00, 0x02,
    0xff, 0xff, 0xff, 0xf3, 0x5f, 0xff, 0xff, 0xfc,
    0x00, 0x00, 0x00, 0x00, 0x00, 0x00, 0xff, 0xff,
    0xff, 0xf4, 0x5f, 0xff, 0xff, 0xfc, 0x00, 0x00,
    0x00, 0x00, 0x00, 0x00, 0xef, 0xff, 0xff, 0xf5,
    0x5f, 0xff, 0xff, 0xfc, 0x00, 0x00, 0x00, 0x00,
    0x00, 0x00, 0xff, 0xff, 0xff, 0xf4, 0x5f, 0xff,
    0xff, 0xfc, 0x00, 0x00, 0x00, 0x00, 0x00, 0x03,
    0xff, 0xff, 0xff, 0xf2, 0x5f, 0xff, 0xff, 0xfc,
    0x00, 0x00, 0x00, 0x00, 0x00, 0x0a, 0xff, 0xff,
    0xff, 0xf0, 0x5f, 0xff, 0xff, 0xfc, 0x00, 0x00,
    0x00, 0x00, 0x00, 0x8f, 0xff, 0xff, 0xff, 0xa0,
    0x5f, 0xff, 0xff, 0xfc, 0x00, 0x00, 0x00, 0x02,
    0x6d, 0xff, 0xff, 0xff, 0xff, 0x40, 0x5f, 0xff,
    0xff, 0xff, 0xff, 0xff, 0xff, 0xff, 0xff, 0xff,
    0xff, 0xff, 0xfb, 0x00, 0x5f, 0xff, 0xff, 0xff,
    0xff, 0xff, 0xff, 0xff, 0xff, 0xff, 0xff, 0xff,
    0xe1, 0x00, 0x5f, 0xff, 0xff, 0xff, 0xff, 0xff,
    0xff, 0xff, 0xff, 0xff, 0xff, 0xfe, 0x20, 0x00,
    0x5f, 0xff, 0xff, 0xff, 0xff, 0xff, 0xff, 0xff,
    0xff, 0xff, 0xff, 0xa1, 0x00, 0x00, 0x5f, 0xff,
    0xff, 0xff, 0xff, 0xff, 0xff, 0xff, 0xff, 0xff,
    0xa3, 0x00, 0x00, 0x00, 0x5f, 0xff, 0xff, 0xff,
    0xcc, 0xcc, 0xcc, 0xcb, 0xa7, 0x40, 0x00, 0x00,
    0x00, 0x00, 0x5f, 0xff, 0xff, 0xfc, 0x00, 0x00,
    0x00, 0x00, 0x00, 0x00, 0x00, 0x00, 0x00, 0x00,
    0x5f, 0xff, 0xff, 0xfc, 0x00, 0x00, 0x00, 0x00,
    0x00, 0x00, 0x00, 0x00, 0x00, 0x00, 0x5f, 0xff,
    0xff, 0xfc, 0x00, 0x00, 0x00, 0x00, 0x00, 0x00,
    0x00, 0x00, 0x00, 0x00, 0x5f, 0xff, 0xff, 0xfc,
    0x00, 0x00, 0x00, 0x00, 0x00, 0x00, 0x00, 0x00,
    0x00, 0x00, 0x5f, 0xff, 0xff, 0xfc, 0x00, 0x00,
    0x00, 0x00, 0x00, 0x00, 0x00, 0x00, 0x00, 0x00,
    0x5f, 0xff, 0xff, 0xfc, 0x00, 0x00, 0x00, 0x00,
    0x00, 0x00, 0x00, 0x00, 0x00, 0x00, 0x5f, 0xff,
    0xff, 0xfc, 0x00, 0x00, 0x00, 0x00, 0x00, 0x00,
    0x00, 0x00, 0x00, 0x00, 0x5f, 0xff, 0xff, 0xfc,
    0x00, 0x00, 0x00, 0x00, 0x00, 0x00, 0x00, 0x00,
    0x00, 0x00,

    /* U+0051 "Q" */
    0x00, 0x00, 0x00, 0x00, 0x00, 0x00, 0x01, 0x46,
    0x77, 0x76, 0x41, 0x00, 0x00, 0x00, 0x00, 0x00,
    0x00, 0x00, 0x00, 0x00, 0x00, 0x00, 0x00, 0x28,
    0xdf, 0xff, 0xff, 0xff, 0xff, 0xd9, 0x30, 0x00,
    0x00, 0x00, 0x00, 0x00, 0x00, 0x00, 0x00, 0x00,
    0x2a, 0xff, 0xff, 0xff, 0xff, 0xff, 0xff, 0xff,
    0xfb, 0x30, 0x00, 0x00, 0x00, 0x00, 0x00, 0x00,
    0x00, 0x08, 0xff, 0xff, 0xff, 0xff, 0xff, 0xff,
    0xff, 0xff, 0xff, 0xf9, 0x00, 0x00, 0x00, 0x00,
    0x00, 0x00, 0x01, 0xbf, 0xff, 0xff, 0xff, 0xff,
    0xff, 0xff, 0xff, 0xff, 0xff, 0xff, 0xc2, 0x00,
    0x00, 0x00, 0x00, 0x00, 0x1d, 0xff, 0xff, 0xff,
    0xff, 0xff, 0xff, 0xff, 0xff, 0xff, 0xff, 0xff,
    0xfe, 0x20, 0x00, 0x00, 0x00, 0x00, 0xcf, 0xff,
    0xff, 0xff, 0xff, 0xfc, 0xa9, 0x9c, 0xff, 0xff,
    0xff, 0xff, 0xff, 0xe1, 0x00, 0x00, 0x00, 0x09,
    0xff, 0xff, 0xff, 0xff, 0xe6, 0x10, 0x00, 0x00,
    0x05, 0xdf, 0xff, 0xff, 0xff, 0xfb, 0x00, 0x00,
    0x00, 0x3f, 0xff, 0xff, 0xff, 0xfb, 0x10, 0x00,
    0x00, 0x00, 0x00, 0x09, 0xff, 0xff, 0xff, 0xff,
    0x50, 0x00, 0x00, 0xbf, 0xff, 0xff, 0xff, 0x90,
    0x00, 0x00, 0x00, 0x00, 0x00, 0x00, 0x7f, 0xff,
    0xff, 0xff, 0xd0, 0x00, 0x02, 0xff, 0xff, 0xff,
    0xfc, 0x00, 0x00, 0x00, 0x00, 0x00, 0x00, 0x00,
    0x0b, 0xff, 0xff, 0xff, 0xf4, 0x00, 0x08, 0xff,
    0xff, 0xff, 0xf2, 0x00, 0x00, 0x00, 0x00, 0x00,
    0x00, 0x00, 0x01, 0xef, 0xff, 0xff, 0xfa, 0x00,
    0x0c, 0xff, 0xff, 0xff, 0xa0, 0x00, 0x00, 0x00,
    0x00, 0x00, 0x00, 0x00, 0x00, 0x8f, 0xff, 0xff,
    0xfe, 0x00, 0x0f, 0xff, 0xff, 0xff, 0x50, 0x00,
    0x00, 0x00, 0x00, 0x00, 0x00, 0x00, 0x00, 0x3f,
    0xff, 0xff, 0xff, 0x20, 0x2f, 0xff, 0xff, 0xff,
    0x10, 0x00, 0x00, 0x00, 0x00, 0x00, 0x00, 0x00,
    0x00, 0x0f, 0xff, 0xff, 0xff, 0x40, 0x3f, 0xff,
    0xff, 0xff, 0x00, 0x00, 0x00, 0x00, 0x00, 0x00,
    0x00, 0x00, 0x00, 0x0d, 0xff, 0xff, 0xff, 0x50,
    0x4f, 0xff, 0xff, 0xff, 0x00, 0x00, 0x00, 0x00,
    0x00, 0x00, 0x00, 0x00, 0x00, 0x0c, 0xff, 0xff,
    0xff, 0x60, 0x3f, 0xff, 0xff, 0xff, 0x00, 0x00,
    0x00, 0x00, 0x00, 0x00, 0x00, 0x00, 0x00, 0x0d,
    0xff, 0xff, 0xff, 0x50, 0x2f, 0xff, 0xff, 0xff,
    0x20, 0x00, 0x00, 0x00, 0x00, 0x00, 0x00, 0x00,
    0x00, 0x0f, 0xff, 0xff, 0xff, 0x40, 0x0f, 0xff,
    0xff, 0xff, 0x50, 0x00, 0x00, 0x00, 0x00, 0x00,
    0x00, 0x00, 0x00, 0x3f, 0xff, 0xff, 0xff, 0x20,
    0x0c, 0xff, 0xff, 0xff, 0xa0, 0x00, 0x00, 0x00,
    0x00, 0x00, 0x00, 0x00, 0x00, 0x8f, 0xff, 0xff,
    0xfe, 0x00, 0x07, 0xff, 0xff, 0xff, 0xf2, 0x00,
    0x00, 0x00, 0x00, 0x00, 0x00, 0x00, 0x01, 0xff,
    0xff, 0xff, 0xfa, 0x00, 0x02, 0xff, 0xff, 0xff,
    0xfd, 0x00, 0x00, 0x00, 0x00, 0x00, 0x00, 0x00,
    0x0b, 0xff, 0xff, 0xff, 0xf4, 0x00, 0x00, 0xaf,
    0xff, 0xff, 0xff, 0xa0, 0x00, 0x00, 0x00, 0x00,
    0x00, 0x00, 0x8f, 0xff, 0xff, 0xff, 0xd0, 0x00,
    0x00, 0x2f, 0xff, 0xff, 0xff, 0xfc, 0x10, 0x00,
    0x00, 0x00, 0x00, 0x1b, 0xff, 0xff, 0xff, 0xff,
    0x40, 0x00, 0x00, 0x08, 0xff, 0xff, 0xff, 0xff,
    0xe7, 0x10, 0x00, 0x00, 0x16, 0xef, 0xff, 0xff,
    0xff, 0xfa, 0x00, 0x00, 0x00, 0x00, 0xbf, 0xff,
    0xff, 0xff, 0xff, 0xfd, 0xba, 0xbd, 0xff, 0xff,
    0xff, 0xff, 0xff, 0xd0, 0x00, 0x00, 0x00, 0x00,
    0x0c, 0xff, 0xff, 0xff, 0xff, 0xff, 0xff, 0xff,
    0xff, 0xff, 0xff, 0xff, 0xfe, 0x20, 0x00, 0x00,
    0x00, 0x00, 0x00, 0xbf, 0xff, 0xff, 0xff, 0xff,
    0xff, 0xff, 0xff, 0xff, 0xff, 0xff, 0xc1, 0x00,
    0x00, 0x00, 0x00, 0x00, 0x00, 0x07, 0xff, 0xff,
    0xff, 0xff, 0xff, 0xff, 0xff, 0xff, 0xff, 0xf9,
    0x00, 0x00, 0x00, 0x00, 0x00, 0x00, 0x00, 0x00,
    0x19, 0xff, 0xff, 0xff, 0xff, 0xff, 0xff, 0xff,
    0xfb, 0x30, 0x00, 0x00, 0x00, 0x00, 0x00, 0x00,
    0x00, 0x00, 0x00, 0x16, 0xbf, 0xff, 0xff, 0xff,
    0xff, 0xfc, 0x20, 0x00, 0x00, 0x00, 0x40, 0x00,
    0x00, 0x00, 0x00, 0x00, 0x00, 0x00, 0x00, 0x2a,
    0xff, 0xff, 0xff, 0xff, 0x70, 0x00, 0x00, 0x07,
    0xfa, 0x00, 0x00, 0x00, 0x00, 0x00, 0x00, 0x00,
    0x00, 0x00, 0xbf, 0xff, 0xff, 0xff, 0xfd, 0x75,
    0x58, 0xef, 0xff, 0x80, 0x00, 0x00, 0x00, 0x00,
    0x00, 0x00, 0x00, 0x00, 0x0a, 0xff, 0xff, 0xff,
    0xff, 0xff, 0xff, 0xff, 0xff, 0xf5, 0x00, 0x00,
    0x00, 0x00, 0x00, 0x00, 0x00, 0x00, 0x00, 0x8f,
    0xff, 0xff, 0xff, 0xff, 0xff, 0xff, 0xff, 0xf9,
    0x00, 0x00, 0x00, 0x00, 0x00, 0x00, 0x00, 0x00,
    0x00, 0x04, 0xef, 0xff, 0xff, 0xff, 0xff, 0xff,
    0xff, 0xa0, 0x00, 0x00, 0x00, 0x00, 0x00, 0x00,
    0x00, 0x00, 0x00, 0x00, 0x08, 0xef, 0xff, 0xff,
    0xff, 0xff, 0xe5, 0x00, 0x00, 0x00, 0x00, 0x00,
    0x00, 0x00, 0x00, 0x00, 0x00, 0x00, 0x00, 0x05,
    0x9d, 0xef, 0xed, 0xa5, 0x00, 0x00,

    /* U+0052 "R" */
    0x5f, 0xff, 0xff, 0xff, 0xff, 0xff, 0xff, 0xfe,
    0xda, 0x73, 0x00, 0x00, 0x00, 0x00, 0x5f, 0xff,
    0xff, 0xff, 0xff, 0xff, 0xff, 0xff, 0xff, 0xff,
    0xd6, 0x00, 0x00, 0x00, 0x5f, 0xff, 0xff, 0xff,
    0xff, 0xff, 0xff, 0xff, 0xff, 0xff, 0xff, 0xc2,
    0x00, 0x00, 0x5f, 0xff, 0xff, 0xff, 0xff, 0xff,
    0xff, 0xff, 0xff, 0xff, 0xff, 0xff, 0x30, 0x00,
    0x5f, 0xff, 0xff, 0xff, 0xff, 0xff, 0xff, 0xff,
    0xff, 0xff, 0xff, 0xff, 0xf2, 0x00, 0x5f, 0xff,
    0xff, 0xff, 0xdd, 0xdd, 0xdd, 0xdf, 0xff, 0xff,
    0xff, 0xff, 0xfc, 0x00, 0x5f, 0xff, 0xff, 0xfc,
    0x00, 0x00, 0x00, 0x00, 0x3a, 0xff, 0xff, 0xff,
    0xff, 0x50, 0x5f, 0xff, 0xff, 0xfc, 0x00, 0x00,
    0x00, 0x00, 0x00, 0x5f, 0xff, 0xff, 0xff, 0xb0,
    0x5f, 0xff, 0xff, 0xfc, 0x00, 0x00, 0x00, 0x00,
    0x00, 0x09, 0xff, 0xff, 0xff, 0xf0, 0x5f, 0xff,
    0xff, 0xfc, 0x00, 0x00, 0x00, 0x00, 0x00, 0x02,
    0xff, 0xff, 0xff, 0xf2, 0x5f, 0xff, 0xff, 0xfc,
    0x00, 0x00, 0x00, 0x00, 0x00, 0x00, 0xff, 0xff,
    0xff, 0xf4, 0x5f, 0xff, 0xff, 0xfc, 0x00, 0x00,
    0x00, 0x00, 0x00, 0x00, 0xef, 0xff, 0xff, 0xf5,
    0x5f, 0xff, 0xff, 0xfc, 0x00, 0x00, 0x00, 0x00,
    0x00, 0x00, 0xff, 0xff, 0xff, 0xf4, 0x5f, 0xff,
    0xff, 0xfc, 0x00, 0x00, 0x00, 0x00, 0x00, 0x03,
    0xff, 0xff, 0xff, 0xf2, 0x5f, 0xff, 0xff, 0xfc,
    0x00, 0x00, 0x00, 0x00, 0x00, 0x0b, 0xff, 0xff,
    0xff, 0xf0, 0x5f, 0xff, 0xff, 0xfc, 0x00, 0x00,
    0x00, 0x00, 0x00, 0x8f, 0xff, 0xff, 0xff, 0xa0,
    0x5f, 0xff, 0xff, 0xfc, 0x00, 0x00, 0x00, 0x02,
    0x6d, 0xff, 0xff, 0xff, 0xff, 0x30, 0x5f, 0xff,
    0xff, 0xff, 0xff, 0xff, 0xff, 0xff, 0xff, 0xff,
    0xff, 0xff, 0xfa, 0x00, 0x5f, 0xff, 0xff, 0xff,
    0xff, 0xff, 0xff, 0xff, 0xff, 0xff, 0xff, 0xff,
    0xd1, 0x00, 0x5f, 0xff, 0xff, 0xff, 0xff, 0xff,
    0xff, 0xff, 0xff, 0xff, 0xff, 0xfd, 0x10, 0x00,
    0x5f, 0xff, 0xff, 0xff, 0xff, 0xff, 0xff, 0xff,
    0xff, 0xff, 0xff, 0x90, 0x00, 0x00, 0x5f, 0xff,
    0xff, 0xff, 0xff, 0xff, 0xff, 0xff, 0xff, 0xff,
    0xf5, 0x00, 0x00, 0x00, 0x5f, 0xff, 0xff, 0xfe,
    0xaa, 0xaa, 0xaa, 0xdf, 0xff, 0xff, 0xfd, 0x00,
    0x00, 0x00, 0x5f, 0xff, 0xff, 0xfc, 0x00, 0x00,
    0x00, 0x2f, 0xff, 0xff, 0xff, 0x90, 0x00, 0x00,
    0x5f, 0xff, 0xff, 0xfc, 0x00, 0x00, 0x00, 0x05,
    0xff, 0xff, 0xff, 0xf4, 0x00, 0x00, 0x5f, 0xff,
    0xff, 0xfc, 0x00, 0x00, 0x00, 0x00, 0xaf, 0xff,
    0xff, 0xfe, 0x10, 0x00, 0x5f, 0xff, 0xff, 0xfc,
    0x00, 0x00, 0x00, 0x00, 0x0d, 0xff, 0xff, 0xff,
    0xb0, 0x00, 0x5f, 0xff, 0xff, 0xfc, 0x00, 0x00,
    0x00, 0x00, 0x03, 0xff, 0xff, 0xff, 0xf7, 0x00,
    0x5f, 0xff, 0xff, 0xfc, 0x00, 0x00, 0x00, 0x00,
    0x00, 0x8f, 0xff, 0xff, 0xff, 0x20, 0x5f, 0xff,
    0xff, 0xfc, 0x00, 0x00, 0x00, 0x00, 0x00, 0x0c,
    0xff, 0xff, 0xff, 0xd0, 0x5f, 0xff, 0xff, 0xfc,
    0x00, 0x00, 0x00, 0x00, 0x00, 0x02, 0xff, 0xff,
    0xff, 0xf9,

    /* U+0053 "S" */
    0x00, 0x00, 0x00, 0x00, 0x01, 0x46, 0x77, 0x76,
    0x52, 0x00, 0x00, 0x00, 0x00, 0x00, 0x00, 0x00,
    0x28, 0xdf, 0xff, 0xff, 0xff, 0xff, 0xfc, 0x72,
    0x00, 0x00, 0x00, 0x00, 0x19, 0xff, 0xff, 0xff,
    0xff, 0xff, 0xff, 0xff, 0xff, 0xc4, 0x00, 0x00,
    0x03, 0xef, 0xff, 0xff, 0xff, 0xff, 0xff, 0xff,
    0xff, 0xff, 0xff, 0x50, 0x00, 0x2f, 0xff, 0xff,
    0xff, 0xff, 0xff, 0xff, 0xff, 0xff, 0xff, 0xff,
    0x00, 0x00, 0xdf, 0xff, 0xff, 0xff, 0xff, 0xff,
    0xff, 0xff, 0xff, 0xff, 0xf9, 0x00, 0x05, 0xff,
    0xff, 0xff, 0xff, 0xa6, 0x43, 0x45, 0x7b, 0xff,
    0xff, 0xf2, 0x00, 0x0c, 0xff, 0xff, 0xff, 0xd2,
    0x00, 0x00, 0x00, 0x00, 0x05, 0xbf, 0xc0, 0x00,
    0x0f, 0xff, 0xff, 0xff, 0x40, 0x00, 0x00, 0x00,
    0x00, 0x00, 0x03, 0x40, 0x00, 0x1f, 0xff, 0xff,
    0xff, 0x00, 0x00, 0x00, 0x00, 0x00, 0x00, 0x00,
    0x00, 0x00, 0x1f, 0xff, 0xff, 0xff, 0x10, 0x00,
    0x00, 0x00, 0x00, 0x00, 0x00, 0x00, 0x00, 0x0f,
    0xff, 0xff, 0xff, 0xb0, 0x00, 0x00, 0x00, 0x00,
    0x00, 0x00, 0x00, 0x00, 0x0d, 0xff, 0xff, 0xff,
    0xfe, 0x71, 0x00, 0x00, 0x00, 0x00, 0x00, 0x00,
    0x00, 0x07, 0xff, 0xff, 0xff, 0xff, 0xff, 0xd9,
    0x51, 0x00, 0x00, 0x00, 0x00, 0x00, 0x01, 0xef,
    0xff, 0xff, 0xff, 0xff, 0xff, 0xff, 0xd9, 0x50,
    0x00, 0x00, 0x00, 0x00, 0x3f, 0xff, 0xff, 0xff,
    0xff, 0xff, 0xff, 0xff, 0xff, 0x92, 0x00, 0x00,
    0x00, 0x02, 0xdf, 0xff, 0xff, 0xff, 0xff, 0xff,
    0xff, 0xff, 0xff, 0x80, 0x00, 0x00, 0x00, 0x06,
    0xdf, 0xff, 0xff, 0xff, 0xff, 0xff, 0xff, 0xff,
    0xfb, 0x00, 0x00, 0x00, 0x00, 0x03, 0x8d, 0xff,
    0xff, 0xff, 0xff, 0xff, 0xff, 0xff, 0x90, 0x00,
    0x00, 0x00, 0x00, 0x00, 0x15, 0x9d, 0xff, 0xff,
    0xff, 0xff, 0xff, 0xf2, 0x00, 0x00, 0x00, 0x00,
    0x00, 0x00, 0x00, 0x16, 0xcf, 0xff, 0xff, 0xff,
    0xf8, 0x00, 0x00, 0x00, 0x00, 0x00, 0x00, 0x00,
    0x00, 0x05, 0xff, 0xff, 0xff, 0xfb, 0x00, 0x00,
    0x00, 0x00, 0x00, 0x00, 0x00, 0x00, 0x00, 0x7f,
    0xff, 0xff, 0xfc, 0x00, 0x20, 0x00, 0x00, 0x00,
    0x00, 0x00, 0x00, 0x00, 0x4f, 0xff, 0xff, 0xfc,
    0x00, 0xce, 0x50, 0x00, 0x00, 0x00, 0x00, 0x00,
    0x00, 0x7f, 0xff, 0xff, 0xfa, 0x03, 0xff, 0xfd,
    0x71, 0x00, 0x00, 0x00, 0x00, 0x04, 0xff, 0xff,
    0xff, 0xf6, 0x0a, 0xff, 0xff, 0xff, 0xd9, 0x65,
    0x33, 0x47, 0xbf, 0xff, 0xff, 0xff, 0xf1, 0x2f,
    0xff, 0xff, 0xff, 0xff, 0xff, 0xff, 0xff, 0xff,
    0xff, 0xff, 0xff, 0x70, 0x9f, 0xff, 0xff, 0xff,
    0xff, 0xff, 0xff, 0xff, 0xff, 0xff, 0xff, 0xfb,
    0x00, 0x2c, 0xff, 0xff, 0xff, 0xff, 0xff, 0xff,
    0xff, 0xff, 0xff, 0xff, 0xb0, 0x00, 0x00, 0x4b,
    0xff, 0xff, 0xff, 0xff, 0xff, 0xff, 0xff, 0xff,
    0xe6, 0x00, 0x00, 0x00, 0x00, 0x27, 0xbe, 0xff,
    0xff, 0xff, 0xff, 0xff, 0xb6, 0x00, 0x00, 0x00,
    0x00, 0x00, 0x00, 0x00, 0x14, 0x56, 0x77, 0x65,
    0x30, 0x00, 0x00, 0x00, 0x00,

    /* U+0054 "T" */
    0xdf, 0xff, 0xff, 0xff, 0xff, 0xff, 0xff, 0xff,
    0xff, 0xff, 0xff, 0xff, 0xff, 0xf0, 0xdf, 0xff,
    0xff, 0xff, 0xff, 0xff, 0xff, 0xff, 0xff, 0xff,
    0xff, 0xff, 0xff, 0xf0, 0xdf, 0xff, 0xff, 0xff,
    0xff, 0xff, 0xff, 0xff, 0xff, 0xff, 0xff, 0xff,
    0xff, 0xf0, 0xdf, 0xff, 0xff, 0xff, 0xff, 0xff,
    0xff, 0xff, 0xff, 0xff, 0xff, 0xff, 0xff, 0xf0,
    0xdf, 0xff, 0xff, 0xff, 0xff, 0xff, 0xff, 0xff,
    0xff, 0xff, 0xff, 0xff, 0xff, 0xf0, 0xad, 0xdd,
    0xdd, 0xdd, 0xdd, 0xff, 0xff, 0xff, 0xfd, 0xdd,
    0xdd, 0xdd, 0xdd, 0xd0, 0x00, 0x00, 0x00, 0x00,
    0x00, 0xff, 0xff, 0xff, 0xf2, 0x00, 0x00, 0x00,
    0x00, 0x00, 0x00, 0x00, 0x00, 0x00, 0x00, 0xff,
    0xff, 0xff, 0xf2, 0x00, 0x00, 0x00, 0x00, 0x00,
    0x00, 0x00, 0x00, 0x00, 0x00, 0xff, 0xff, 0xff,
    0xf2, 0x00, 0x00, 0x00, 0x00, 0x00, 0x00, 0x00,
    0x00, 0x00, 0x00, 0xff, 0xff, 0xff, 0xf2, 0x00,
    0x00, 0x00, 0x00, 0x00, 0x00, 0x00, 0x00, 0x00,
    0x00, 0xff, 0xff, 0xff, 0xf2, 0x00, 0x00, 0x00,
    0x00, 0x00, 0x00, 0x00, 0x00, 0x00, 0x00, 0xff,
    0xff, 0xff, 0xf2, 0x00, 0x00, 0x00, 0x00, 0x00,
    0x00, 0x00, 0x00, 0x00, 0x00, 0xff, 0xff, 0xff,
    0xf2, 0x00, 0x00, 0x00, 0x00, 0x00, 0x00, 0x00,
    0x00, 0x00, 0x00, 0xff, 0xff, 0xff, 0xf2, 0x00,
    0x00, 0x00, 0x00, 0x00, 0x00, 0x00, 0x00, 0x00,
    0x00, 0xff, 0xff, 0xff, 0xf2, 0x00, 0x00, 0x00,
    0x00, 0x00, 0x00, 0x00, 0x00, 0x00, 0x00, 0xff,
    0xff, 0xff, 0xf2, 0x00, 0x00, 0x00, 0x00, 0x00,
    0x00, 0x00, 0x00, 0x00, 0x00, 0xff, 0xff, 0xff,
    0xf2, 0x00, 0x00, 0x00, 0x00, 0x00, 0x00, 0x00,
    0x00, 0x00, 0x00, 0xff, 0xff, 0xff, 0xf2, 0x00,
    0x00, 0x00, 0x00, 0x00, 0x00, 0x00, 0x00, 0x00,
    0x00, 0xff, 0xff, 0xff, 0xf2, 0x00, 0x00, 0x00,
    0x00, 0x00, 0x00, 0x00, 0x00, 0x00, 0x00, 0xff,
    0xff, 0xff, 0xf2, 0x00, 0x00, 0x00, 0x00, 0x00,
    0x00, 0x00, 0x00, 0x00, 0x00, 0xff, 0xff, 0xff,
    0xf2, 0x00, 0x00, 0x00, 0x00, 0x00, 0x00, 0x00,
    0x00, 0x00, 0x00, 0xff, 0xff, 0xff, 0xf2, 0x00,
    0x00, 0x00, 0x00, 0x00, 0x00, 0x00, 0x00, 0x00,
    0x00, 0xff, 0xff, 0xff, 0xf2, 0x00, 0x00, 0x00,
    0x00, 0x00, 0x00, 0x00, 0x00, 0x00, 0x00, 0xff,
    0xff, 0xff, 0xf2, 0x00, 0x00, 0x00, 0x00, 0x00,
    0x00, 0x00, 0x00, 0x00, 0x00, 0xff, 0xff, 0xff,
    0xf2, 0x00, 0x00, 0x00, 0x00, 0x00, 0x00, 0x00,
    0x00, 0x00, 0x00, 0xff, 0xff, 0xff, 0xf2, 0x00,
    0x00, 0x00, 0x00, 0x00, 0x00, 0x00, 0x00, 0x00,
    0x00, 0xff, 0xff, 0xff, 0xf2, 0x00, 0x00, 0x00,
    0x00, 0x00, 0x00, 0x00, 0x00, 0x00, 0x00, 0xff,
    0xff, 0xff, 0xf2, 0x00, 0x00, 0x00, 0x00, 0x00,
    0x00, 0x00, 0x00, 0x00, 0x00, 0xff, 0xff, 0xff,
    0xf2, 0x00, 0x00, 0x00, 0x00, 0x00, 0x00, 0x00,
    0x00, 0x00, 0x00, 0xff, 0xff, 0xff, 0xf2, 0x00,
    0x00, 0x00, 0x00, 0x00, 0x00, 0x00, 0x00, 0x00,
    0x00, 0xff, 0xff, 0xff, 0xf2, 0x00, 0x00, 0x00,
    0x00, 0x00,

    /* U+0055 "U" */
    0x9f, 0xff, 0xff, 0xf8, 0x00, 0x00, 0x00, 0x00,
    0x00, 0x00, 0x0c, 0xff, 0xff, 0xff, 0x49, 0xff,
    0xff, 0xff, 0x80, 0x00, 0x00, 0x00, 0x00, 0x00,
    0x00, 0xcf, 0xff, 0xff, 0xf4, 0x9f, 0xff, 0xff,
    0xf8, 0x00, 0x00, 0x00, 0x00, 0x00, 0x00, 0x0c,
    0xff, 0xff, 0xff, 0x49, 0xff, 0xff, 0xff, 0x80,
    0x00, 0x00, 0x00, 0x00, 0x00, 0x00, 0xcf, 0xff,
    0xff, 0xf4, 0x9f, 0xff, 0xff, 0xf8, 0x00, 0x00,
    0x00, 0x00, 0x00, 0x00, 0x0c, 0xff, 0xff, 0xff,
    0x49, 0xff, 0xff, 0xff, 0x80, 0x00, 0x00, 0x00,
    0x00, 0x00, 0x00, 0xcf, 0xff, 0xff, 0xf4, 0x9f,
    0xff, 0xff, 0xf8, 0x00, 0x00, 0x00, 0x00, 0x00,
    0x00, 0x0c, 0xff, 0xff, 0xff, 0x49, 0xff, 0xff,
    0xff, 0x80, 0x00, 0x00, 0x00, 0x00, 0x00, 0x00,
    0xcf, 0xff, 0xff, 0xf4, 0x9f, 0xff, 0xff, 0xf8,
    0x00, 0x00, 0x00, 0x00, 0x00, 0x00, 0x0c, 0xff,
    0xff, 0xff, 0x49, 0xff, 0xff, 0xff, 0x80, 0x00,
    0x00, 0x00, 0x00, 0x00, 0x00, 0xcf, 0xff, 0xff,
    0xf4, 0x9f, 0xff, 0xff, 0xf8, 0x00, 0x00, 0x00,
    0x00, 0x00, 0x00, 0x0c, 0xff, 0xff, 0xff, 0x49,
    0xff, 0xff, 0xff, 0x80, 0x00, 0x00, 0x00, 0x00,
    0x00, 0x00, 0xcf, 0xff, 0xff, 0xf4, 0x9f, 0xff,
    0xff, 0xf8, 0x00, 0x00, 0x00, 0x00, 0x00, 0x00,
    0x0c, 0xff, 0xff, 0xff, 0x49, 0xff, 0xff, 0xff,
    0x80, 0x00, 0x00, 0x00, 0x00, 0x00, 0x00, 0xcf,
    0xff, 0xff, 0xf4, 0x9f, 0xff, 0xff, 0xf8, 0x00,
    0x00, 0x00, 0x00, 0x00, 0x00, 0x0c, 0xff, 0xff,
    0xff, 0x49, 0xff, 0xff, 0xff, 0x80, 0x00, 0x00,
    0x00, 0x00, 0x00, 0x00, 0xcf, 0xff, 0xff, 0xf4,
    0x9f, 0xff, 0xff, 0xf8, 0x00, 0x00, 0x00, 0x00,
    0x00, 0x00, 0x0c, 0xff, 0xff, 0xff, 0x49, 0xff,
    0xff, 0xff, 0x80, 0x00, 0x00, 0x00, 0x00, 0x00,
    0x00, 0xcf, 0xff, 0xff, 0xf4, 0x8f, 0xff, 0xff,
    0xf9, 0x00, 0x00, 0x00, 0x00, 0x00, 0x00, 0x0d,
    0xff, 0xff, 0xff, 0x37, 0xff, 0xff, 0xff, 0xb0,
    0x00, 0x00, 0x00, 0x00, 0x00, 0x00, 0xef, 0xff,
    0xff, 0xf1, 0x5f, 0xff, 0xff, 0xfe, 0x00, 0x00,
    0x00, 0x00, 0x00, 0x00, 0x1f, 0xff, 0xff, 0xff,
    0x02, 0xff, 0xff, 0xff, 0xf3, 0x00, 0x00, 0x00,
    0x00, 0x00, 0x06, 0xff, 0xff, 0xff, 0xd0, 0x0e,
    0xff, 0xff, 0xff, 0xa0, 0x00, 0x00, 0x00, 0x00,
    0x00, 0xdf, 0xff, 0xff, 0xf9, 0x00, 0x9f, 0xff,
    0xff, 0xff, 0x60, 0x00, 0x00, 0x00, 0x00, 0x9f,
    0xff, 0xff, 0xff, 0x40, 0x02, 0xff, 0xff, 0xff,
    0xff, 0x91, 0x00, 0x00, 0x02, 0xbf, 0xff, 0xff,
    0xff, 0xc0, 0x00, 0x0a, 0xff, 0xff, 0xff, 0xff,
    0xfc, 0xa9, 0xad, 0xff, 0xff, 0xff, 0xff, 0xf5,
    0x00, 0x00, 0x1e, 0xff, 0xff, 0xff, 0xff, 0xff,
    0xff, 0xff, 0xff, 0xff, 0xff, 0xfa, 0x00, 0x00,
    0x00, 0x3f, 0xff, 0xff, 0xff, 0xff, 0xff, 0xff,
    0xff, 0xff, 0xff, 0xfc, 0x00, 0x00, 0x00, 0x00,
    0x3e, 0xff, 0xff, 0xff, 0xff, 0xff, 0xff, 0xff,
    0xff, 0xfa, 0x00, 0x00, 0x00, 0x00, 0x00, 0x1a,
    0xff, 0xff, 0xff, 0xff, 0xff, 0xff, 0xff, 0xe6,
    0x00, 0x00, 0x00, 0x00, 0x00, 0x00, 0x02, 0x8d,
    0xff, 0xff, 0xff, 0xff, 0xfc, 0x60, 0x00, 0x00,
    0x00, 0x00, 0x00, 0x00, 0x00, 0x00, 0x01, 0x45,
    0x77, 0x65, 0x30, 0x00, 0x00, 0x00, 0x00, 0x00,

    /* U+0056 "V" */
    0x2f, 0xff, 0xff, 0xff, 0x80, 0x00, 0x00, 0x00,
    0x00, 0x00, 0x00, 0x00, 0x00, 0x1f, 0xff, 0xff,
    0xff, 0x10, 0xcf, 0xff, 0xff, 0xfe, 0x00, 0x00,
    0x00, 0x00, 0x00, 0x00, 0x00, 0x00, 0x07, 0xff,
    0xff, 0xff, 0x90, 0x05, 0xff, 0xff, 0xff, 0xf5,
    0x00, 0x00, 0x00, 0x00, 0x00, 0x00, 0x00, 0x00,
    0xef, 0xff, 0xff, 0xf3, 0x00, 0x0e, 0xff, 0xff,
    0xff, 0xc0, 0x00, 0x00, 0x00, 0x00, 0x00, 0x00,
    0x00, 0x5f, 0xff, 0xff, 0xfc, 0x00, 0x00, 0x7f,
    0xff, 0xff, 0xff, 0x30, 0x00, 0x00, 0x00, 0x00,
    0x00, 0x00, 0x0c, 0xff, 0xff, 0xff, 0x50, 0x00,
    0x01, 0xff, 0xff, 0xff, 0xf9, 0x00, 0x00, 0x00,
    0x00, 0x00, 0x00, 0x02, 0xff, 0xff, 0xff, 0xe0,
    0x00, 0x00, 0x09, 0xff, 0xff, 0xff, 0xf1, 0x00,
    0x00, 0x00, 0x00, 0x00, 0x00, 0x9f, 0xff, 0xff,
    0xf7, 0x00, 0x00, 0x00, 0x2f, 0xff, 0xff, 0xff,
    0x70, 0x00, 0x00, 0x00, 0x00, 0x00, 0x1f, 0xff,
    0xff, 0xff, 0x10, 0x00, 0x00, 0x00, 0xcf, 0xff,
    0xff, 0xfe, 0x00, 0x00, 0x00, 0x00, 0x00, 0x07,
    0xff, 0xff, 0xff, 0x90, 0x00, 0x00, 0x00, 0x05,
    0xff, 0xff, 0xff, 0xf5, 0x00, 0x00, 0x00, 0x00,
    0x00, 0xef, 0xff, 0xff, 0xf2, 0x00, 0x00, 0x00,
    0x00, 0x0e, 0xff, 0xff, 0xff, 0xb0, 0x00, 0x00,
    0x00, 0x00, 0x5f, 0xff, 0xff, 0xfc, 0x00, 0x00,
    0x00, 0x00, 0x00, 0x7f, 0xff, 0xff, 0xff, 0x20,
    0x00, 0x00, 0x00, 0x0c, 0xff, 0xff, 0xff, 0x50,
    0x00, 0x00, 0x00, 0x00, 0x01, 0xff, 0xff, 0xff,
    0xf9, 0x00, 0x00, 0x00, 0x02, 0xff, 0xff, 0xff,
    0xe0, 0x00, 0x00, 0x00, 0x00, 0x00, 0x09, 0xff,
    0xff, 0xff, 0xf0, 0x00, 0x00, 0x00, 0x9f, 0xff,
    0xff, 0xf7, 0x00, 0x00, 0x00, 0x00, 0x00, 0x00,
    0x2f, 0xff, 0xff, 0xff, 0x60, 0x00, 0x00, 0x1f,
    0xff, 0xff, 0xff, 0x10, 0x00, 0x00, 0x00, 0x00,
    0x00, 0x00, 0xcf, 0xff, 0xff, 0xfd, 0x00, 0x00,
    0x07, 0xff, 0xff, 0xff, 0x90, 0x00, 0x00, 0x00,
    0x00, 0x00, 0x00, 0x05, 0xff, 0xff, 0xff, 0xf4,
    0x00, 0x00, 0xef, 0xff, 0xff, 0xf2, 0x00, 0x00,
    0x00, 0x00, 0x00, 0x00, 0x00, 0x0e, 0xff, 0xff,
    0xff, 0xb0, 0x00, 0x5f, 0xff, 0xff, 0xfb, 0x00,
    0x00, 0x00, 0x00, 0x00, 0x00, 0x00, 0x00, 0x7f,
    0xff, 0xff, 0xff, 0x20, 0x0c, 0xff, 0xff, 0xff,
    0x40, 0x00, 0x00, 0x00, 0x00, 0x00, 0x00, 0x00,
    0x01, 0xff, 0xff, 0xff, 0xf8, 0x03, 0xff, 0xff,
    0xff, 0xd0, 0x00, 0x00, 0x00, 0x00, 0x00, 0x00,
    0x00, 0x00, 0x09, 0xff, 0xff, 0xff, 0xe0, 0xaf,
    0xff, 0xff, 0xf7, 0x00, 0x00, 0x00, 0x00, 0x00,
    0x00, 0x00, 0x00, 0x00, 0x2f, 0xff, 0xff, 0xff,
    0x7f, 0xff, 0xff, 0xff, 0x10, 0x00, 0x00, 0x00,
    0x00, 0x00, 0x00, 0x00, 0x00, 0x00, 0xcf, 0xff,
    0xff, 0xff, 0xff, 0xff, 0xff, 0x90, 0x00, 0x00,
    0x00, 0x00, 0x00, 0x00, 0x00, 0x00, 0x00, 0x05,
    0xff, 0xff, 0xff, 0xff, 0xff, 0xff, 0xf2, 0x00,
    0x00, 0x00, 0x00, 0x00, 0x00, 0x00, 0x00, 0x00,
    0x00, 0x0e, 0xff, 0xff, 0xff, 0xff, 0xff, 0xfb,
    0x00, 0x00, 0x00, 0x00, 0x00, 0x00, 0x00, 0x00,
    0x00, 0x00, 0x00, 0x7f, 0xff, 0xff, 0xff, 0xff,
    0xff, 0x40, 0x00, 0x00, 0x00, 0x00, 0x00, 0x00,
    0x00, 0x00, 0x00, 0x00, 0x01, 0xff, 0xff, 0xff,
    0xff, 0xff, 0xd0, 0x00, 0x00, 0x00, 0x00, 0x00,
    0x00, 0x00, 0x00, 0x00, 0x00, 0x00, 0x09, 0xff,
    0xff, 0xff, 0xff, 0xf7, 0x00, 0x00, 0x00, 0x00,
    0x00, 0x00, 0x00, 0x00, 0x00, 0x00, 0x00, 0x00,
    0x2f, 0xff, 0xff, 0xff, 0xff, 0x00, 0x00, 0x00,
    0x00, 0x00, 0x00, 0x00, 0x00, 0x00, 0x00, 0x00,
    0x00, 0x00, 0xcf, 0xff, 0xff, 0xff, 0x90, 0x00,
    0x00, 0x00, 0x00, 0x00, 0x00, 0x00, 0x00, 0x00,
    0x00, 0x00, 0x00, 0x05, 0xff, 0xff, 0xff, 0xf2,
    0x00, 0x00, 0x00, 0x00, 0x00, 0x00, 0x00,

    /* U+0057 "W" */
    0x0d, 0xff, 0xff, 0xff, 0x80, 0x00, 0x00, 0x00,
    0x00, 0x00, 0x00, 0x9f, 0xff, 0xff, 0xf5, 0x00,
    0x00, 0x00, 0x00, 0x00, 0x00, 0x0c, 0xff, 0xff,
    0xff, 0x00, 0x8f, 0xff, 0xff, 0xfd, 0x00, 0x00,
    0x00, 0x00, 0x00, 0x00, 0x0e, 0xff, 0xff, 0xff,
    0xa0, 0x00, 0x00, 0x00, 0x00, 0x00, 0x01, 0xff,
    0xff, 0xff, 0xb0, 0x03, 0xff, 0xff, 0xff, 0xf2,
    0x00, 0x00, 0x00, 0x00, 0x00, 0x04, 0xff, 0xff,
    0xff, 0xff, 0x00, 0x00, 0x00, 0x00, 0x00, 0x00,
    0x6f, 0xff, 0xff, 0xf6, 0x00, 0x0e, 0xff, 0xff,
    0xff, 0x70, 0x00, 0x00, 0x00, 0x00, 0x00, 0x9f,
    0xff, 0xff, 0xff, 0xf4, 0x00, 0x00, 0x00, 0x00,
    0x00, 0x0c, 0xff, 0xff, 0xff, 0x10, 0x00, 0x9f,
    0xff, 0xff, 0xfc, 0x00, 0x00, 0x00, 0x00, 0x00,
    0x0e, 0xff, 0xff, 0xff, 0xff, 0x90, 0x00, 0x00,
    0x00, 0x00, 0x01, 0xff, 0xff, 0xff, 0xb0, 0x00,
    0x03, 0xff, 0xff, 0xff, 0xf1, 0x00, 0x00, 0x00,
    0x00, 0x04, 0xff, 0xff, 0xff, 0xff, 0xfe, 0x00,
    0x00, 0x00, 0x00, 0x00, 0x6f, 0xff, 0xff, 0xf6,
    0x00, 0x00, 0x0e, 0xff, 0xff, 0xff, 0x60, 0x00,
    0x00, 0x00, 0x00, 0x9f, 0xff, 0xff, 0xff, 0xff,
    0xf4, 0x00, 0x00, 0x00, 0x00, 0x0b, 0xff, 0xff,
    0xff, 0x10, 0x00, 0x00, 0x9f, 0xff, 0xff, 0xfc,
    0x00, 0x00, 0x00, 0x00, 0x0e, 0xff, 0xff, 0xff,
    0xff, 0xff, 0x90, 0x00, 0x00, 0x00, 0x01, 0xff,
    0xff, 0xff, 0xc0, 0x00, 0x00, 0x04, 0xff, 0xff,
    0xff, 0xf1, 0x00, 0x00, 0x00, 0x04, 0xff, 0xff,
    0xff, 0xff, 0xff, 0xfe, 0x00, 0x00, 0x00, 0x00,
    0x6f, 0xff, 0xff, 0xf7, 0x00, 0x00, 0x00, 0x0e,
    0xff, 0xff, 0xff, 0x60, 0x00, 0x00, 0x00, 0x9f,
    0xff, 0xff, 0xff, 0xff, 0xff, 0xf3, 0x00, 0x00,
    0x00, 0x0b, 0xff, 0xff, 0xff, 0x10, 0x00, 0x00,
    0x00, 0x9f, 0xff, 0xff, 0xfb, 0x00, 0x00, 0x00,
    0x0e, 0xff, 0xff, 0xfa, 0xff, 0xff, 0xff, 0x80,
    0x00, 0x00, 0x00, 0xff, 0xff, 0xff, 0xc0, 0x00,
    0x00, 0x00, 0x04, 0xff, 0xff, 0xff, 0xf0, 0x00,
    0x00, 0x04, 0xff, 0xff, 0xff, 0x3d, 0xff, 0xff,
    0xfd, 0x00, 0x00, 0x00, 0x5f, 0xff, 0xff, 0xf7,
    0x00, 0x00, 0x00, 0x00, 0x0e, 0xff, 0xff, 0xff,
    0x50, 0x00, 0x00, 0x9f, 0xff, 0xff, 0xd0, 0x7f,
    0xff, 0xff, 0xf2, 0x00, 0x00, 0x0b, 0xff, 0xff,
    0xff, 0x20, 0x00, 0x00, 0x00, 0x00, 0xaf, 0xff,
    0xff, 0xfa, 0x00, 0x00, 0x0e, 0xff, 0xff, 0xf8,
    0x02, 0xff, 0xff, 0xff, 0x80, 0x00, 0x00, 0xff,
    0xff, 0xff, 0xd0, 0x00, 0x00, 0x00, 0x00, 0x04,
    0xff, 0xff, 0xff, 0xf0, 0x00, 0x04, 0xff, 0xff,
    0xff, 0x30, 0x0d, 0xff, 0xff, 0xfd, 0x00, 0x00,
    0x5f, 0xff, 0xff, 0xf7, 0x00, 0x00, 0x00, 0x00,
    0x00, 0x0f, 0xff, 0xff, 0xff, 0x40, 0x00, 0x9f,
    0xff, 0xff, 0xd0, 0x00, 0x8f, 0xff, 0xff, 0xf2,
    0x00, 0x0a, 0xff, 0xff, 0xff, 0x20, 0x00, 0x00,
    0x00, 0x00, 0x00, 0xaf, 0xff, 0xff, 0xfa, 0x00,
    0x0e, 0xff, 0xff, 0xf8, 0x00, 0x03, 0xff, 0xff,
    0xff, 0x70, 0x00, 0xff, 0xff, 0xff, 0xd0, 0x00,
    0x00, 0x00, 0x00, 0x00, 0x05, 0xff, 0xff, 0xff,
    0xe0, 0x04, 0xff, 0xff, 0xff, 0x30, 0x00, 0x0e,
    0xff, 0xff, 0xfc, 0x00, 0x5f, 0xff, 0xff, 0xf8,
    0x00, 0x00, 0x00, 0x00, 0x00, 0x00, 0x0f, 0xff,
    0xff, 0xff, 0x40, 0x9f, 0xff, 0xff, 0xd0, 0x00,
    0x00, 0x9f, 0xff, 0xff, 0xf1, 0x0a, 0xff, 0xff,
    0xff, 0x20, 0x00, 0x00, 0x00, 0x00, 0x00, 0x00,
    0xaf, 0xff, 0xff, 0xf9, 0x0e, 0xff, 0xff, 0xf8,
    0x00, 0x00, 0x03, 0xff, 0xff, 0xff, 0x60, 0xff,
    0xff, 0xff, 0xd0, 0x00, 0x00, 0x00, 0x00, 0x00,
    0x00, 0x05, 0xff, 0xff, 0xff, 0xe4, 0xff, 0xff,
    0xff, 0x30, 0x00, 0x00, 0x0e, 0xff, 0xff, 0xfb,
    0x4f, 0xff, 0xff, 0xf8, 0x00, 0x00, 0x00, 0x00,
    0x00, 0x00, 0x00, 0x0f, 0xff, 0xff, 0xff, 0xcf,
    0xff, 0xff, 0xd0, 0x00, 0x00, 0x00, 0x9f, 0xff,
    0xff, 0xfb, 0xff, 0xff, 0xff, 0x30, 0x00, 0x00,
    0x00, 0x00, 0x00, 0x00, 0x00, 0xaf, 0xff, 0xff,
    0xff, 0xff, 0xff, 0xf8, 0x00, 0x00, 0x00, 0x04,
    0xff, 0xff, 0xff, 0xff, 0xff, 0xff, 0xe0, 0x00,
    0x00, 0x00, 0x00, 0x00, 0x00, 0x00, 0x05, 0xff,
    0xff, 0xff, 0xff, 0xff, 0xff, 0x30, 0x00, 0x00,
    0x00, 0x0e, 0xff, 0xff, 0xff, 0xff, 0xff, 0xf8,
    0x00, 0x00, 0x00, 0x00, 0x00, 0x00, 0x00, 0x00,
    0x0f, 0xff, 0xff, 0xff, 0xff, 0xff, 0xd0, 0x00,
    0x00, 0x00, 0x00, 0xaf, 0xff, 0xff, 0xff, 0xff,
    0xff, 0x30, 0x00, 0x00, 0x00, 0x00, 0x00, 0x00,
    0x00, 0x00, 0xbf, 0xff, 0xff, 0xff, 0xff, 0xf8,
    0x00, 0x00, 0x00, 0x00, 0x04, 0xff, 0xff, 0xff,
    0xff, 0xff, 0xe0, 0x00, 0x00, 0x00, 0x00, 0x00,
    0x00, 0x00, 0x00, 0x06, 0xff, 0xff, 0xff, 0xff,
    0xff, 0x30, 0x00, 0x00, 0x00, 0x00, 0x0f, 0xff,
    0xff, 0xff, 0xff, 0xf9, 0x00, 0x00, 0x00, 0x00,
    0x00, 0x00, 0x00, 0x00, 0x00, 0x1f, 0xff, 0xff,
    0xff, 0xff, 0xd0, 0x00, 0x00, 0x00, 0x00, 0x00,
    0xaf, 0xff, 0xff, 0xff, 0xff, 0x40, 0x00, 0x00,
    0x00, 0x00, 0x00, 0x00, 0x00, 0x00, 0x00, 0xbf,
    0xff, 0xff, 0xff, 0xf8, 0x00, 0x00, 0x00, 0x00,
    0x00, 0x05, 0xff, 0xff, 0xff, 0xff, 0xe0, 0x00,
    0x00, 0x00, 0x00, 0x00, 0x00, 0x00, 0x00, 0x00,
    0x06, 0xff, 0xff, 0xff, 0xff, 0x30, 0x00, 0x00,
    0x00, 0x00, 0x00, 0x0f, 0xff, 0xff, 0xff, 0xf9,
    0x00, 0x00, 0x00, 0x00, 0x00, 0x00, 0x00, 0x00,
    0x00, 0x00, 0x1f, 0xff, 0xff, 0xff, 0xd0, 0x00,
    0x00, 0x00, 0x00, 0x00, 0x00, 0xbf, 0xff, 0xff,
    0xff, 0x40, 0x00, 0x00, 0x00, 0x00, 0x00,

    /* U+0058 "X" */
    0x1e, 0xff, 0xff, 0xff, 0xf2, 0x00, 0x00, 0x00,
    0x00, 0x00, 0x00, 0x8f, 0xff, 0xff, 0xff, 0x30,
    0x03, 0xff, 0xff, 0xff, 0xfd, 0x00, 0x00, 0x00,
    0x00, 0x00, 0x03, 0xff, 0xff, 0xff, 0xf7, 0x00,
    0x00, 0x8f, 0xff, 0xff, 0xff, 0x80, 0x00, 0x00,
    0x00, 0x00, 0x0d, 0xff, 0xff, 0xff, 0xb0, 0x00,
    0x00, 0x0c, 0xff, 0xff, 0xff, 0xf4, 0x00, 0x00,
    0x00, 0x00, 0x9f, 0xff, 0xff, 0xfe, 0x10, 0x00,
    0x00, 0x02, 0xff, 0xff, 0xff, 0xfe, 0x10, 0x00,
    0x00, 0x04, 0xff, 0xff, 0xff, 0xf4, 0x00, 0x00,
    0x00, 0x00, 0x6f, 0xff, 0xff, 0xff, 0xa0, 0x00,
    0x00, 0x1e, 0xff, 0xff, 0xff, 0x90, 0x00, 0x00,
    0x00, 0x00, 0x0b, 0xff, 0xff, 0xff, 0xf5, 0x00,
    0x00, 0xbf, 0xff, 0xff, 0xfd, 0x00, 0x00, 0x00,
    0x00, 0x00, 0x01, 0xef, 0xff, 0xff, 0xff, 0x20,
    0x06, 0xff, 0xff, 0xff, 0xf2, 0x00, 0x00, 0x00,
    0x00, 0x00, 0x00, 0x4f, 0xff, 0xff, 0xff, 0xc0,
    0x2f, 0xff, 0xff, 0xff, 0x60, 0x00, 0x00, 0x00,
    0x00, 0x00, 0x00, 0x09, 0xff, 0xff, 0xff, 0xf7,
    0xcf, 0xff, 0xff, 0xfb, 0x00, 0x00, 0x00, 0x00,
    0x00, 0x00, 0x00, 0x00, 0xdf, 0xff, 0xff, 0xff,
    0xff, 0xff, 0xff, 0xe1, 0x00, 0x00, 0x00, 0x00,
    0x00, 0x00, 0x00, 0x00, 0x2f, 0xff, 0xff, 0xff,
    0xff, 0xff, 0xff, 0x40, 0x00, 0x00, 0x00, 0x00,
    0x00, 0x00, 0x00, 0x00, 0x07, 0xff, 0xff, 0xff,
    0xff, 0xff, 0xf9, 0x00, 0x00, 0x00, 0x00, 0x00,
    0x00, 0x00, 0x00, 0x00, 0x00, 0xbf, 0xff, 0xff,
    0xff, 0xff, 0xd0, 0x00, 0x00, 0x00, 0x00, 0x00,
    0x00, 0x00, 0x00, 0x00, 0x00, 0x1e, 0xff, 0xff,
    0xff, 0xff, 0x20, 0x00, 0x00, 0x00, 0x00, 0x00,
    0x00, 0x00, 0x00, 0x00, 0x00, 0x0b, 0xff, 0xff,
    0xff, 0xff, 0x30, 0x00, 0x00, 0x00, 0x00, 0x00,
    0x00, 0x00, 0x00, 0x00, 0x00, 0x6f, 0xff, 0xff,
    0xff, 0xff, 0xd0, 0x00, 0x00, 0x00, 0x00, 0x00,
    0x00, 0x00, 0x00, 0x00, 0x02, 0xff, 0xff, 0xff,
    0xff, 0xff, 0xf9, 0x00, 0x00, 0x00, 0x00, 0x00,
    0x00, 0x00, 0x00, 0x00, 0x0d, 0xff, 0xff, 0xff,
    0xff, 0xff, 0xff, 0x50, 0x00, 0x00, 0x00, 0x00,
    0x00, 0x00, 0x00, 0x00, 0x9f, 0xff, 0xff, 0xff,
    0xff, 0xff, 0xff, 0xe1, 0x00, 0x00, 0x00, 0x00,
    0x00, 0x00, 0x00, 0x04, 0xff, 0xff, 0xff, 0xf9,
    0xff, 0xff, 0xff, 0xfb, 0x00, 0x00, 0x00, 0x00,
    0x00, 0x00, 0x00, 0x1e, 0xff, 0xff, 0xff, 0xc0,
    0x8f, 0xff, 0xff, 0xff, 0x70, 0x00, 0x00, 0x00,
    0x00, 0x00, 0x00, 0xbf, 0xff, 0xff, 0xff, 0x20,
    0x0c, 0xff, 0xff, 0xff, 0xf3, 0x00, 0x00, 0x00,
    0x00, 0x00, 0x07, 0xff, 0xff, 0xff, 0xf6, 0x00,
    0x02, 0xff, 0xff, 0xff, 0xfd, 0x00, 0x00, 0x00,
    0x00, 0x00, 0x3f, 0xff, 0xff, 0xff, 0xb0, 0x00,
    0x00, 0x6f, 0xff, 0xff, 0xff, 0x90, 0x00, 0x00,
    0x00, 0x00, 0xdf, 0xff, 0xff, 0xff, 0x10, 0x00,
    0x00, 0x0b, 0xff, 0xff, 0xff, 0xf5, 0x00, 0x00,
    0x00, 0x0a, 0xff, 0xff, 0xff, 0xf5, 0x00, 0x00,
    0x00, 0x01, 0xef, 0xff, 0xff, 0xfe, 0x10, 0x00,
    0x00, 0x5f, 0xff, 0xff, 0xff, 0xb0, 0x00, 0x00,
    0x00, 0x00, 0x5f, 0xff, 0xff, 0xff, 0xc0, 0x00,
    0x02, 0xff, 0xff, 0xff, 0xfe, 0x10, 0x00, 0x00,
    0x00, 0x00, 0x0a, 0xff, 0xff, 0xff, 0xf7, 0x00,
    0x0c, 0xff, 0xff, 0xff, 0xf5, 0x00, 0x00, 0x00,
    0x00, 0x00, 0x01, 0xef, 0xff, 0xff, 0xff, 0x30,
    0x8f, 0xff, 0xff, 0xff, 0xa0, 0x00, 0x00, 0x00,
    0x00, 0x00, 0x00, 0x4f, 0xff, 0xff, 0xff, 0xd0,

    /* U+0059 "Y" */
    0x5f, 0xff, 0xff, 0xff, 0x40, 0x00, 0x00, 0x00,
    0x00, 0x00, 0x00, 0x00, 0xdf, 0xff, 0xff, 0xf2,
    0x0b, 0xff, 0xff, 0xff, 0xd0, 0x00, 0x00, 0x00,
    0x00, 0x00, 0x00, 0x07, 0xff, 0xff, 0xff, 0x80,
    0x02, 0xff, 0xff, 0xff, 0xf7, 0x00, 0x00, 0x00,
    0x00, 0x00, 0x00, 0x2f, 0xff, 0xff, 0xfd, 0x00,
    0x00, 0x8f, 0xff, 0xff, 0xff, 0x10, 0x00, 0x00,
    0x00, 0x00, 0x00, 0xbf, 0xff, 0xff, 0xf4, 0x00,
    0x00, 0x0e, 0xff, 0xff, 0xff, 0xa0, 0x00, 0x00,
    0x00, 0x00, 0x04, 0xff, 0xff, 0xff, 0xb0, 0x00,
    0x00, 0x05, 0xff, 0xff, 0xff, 0xf3, 0x00, 0x00,
    0x00, 0x00, 0x0d, 0xff, 0xff, 0xff, 0x20, 0x00,
    0x00, 0x00, 0xbf, 0xff, 0xff, 0xfc, 0x00, 0x00,
    0x00, 0x00, 0x8f, 0xff, 0xff, 0xf8, 0x00, 0x00,
    0x00, 0x00, 0x2f, 0xff, 0xff, 0xff, 0x60, 0x00,
    0x00, 0x02, 0xff, 0xff, 0xff, 0xe0, 0x00, 0x00,
    0x00, 0x00, 0x08, 0xff, 0xff, 0xff, 0xe1, 0x00,
    0x00, 0x0b, 0xff, 0xff, 0xff, 0x50, 0x00, 0x00,
    0x00, 0x00, 0x00, 0xef, 0xff, 0xff, 0xf9, 0x00,
    0x00, 0x4f, 0xff, 0xff, 0xfb, 0x00, 0x00, 0x00,
    0x00, 0x00, 0x00, 0x5f, 0xff, 0xff, 0xff, 0x30,
    0x00, 0xdf, 0xff, 0xff, 0xf2, 0x00, 0x00, 0x00,
    0x00, 0x00, 0x00, 0x0b, 0xff, 0xff, 0xff, 0xc0,
    0x08, 0xff, 0xff, 0xff, 0x80, 0x00, 0x00, 0x00,
    0x00, 0x00, 0x00, 0x02, 0xff, 0xff, 0xff, 0xf6,
    0x2f, 0xff, 0xff, 0xfe, 0x00, 0x00, 0x00, 0x00,
    0x00, 0x00, 0x00, 0x00, 0x8f, 0xff, 0xff, 0xfe,
    0xbf, 0xff, 0xff, 0xf5, 0x00, 0x00, 0x00, 0x00,
    0x00, 0x00, 0x00, 0x00, 0x0e, 0xff, 0xff, 0xff,
    0xff, 0xff, 0xff, 0xb0, 0x00, 0x00, 0x00, 0x00,
    0x00, 0x00, 0x00, 0x00, 0x05, 0xff, 0xff, 0xff,
    0xff, 0xff, 0xff, 0x20, 0x00, 0x00, 0x00, 0x00,
    0x00, 0x00, 0x00, 0x00, 0x00, 0xcf, 0xff, 0xff,
    0xff, 0xff, 0xf8, 0x00, 0x00, 0x00, 0x00, 0x00,
    0x00, 0x00, 0x00, 0x00, 0x00, 0x2f, 0xff, 0xff,
    0xff, 0xff, 0xe0, 0x00, 0x00, 0x00, 0x00, 0x00,
    0x00, 0x00, 0x00, 0x00, 0x00, 0x09, 0xff, 0xff,
    0xff, 0xff, 0x50, 0x00, 0x00, 0x00, 0x00, 0x00,
    0x00, 0x00, 0x00, 0x00, 0x00, 0x00, 0xef, 0xff,
    0xff, 0xfb, 0x00, 0x00, 0x00, 0x00, 0x00, 0x00,
    0x00, 0x00, 0x00, 0x00, 0x00, 0x00, 0xbf, 0xff,
    0xff, 0xf7, 0x00, 0x00, 0x00, 0x00, 0x00, 0x00,
    0x00, 0x00, 0x00, 0x00, 0x00, 0x00, 0xbf, 0xff,
    0xff, 0xf7, 0x00, 0x00, 0x00, 0x00, 0x00, 0x00,
    0x00, 0x00, 0x00, 0x00, 0x00, 0x00, 0xbf, 0xff,
    0xff, 0xf7, 0x00, 0x00, 0x00, 0x00, 0x00, 0x00,
    0x00, 0x00, 0x00, 0x00, 0x00, 0x00, 0xbf, 0xff,
    0xff, 0xf7, 0x00, 0x00, 0x00, 0x00, 0x00, 0x00,
    0x00, 0x00, 0x00, 0x00, 0x00, 0x00, 0xbf, 0xff,
    0xff, 0xf7, 0x00, 0x00, 0x00, 0x00, 0x00, 0x00,
    0x00, 0x00, 0x00, 0x00, 0x00, 0x00, 0xbf, 0xff,
    0xff, 0xf7, 0x00, 0x00, 0x00, 0x00, 0x00, 0x00,
    0x00, 0x00, 0x00, 0x00, 0x00, 0x00, 0xbf, 0xff,
    0xff, 0xf7, 0x00, 0x00, 0x00, 0x00, 0x00, 0x00,
    0x00, 0x00, 0x00, 0x00, 0x00, 0x00, 0xbf, 0xff,
    0xff, 0xf7, 0x00, 0x00, 0x00, 0x00, 0x00, 0x00,
    0x00, 0x00, 0x00, 0x00, 0x00, 0x00, 0xbf, 0xff,
    0xff, 0xf7, 0x00, 0x00, 0x00, 0x00, 0x00, 0x00,
    0x00, 0x00, 0x00, 0x00, 0x00, 0x00, 0xbf, 0xff,
    0xff, 0xf7, 0x00, 0x00, 0x00, 0x00, 0x00, 0x00,
    0x00, 0x00, 0x00, 0x00, 0x00, 0x00, 0xbf, 0xff,
    0xff, 0xf7, 0x00, 0x00, 0x00, 0x00, 0x00, 0x00,

    /* U+005A "Z" */
    0x0f, 0xff, 0xff, 0xff, 0xff, 0xff, 0xff, 0xff,
    0xff, 0xff, 0xff, 0xff, 0xff, 0xf0, 0x0f, 0xff,
    0xff, 0xff, 0xff, 0xff, 0xff, 0xff, 0xff, 0xff,
    0xff, 0xff, 0xff, 0xf0, 0x0f, 0xff, 0xff, 0xff,
    0xff, 0xff, 0xff, 0xff, 0xff, 0xff, 0xff, 0xff,
    0xff, 0xf0, 0x0f, 0xff, 0xff, 0xff, 0xff, 0xff,
    0xff, 0xff, 0xff, 0xff, 0xff, 0xff, 0xff, 0xf0,
    0x0f, 0xff, 0xff, 0xff, 0xff, 0xff, 0xff, 0xff,
    0xff, 0xff, 0xff, 0xff, 0xff, 0xe0, 0x0c, 0xdd,
    0xdd, 0xdd, 0xdd, 0xdd, 0xdd, 0xdd, 0xde, 0xff,
    0xff, 0xff, 0xff, 0x30, 0x00, 0x00, 0x00, 0x00,
    0x00, 0x00, 0x00, 0x00, 0x1e, 0xff, 0xff, 0xff,
    0xf6, 0x00, 0x00, 0x00, 0x00, 0x00, 0x00, 0x00,
    0x00, 0x00, 0xcf, 0xff, 0xff, 0xff, 0x90, 0x00,
    0x00, 0x00, 0x00, 0x00, 0x00, 0x00, 0x00, 0x0a,
    0xff, 0xff, 0xff, 0xfb, 0x00, 0x00, 0x00, 0x00,
    0x00, 0x00, 0x00, 0x00, 0x00, 0x7f, 0xff, 0xff,
    0xff, 0xd1, 0x00, 0x00, 0x00, 0x00, 0x00, 0x00,
    0x00, 0x00, 0x04, 0xff, 0xff, 0xff, 0xff, 0x20,
    0x00, 0x00, 0x00, 0x00, 0x00, 0x00, 0x00, 0x00,
    0x2f, 0xff, 0xff, 0xff, 0xf5, 0x00, 0x00, 0x00,
    0x00, 0x00, 0x00, 0x00, 0x00, 0x01, 0xdf, 0xff,
    0xff, 0xff, 0x70, 0x00, 0x00, 0x00, 0x00, 0x00,
    0x00, 0x00, 0x00, 0x0b, 0xff, 0xff, 0xff, 0xfa,
    0x00, 0x00, 0x00, 0x00, 0x00, 0x00, 0x00, 0x00,
    0x00, 0x9f, 0xff, 0xff, 0xff, 0xc0, 0x00, 0x00,
    0x00, 0x00, 0x00, 0x00, 0x00, 0x00, 0x06, 0xff,
    0xff, 0xff, 0xfe, 0x10, 0x00, 0x00, 0x00, 0x00,
    0x00, 0x00, 0x00, 0x00, 0x3f, 0xff, 0xff, 0xff,
    0xf3, 0x00, 0x00, 0x00, 0x00, 0x00, 0x00, 0x00,
    0x00, 0x01, 0xef, 0xff, 0xff, 0xff, 0x60, 0x00,
    0x00, 0x00, 0x00, 0x00, 0x00, 0x00, 0x00, 0x0c,
    0xff, 0xff, 0xff, 0xf9, 0x00, 0x00, 0x00, 0x00,
    0x00, 0x00, 0x00, 0x00, 0x00, 0xaf, 0xff, 0xff,
    0xff, 0xb0, 0x00, 0x00, 0x00, 0x00, 0x00, 0x00,
    0x00, 0x00, 0x07, 0xff, 0xff, 0xff, 0xfd, 0x10,
    0x00, 0x00, 0x00, 0x00, 0x00, 0x00, 0x00, 0x00,
    0x5f, 0xff, 0xff, 0xff, 0xf2, 0x00, 0x00, 0x00,
    0x00, 0x00, 0x00, 0x00, 0x00, 0x02, 0xff, 0xff,
    0xff, 0xff, 0x50, 0x00, 0x00, 0x00, 0x00, 0x00,
    0x00, 0x00, 0x00, 0x1d, 0xff, 0xff, 0xff, 0xf7,
    0x00, 0x00, 0x00, 0x00, 0x00, 0x00, 0x00, 0x00,
    0x00, 0xcf, 0xff, 0xff, 0xff, 0xa0, 0x00, 0x00,
    0x00, 0x00, 0x00, 0x00, 0x00, 0x00, 0x09, 0xff,
    0xff, 0xff, 0xff, 0xdc, 0xcc, 0xcc, 0xcc, 0xcc,
    0xcc, 0xcc, 0xcc, 0xc7, 0x4f, 0xff, 0xff, 0xff,
    0xff, 0xff, 0xff, 0xff, 0xff, 0xff, 0xff, 0xff,
    0xff, 0xf9, 0x5f, 0xff, 0xff, 0xff, 0xff, 0xff,
    0xff, 0xff, 0xff, 0xff, 0xff, 0xff, 0xff, 0xf9,
    0x5f, 0xff, 0xff, 0xff, 0xff, 0xff, 0xff, 0xff,
    0xff, 0xff, 0xff, 0xff, 0xff, 0xf9, 0x5f, 0xff,
    0xff, 0xff, 0xff, 0xff, 0xff, 0xff, 0xff, 0xff,
    0xff, 0xff, 0xff, 0xf9, 0x5f, 0xff, 0xff, 0xff,
    0xff, 0xff, 0xff, 0xff, 0xff, 0xff, 0xff, 0xff,
    0xff, 0xf9,

    /* U+005B "[" */
    0x5f, 0xff, 0xff, 0xff, 0xff, 0xff, 0x95, 0xff,
    0xff, 0xff, 0xff, 0xff, 0xf9, 0x5f, 0xff, 0xff,
    0xff, 0xff, 0xff, 0x95, 0xff, 0xff, 0xff, 0xff,
    0xff, 0xf9, 0x5f, 0xff, 0xff, 0xff, 0xff, 0xff,
    0x95, 0xff, 0xff, 0xff, 0xb5, 0x55, 0x53, 0x5f,
    0xff, 0xff, 0xf8, 0x00, 0x00, 0x05, 0xff, 0xff,
    0xff, 0x80, 0x00, 0x00, 0x5f, 0xff, 0xff, 0xf8,
    0x00, 0x00, 0x05, 0xff, 0xff, 0xff, 0x80, 0x00,
    0x00, 0x5f, 0xff, 0xff, 0xf8, 0x00, 0x00, 0x05,
    0xff, 0xff, 0xff, 0x80, 0x00, 0x00, 0x5f, 0xff,
    0xff, 0xf8, 0x00, 0x00, 0x05, 0xff, 0xff, 0xff,
    0x80, 0x00, 0x00, 0x5f, 0xff, 0xff, 0xf8, 0x00,
    0x00, 0x05, 0xff, 0xff, 0xff, 0x80, 0x00, 0x00,
    0x5f, 0xff, 0xff, 0xf8, 0x00, 0x00, 0x05, 0xff,
    0xff, 0xff, 0x80, 0x00, 0x00, 0x5f, 0xff, 0xff,
    0xf8, 0x00, 0x00, 0x05, 0xff, 0xff, 0xff, 0x80,
    0x00, 0x00, 0x5f, 0xff, 0xff, 0xf8, 0x00, 0x00,
    0x05, 0xff, 0xff, 0xff, 0x80, 0x00, 0x00, 0x5f,
    0xff, 0xff, 0xf8, 0x00, 0x00, 0x05, 0xff, 0xff,
    0xff, 0x80, 0x00, 0x00, 0x5f, 0xff, 0xff, 0xf8,
    0x00, 0x00, 0x05, 0xff, 0xff, 0xff, 0x80, 0x00,
    0x00, 0x5f, 0xff, 0xff, 0xf8, 0x00, 0x00, 0x05,
    0xff, 0xff, 0xff, 0x80, 0x00, 0x00, 0x5f, 0xff,
    0xff, 0xf8, 0x00, 0x00, 0x05, 0xff, 0xff, 0xff,
    0x80, 0x00, 0x00, 0x5f, 0xff, 0xff, 0xf8, 0x00,
    0x00, 0x05, 0xff, 0xff, 0xff, 0x80, 0x00, 0x00,
    0x5f, 0xff, 0xff, 0xf8, 0x00, 0x00, 0x05, 0xff,
    0xff, 0xff, 0x80, 0x00, 0x00, 0x5f, 0xff, 0xff,
    0xf8, 0x00, 0x00, 0x05, 0xff, 0xff, 0xff, 0xb6,
    0x66, 0x63, 0x5f, 0xff, 0xff, 0xff, 0xff, 0xff,
    0x95, 0xff, 0xff, 0xff, 0xff, 0xff, 0xf9, 0x5f,
    0xff, 0xff, 0xff, 0xff, 0xff, 0x95, 0xff, 0xff,
    0xff, 0xff, 0xff, 0xf9, 0x5f, 0xff, 0xff, 0xff,
    0xff, 0xff, 0x90,

    /* U+005C "\\" */
    0x68, 0x88, 0x88, 0x20, 0x00, 0x00, 0x00, 0x00,
    0x00, 0x00, 0x08, 0xff, 0xff, 0xf9, 0x00, 0x00,
    0x00, 0x00, 0x00, 0x00, 0x00, 0x3f, 0xff, 0xff,
    0xe0, 0x00, 0x00, 0x00, 0x00, 0x00, 0x00, 0x00,
    0xdf, 0xff, 0xff, 0x40, 0x00, 0x00, 0x00, 0x00,
    0x00, 0x00, 0x07, 0xff, 0xff, 0xf9, 0x00, 0x00,
    0x00, 0x00, 0x00, 0x00, 0x00, 0x2f, 0xff, 0xff,
    0xf0, 0x00, 0x00, 0x00, 0x00, 0x00, 0x00, 0x00,
    0xcf, 0xff, 0xff, 0x50, 0x00, 0x00, 0x00, 0x00,
    0x00, 0x00, 0x07, 0xff, 0xff, 0xfa, 0x00, 0x00,
    0x00, 0x00, 0x00, 0x00, 0x00, 0x1f, 0xff, 0xff,
    0xf0, 0x00, 0x00, 0x00, 0x00, 0x00, 0x00, 0x00,
    0xbf, 0xff, 0xff, 0x50, 0x00, 0x00, 0x00, 0x00,
    0x00, 0x00, 0x06, 0xff, 0xff, 0xfb, 0x00, 0x00,
    0x00, 0x00, 0x00, 0x00, 0x00, 0x1f, 0xff, 0xff,
    0xf1, 0x00, 0x00, 0x00, 0x00, 0x00, 0x00, 0x00,
    0xbf, 0xff, 0xff, 0x60, 0x00, 0x00, 0x00, 0x00,
    0x00, 0x00, 0x05, 0xff, 0xff, 0xfc, 0x00, 0x00,
    0x00, 0x00, 0x00, 0x00, 0x00, 0x0f, 0xff, 0xff,
    0xf1, 0x00, 0x00, 0x00, 0x00, 0x00, 0x00, 0x00,
    0xaf, 0xff, 0xff, 0x70, 0x00, 0x00, 0x00, 0x00,
    0x00, 0x00, 0x04, 0xff, 0xff, 0xfd, 0x00, 0x00,
    0x00, 0x00, 0x00, 0x00, 0x00, 0x0e, 0xff, 0xff,
    0xf2, 0x00, 0x00, 0x00, 0x00, 0x00, 0x00, 0x00,
    0x9f, 0xff, 0xff, 0x80, 0x00, 0x00, 0x00, 0x00,
    0x00, 0x00, 0x03, 0xff, 0xff, 0xfd, 0x00, 0x00,
    0x00, 0x00, 0x00, 0x00, 0x00, 0x0e, 0xff, 0xff,
    0xf3, 0x00, 0x00, 0x00, 0x00, 0x00, 0x00, 0x00,
    0x8f, 0xff, 0xff, 0x90, 0x00, 0x00, 0x00, 0x00,
    0x00, 0x00, 0x03, 0xff, 0xff, 0xfe, 0x00, 0x00,
    0x00, 0x00, 0x00, 0x00, 0x00, 0x0d, 0xff, 0xff,
    0xf4, 0x00, 0x00, 0x00, 0x00, 0x00, 0x00, 0x00,
    0x7f, 0xff, 0xff, 0x90, 0x00, 0x00, 0x00, 0x00,
    0x00, 0x00, 0x02, 0xff, 0xff, 0xff, 0x00, 0x00,
    0x00, 0x00, 0x00, 0x00, 0x00, 0x0c, 0xff, 0xff,
    0xf5, 0x00, 0x00, 0x00, 0x00, 0x00, 0x00, 0x00,
    0x7f, 0xff, 0xff, 0xa0, 0x00, 0x00, 0x00, 0x00,
    0x00, 0x00, 0x01, 0xff, 0xff, 0xff, 0x00, 0x00,
    0x00, 0x00, 0x00, 0x00, 0x00, 0x0c, 0xff, 0xff,
    0xf5, 0x00, 0x00, 0x00, 0x00, 0x00, 0x00, 0x00,
    0x6f, 0xff, 0xff, 0xb0, 0x00, 0x00, 0x00, 0x00,
    0x00, 0x00, 0x01, 0xff, 0xff, 0xff, 0x10, 0x00,
    0x00, 0x00, 0x00, 0x00, 0x00, 0x0b, 0xff, 0xff,
    0xf6, 0x00, 0x00, 0x00, 0x00, 0x00, 0x00, 0x00,
    0x5f, 0xff, 0xff, 0xc0, 0x00, 0x00, 0x00, 0x00,
    0x00, 0x00, 0x00, 0xff, 0xff, 0xff, 0x20, 0x00,
    0x00, 0x00, 0x00, 0x00, 0x00, 0x0a, 0xff, 0xff,
    0xf7, 0x00, 0x00, 0x00, 0x00, 0x00, 0x00, 0x00,
    0x4f, 0xff, 0xff, 0xd0, 0x00, 0x00, 0x00, 0x00,
    0x00, 0x00, 0x00, 0xef, 0xff, 0xff, 0x20, 0x00,
    0x00, 0x00, 0x00, 0x00, 0x00, 0x09, 0xff, 0xff,
    0xf8, 0x00, 0x00, 0x00, 0x00, 0x00, 0x00, 0x00,
    0x4f, 0xff, 0xff, 0xd0, 0x00, 0x00, 0x00, 0x00,
    0x00, 0x00, 0x00, 0xef, 0xff, 0xff, 0x30, 0x00,
    0x00, 0x00, 0x00, 0x00, 0x00, 0x08, 0xff, 0xff,
    0xf9,

    /* U+005D "]" */
    0x5f, 0xff, 0xff, 0xff, 0xff, 0xff, 0x85, 0xff,
    0xff, 0xff, 0xff, 0xff, 0xf8, 0x5f, 0xff, 0xff,
    0xff, 0xff, 0xff, 0x85, 0xff, 0xff, 0xff, 0xff,
    0xff, 0xf8, 0x5f, 0xff, 0xff, 0xff, 0xff, 0xff,
    0x81, 0x55, 0x55, 0x9f, 0xff, 0xff, 0xf8, 0x00,
    0x00, 0x05, 0xff, 0xff, 0xff, 0x80, 0x00, 0x00,
    0x5f, 0xff, 0xff, 0xf8, 0x00, 0x00, 0x05, 0xff,
    0xff, 0xff, 0x80, 0x00, 0x00, 0x5f, 0xff, 0xff,
    0xf8, 0x00, 0x00, 0x05, 0xff, 0xff, 0xff, 0x80,
    0x00, 0x00, 0x5f, 0xff, 0xff, 0xf8, 0x00, 0x00,
    0x05, 0xff, 0xff, 0xff, 0x80, 0x00, 0x00, 0x5f,
    0xff, 0xff, 0xf8, 0x00, 0x00, 0x05, 0xff, 0xff,
    0xff, 0x80, 0x00, 0x00, 0x5f, 0xff, 0xff, 0xf8,
    0x00, 0x00, 0x05, 0xff, 0xff, 0xff, 0x80, 0x00,
    0x00, 0x5f, 0xff, 0xff, 0xf8, 0x00, 0x00, 0x05,
    0xff, 0xff, 0xff, 0x80, 0x00, 0x00, 0x5f, 0xff,
    0xff, 0xf8, 0x00, 0x00, 0x05, 0xff, 0xff, 0xff,
    0x80, 0x00, 0x00, 0x5f, 0xff, 0xff, 0xf8, 0x00,
    0x00, 0x05, 0xff, 0xff, 0xff, 0x80, 0x00, 0x00,
    0x5f, 0xff, 0xff, 0xf8, 0x00, 0x00, 0x05, 0xff,
    0xff, 0xff, 0x80, 0x00, 0x00, 0x5f, 0xff, 0xff,
    0xf8, 0x00, 0x00, 0x05, 0xff, 0xff, 0xff, 0x80,
    0x00, 0x00, 0x5f, 0xff, 0xff, 0xf8, 0x00, 0x00,
    0x05, 0xff, 0xff, 0xff, 0x80, 0x00, 0x00, 0x5f,
    0xff, 0xff, 0xf8, 0x00, 0x00, 0x05, 0xff, 0xff,
    0xff, 0x80, 0x00, 0x00, 0x5f, 0xff, 0xff, 0xf8,
    0x00, 0x00, 0x05, 0xff, 0xff, 0xff, 0x80, 0x00,
    0x00, 0x5f, 0xff, 0xff, 0xf8, 0x00, 0x00, 0x05,
    0xff, 0xff, 0xff, 0x82, 0x66, 0x66, 0x9f, 0xff,
    0xff, 0xf8, 0x5f, 0xff, 0xff, 0xff, 0xff, 0xff,
    0x85, 0xff, 0xff, 0xff, 0xff, 0xff, 0xf8, 0x5f,
    0xff, 0xff, 0xff, 0xff, 0xff, 0x85, 0xff, 0xff,
    0xff, 0xff, 0xff, 0xf8, 0x5f, 0xff, 0xff, 0xff,
    0xff, 0xff, 0x80,

    /* U+005E "^" */
    0x00, 0x00, 0x00, 0x00, 0x58, 0x88, 0x87, 0x00,
    0x00, 0x00, 0x00, 0x00, 0x00, 0x00, 0x00, 0xef,
    0xff, 0xff, 0x60, 0x00, 0x00, 0x00, 0x00, 0x00,
    0x00, 0x06, 0xff, 0xff, 0xff, 0xd0, 0x00, 0x00,
    0x00, 0x00, 0x00, 0x00, 0x0d, 0xff, 0xff, 0xff,
    0xf4, 0x00, 0x00, 0x00, 0x00, 0x00, 0x00, 0x4f,
    0xff, 0xff, 0xff, 0xfa, 0x00, 0x00, 0x00, 0x00,
    0x00, 0x00, 0xaf, 0xff, 0xff, 0xff, 0xff, 0x10,
    0x00, 0x00, 0x00, 0x00, 0x01, 0xff, 0xff, 0xe9,
    0xff, 0xff, 0x80, 0x00, 0x00, 0x00, 0x00, 0x08,
    0xff, 0xff, 0x82, 0xff, 0xff, 0xe0, 0x00, 0x00,
    0x00, 0x00, 0x0e, 0xff, 0xff, 0x20, 0xbf, 0xff,
    0xf6, 0x00, 0x00, 0x00, 0x00, 0x6f, 0xff, 0xfb,
    0x00, 0x5f, 0xff, 0xfd, 0x00, 0x00, 0x00, 0x00,
    0xdf, 0xff, 0xf4, 0x00, 0x0e, 0xff, 0xff, 0x40,
    0x00, 0x00, 0x04, 0xff, 0xff, 0xe0, 0x00, 0x07,
    0xff, 0xff, 0xa0, 0x00, 0x00, 0x0b, 0xff, 0xff,
    0x70, 0x00, 0x01, 0xff, 0xff, 0xf1, 0x00, 0x00,
    0x2f, 0xff, 0xff, 0x10, 0x00, 0x00, 0xaf, 0xff,
    0xf8, 0x00, 0x00, 0x8f, 0xff, 0xfa, 0x00, 0x00,
    0x00, 0x4f, 0xff, 0xfe, 0x00, 0x00, 0xef, 0xff,
    0xf3, 0x00, 0x00, 0x00, 0x0d, 0xff, 0xff, 0x60,
    0x06, 0xff, 0xff, 0xd0, 0x00, 0x00, 0x00, 0x06,
    0xff, 0xff, 0xd0, 0x0d, 0xff, 0xff, 0x60, 0x00,
    0x00, 0x00, 0x00, 0xff, 0xff, 0xf3, 0x4f, 0xff,
    0xff, 0x00, 0x00, 0x00, 0x00, 0x00, 0x9f, 0xff,
    0xfa,

    /* U+005F "_" */
    0xff, 0xff, 0xff, 0xff, 0xff, 0xff, 0xff, 0xff,
    0xff, 0xff, 0xff, 0xff, 0xff, 0xff, 0xff, 0xff,
    0xff, 0xff, 0xff, 0xff, 0xff, 0xff, 0xff, 0xff,
    0xff, 0xff, 0xff, 0xff, 0xff, 0xff, 0xff, 0xff,
    0xff, 0xff, 0xff, 0xff, 0xff, 0xff, 0xff, 0xff,
    0xff, 0xff, 0xff, 0xff,

    /* U+0060 "`" */
    0x06, 0x88, 0x88, 0x88, 0x30, 0x00, 0x00, 0x00,
    0x1c, 0xff, 0xff, 0xff, 0x30, 0x00, 0x00, 0x00,
    0x0a, 0xff, 0xff, 0xfe, 0x20, 0x00, 0x00, 0x00,
    0x07, 0xff, 0xff, 0xfe, 0x10, 0x00, 0x00, 0x00,
    0x04, 0xff, 0xff, 0xfd, 0x10, 0x00, 0x00, 0x00,
    0x02, 0xdf, 0xff, 0xfc, 0x00, 0x00, 0x00, 0x00,
    0x00, 0xbf, 0xff, 0xfb, 0x00,

    /* U+0061 "a" */
    0x00, 0x00, 0x00, 0x58, 0xbd, 0xef, 0xfe, 0xc9,
    0x50, 0x00, 0x00, 0x00, 0x00, 0x04, 0xaf, 0xff,
    0xff, 0xff, 0xff, 0xff, 0xfe, 0x70, 0x00, 0x00,
    0x02, 0xbf, 0xff, 0xff, 0xff, 0xff, 0xff, 0xff,
    0xff, 0xfd, 0x20, 0x00, 0x02, 0xff, 0xff, 0xff,
    0xff, 0xff, 0xff, 0xff, 0xff, 0xff, 0xd1, 0x00,
    0x00, 0xaf, 0xff, 0xff, 0xff, 0xff, 0xff, 0xff,
    0xff, 0xff, 0xfa, 0x00, 0x00, 0x2f, 0xff, 0xfe,
    0xb8, 0x77, 0x9d, 0xff, 0xff, 0xff, 0xff, 0x20,
    0x00, 0x09, 0xfa, 0x40, 0x00, 0x00, 0x00, 0x6f,
    0xff, 0xff, 0xff, 0x80, 0x00, 0x01, 0x40, 0x00,
    0x00, 0x00, 0x00, 0x06, 0xff, 0xff, 0xff, 0xc0,
    0x00, 0x00, 0x00, 0x00, 0x00, 0x00, 0x00, 0x00,
    0xff, 0xff, 0xff, 0xf0, 0x00, 0x00, 0x00, 0x00,
    0x00, 0x00, 0x00, 0x00, 0xcf, 0xff, 0xff, 0xf0,
    0x00, 0x00, 0x04, 0x9b, 0xee, 0xff, 0xff, 0xff,
    0xff, 0xff, 0xff, 0xf1, 0x00, 0x05, 0xef, 0xff,
    0xff, 0xff, 0xff, 0xff, 0xff, 0xff, 0xff, 0xf1,
    0x00, 0x8f, 0xff, 0xff, 0xff, 0xff, 0xff, 0xff,
    0xff, 0xff, 0xff, 0xf1, 0x05, 0xff, 0xff, 0xff,
    0xff, 0xff, 0xff, 0xff, 0xff, 0xff, 0xff, 0xf1,
    0x0e, 0xff, 0xff, 0xff, 0x93, 0x00, 0x00, 0x00,
    0xcf, 0xff, 0xff, 0xf1, 0x3f, 0xff, 0xff, 0xfa,
    0x00, 0x00, 0x00, 0x00, 0xcf, 0xff, 0xff, 0xf1,
    0x5f, 0xff, 0xff, 0xf5, 0x00, 0x00, 0x00, 0x00,
    0xdf, 0xff, 0xff, 0xf1, 0x5f, 0xff, 0xff, 0xf7,
    0x00, 0x00, 0x00, 0x08, 0xff, 0xff, 0xff, 0xf1,
    0x2f, 0xff, 0xff, 0xff, 0x40, 0x00, 0x01, 0x9f,
    0xff, 0xff, 0xff, 0xf1, 0x0d, 0xff, 0xff, 0xff,
    0xfd, 0xaa, 0xcf, 0xff, 0xff, 0xff, 0xff, 0xf1,
    0x05, 0xff, 0xff, 0xff, 0xff, 0xff, 0xff, 0xff,
    0xff, 0xff, 0xff, 0xf1, 0x00, 0x8f, 0xff, 0xff,
    0xff, 0xff, 0xff, 0xff, 0x7f, 0xff, 0xff, 0xf1,
    0x00, 0x06, 0xef, 0xff, 0xff, 0xff, 0xff, 0xd3,
    0x5f, 0xff, 0xff, 0xf1, 0x00, 0x00, 0x06, 0xad,
    0xff, 0xed, 0xa5, 0x00, 0x5f, 0xff, 0xff, 0xf1,

    /* U+0062 "b" */
    0x89, 0x99, 0x99, 0x90, 0x00, 0x00, 0x00, 0x00,
    0x00, 0x00, 0x00, 0x00, 0x00, 0xdf, 0xff, 0xff,
    0xf0, 0x00, 0x00, 0x00, 0x00, 0x00, 0x00, 0x00,
    0x00, 0x00, 0xdf, 0xff, 0xff, 0xf0, 0x00, 0x00,
    0x00, 0x00, 0x00, 0x00, 0x00, 0x00, 0x00, 0xdf,
    0xff, 0xff, 0xf0, 0x00, 0x00, 0x00, 0x00, 0x00,
    0x00, 0x00, 0x00, 0x00, 0xdf, 0xff, 0xff, 0xf0,
    0x00, 0x00, 0x00, 0x00, 0x00, 0x00, 0x00, 0x00,
    0x00, 0xdf, 0xff, 0xff, 0xf0, 0x00, 0x00, 0x00,
    0x00, 0x00, 0x00, 0x00, 0x00, 0x00, 0xdf, 0xff,
    0xff, 0xf0, 0x00, 0x00, 0x00, 0x00, 0x00, 0x00,
    0x00, 0x00, 0x00, 0xdf, 0xff, 0xff, 0xf0, 0x00,
    0x00, 0x00, 0x00, 0x00, 0x00, 0x00, 0x00, 0x00,
    0xdf, 0xff, 0xff, 0xf0, 0x00, 0x00, 0x00, 0x00,
    0x00, 0x00, 0x00, 0x00, 0x00, 0xdf, 0xff, 0xff,
    0xf0, 0x00, 0x6a, 0xdf, 0xfe, 0xc8, 0x30, 0x00,
    0x00, 0x00, 0xdf, 0xff, 0xff, 0xf0, 0x6e, 0xff,
    0xff, 0xff, 0xff, 0xfc, 0x40, 0x00, 0x00, 0xdf,
    0xff, 0xff, 0xf9, 0xff, 0xff, 0xff, 0xff, 0xff,
    0xff, 0xf9, 0x00, 0x00, 0xdf, 0xff, 0xff, 0xff,
    0xff, 0xff, 0xff, 0xff, 0xff, 0xff, 0xff, 0xb0,
    0x00, 0xdf, 0xff, 0xff, 0xff, 0xff, 0xff, 0xff,
    0xff, 0xff, 0xff, 0xff, 0xf9, 0x00, 0xdf, 0xff,
    0xff, 0xff, 0xff, 0xfc, 0xaa, 0xdf, 0xff, 0xff,
    0xff, 0xff, 0x40, 0xdf, 0xff, 0xff, 0xff, 0xfa,
    0x20, 0x00, 0x02, 0xbf, 0xff, 0xff, 0xff, 0xc0,
    0xdf, 0xff, 0xff, 0xff, 0x80, 0x00, 0x00, 0x00,
    0x09, 0xff, 0xff, 0xff, 0xf3, 0xdf, 0xff, 0xff,
    0xfc, 0x00, 0x00, 0x00, 0x00, 0x00, 0xdf, 0xff,
    0xff, 0xf8, 0xdf, 0xff, 0xff, 0xf5, 0x00, 0x00,
    0x00, 0x00, 0x00, 0x6f, 0xff, 0xff, 0xfb, 0xdf,
    0xff, 0xff, 0xf1, 0x00, 0x00, 0x00, 0x00, 0x00,
    0x2f, 0xff, 0xff, 0xfd, 0xdf, 0xff, 0xff, 0xf0,
    0x00, 0x00, 0x00, 0x00, 0x00, 0x0f, 0xff, 0xff,
    0xfe, 0xdf, 0xff, 0xff, 0xf0, 0x00, 0x00, 0x00,
    0x00, 0x00, 0x0f, 0xff, 0xff, 0xfe, 0xdf, 0xff,
    0xff, 0xf1, 0x00, 0x00, 0x00, 0x00, 0x00, 0x2f,
    0xff, 0xff, 0xfd, 0xdf, 0xff, 0xff, 0xf5, 0x00,
    0x00, 0x00, 0x00, 0x00, 0x6f, 0xff, 0xff, 0xfb,
    0xdf, 0xff, 0xff, 0xfc, 0x00, 0x00, 0x00, 0x00,
    0x00, 0xdf, 0xff, 0xff, 0xf8, 0xdf, 0xff, 0xff,
    0xff, 0x80, 0x00, 0x00, 0x00, 0x09, 0xff, 0xff,
    0xff, 0xf3, 0xdf, 0xff, 0xff, 0xff, 0xfa, 0x10,
    0x00, 0x02, 0xbf, 0xff, 0xff, 0xff, 0xc0, 0xdf,
    0xff, 0xff, 0xff, 0xff, 0xfc, 0xaa, 0xcf, 0xff,
    0xff, 0xff, 0xff, 0x40, 0xdf, 0xff, 0xff, 0xff,
    0xff, 0xff, 0xff, 0xff, 0xff, 0xff, 0xff, 0xf9,
    0x00, 0xdf, 0xff, 0xff, 0xff, 0xff, 0xff, 0xff,
    0xff, 0xff, 0xff, 0xff, 0xb0, 0x00, 0xdf, 0xff,
    0xff, 0xcc, 0xff, 0xff, 0xff, 0xff, 0xff, 0xff,
    0xfa, 0x00, 0x00, 0xdf, 0xff, 0xff, 0xb0, 0x8f,
    0xff, 0xff, 0xff, 0xff, 0xfd, 0x40, 0x00, 0x00,
    0xdf, 0xff, 0xff, 0xb0, 0x01, 0x7b, 0xdf, 0xfe,
    0xc9, 0x40, 0x00, 0x00, 0x00,

    /* U+0063 "c" */
    0x00, 0x00, 0x00, 0x00, 0x27, 0xbd, 0xff, 0xfe,
    0xb7, 0x20, 0x00, 0x00, 0x00, 0x00, 0x00, 0x04,
    0xcf, 0xff, 0xff, 0xff, 0xff, 0xff, 0xb3, 0x00,
    0x00, 0x00, 0x00, 0x1a, 0xff, 0xff, 0xff, 0xff,
    0xff, 0xff, 0xff, 0xf7, 0x00, 0x00, 0x00, 0x1d,
    0xff, 0xff, 0xff, 0xff, 0xff, 0xff, 0xff, 0xff,
    0xf8, 0x00, 0x00, 0x1d, 0xff, 0xff, 0xff, 0xff,
    0xff, 0xff, 0xff, 0xff, 0xff, 0xf5, 0x00, 0x0b,
    0xff, 0xff, 0xff, 0xff, 0xfb, 0xab, 0xef, 0xff,
    0xff, 0xff, 0xe0, 0x04, 0xff, 0xff, 0xff, 0xfe,
    0x60, 0x00, 0x00, 0x6f, 0xff, 0xff, 0xe6, 0x00,
    0xbf, 0xff, 0xff, 0xfe, 0x20, 0x00, 0x00, 0x00,
    0x2f, 0xfe, 0x70, 0x00, 0x1f, 0xff, 0xff, 0xff,
    0x30, 0x00, 0x00, 0x00, 0x00, 0x57, 0x00, 0x00,
    0x05, 0xff, 0xff, 0xff, 0xc0, 0x00, 0x00, 0x00,
    0x00, 0x00, 0x00, 0x00, 0x00, 0x7f, 0xff, 0xff,
    0xf8, 0x00, 0x00, 0x00, 0x00, 0x00, 0x00, 0x00,
    0x00, 0x09, 0xff, 0xff, 0xff, 0x60, 0x00, 0x00,
    0x00, 0x00, 0x00, 0x00, 0x00, 0x00, 0x9f, 0xff,
    0xff, 0xf6, 0x00, 0x00, 0x00, 0x00, 0x00, 0x00,
    0x00, 0x00, 0x07, 0xff, 0xff, 0xff, 0x80, 0x00,
    0x00, 0x00, 0x00, 0x00, 0x00, 0x00, 0x00, 0x5f,
    0xff, 0xff, 0xfc, 0x00, 0x00, 0x00, 0x00, 0x00,
    0x00, 0x00, 0x00, 0x01, 0xff, 0xff, 0xff, 0xf3,
    0x00, 0x00, 0x00, 0x00, 0x04, 0x70, 0x00, 0x00,
    0x0c, 0xff, 0xff, 0xff, 0xd1, 0x00, 0x00, 0x00,
    0x02, 0xef, 0xe6, 0x00, 0x00, 0x4f, 0xff, 0xff,
    0xff, 0xe5, 0x00, 0x00, 0x05, 0xef, 0xff, 0xfd,
    0x50, 0x00, 0xbf, 0xff, 0xff, 0xff, 0xfe, 0xba,
    0xbe, 0xff, 0xff, 0xff, 0xfe, 0x00, 0x01, 0xdf,
    0xff, 0xff, 0xff, 0xff, 0xff, 0xff, 0xff, 0xff,
    0xff, 0x50, 0x00, 0x02, 0xdf, 0xff, 0xff, 0xff,
    0xff, 0xff, 0xff, 0xff, 0xff, 0x80, 0x00, 0x00,
    0x01, 0xbf, 0xff, 0xff, 0xff, 0xff, 0xff, 0xff,
    0xff, 0x70, 0x00, 0x00, 0x00, 0x00, 0x4c, 0xff,
    0xff, 0xff, 0xff, 0xff, 0xfb, 0x30, 0x00, 0x00,
    0x00, 0x00, 0x00, 0x02, 0x7b, 0xdf, 0xff, 0xeb,
    0x72, 0x00, 0x00, 0x00,

    /* U+0064 "d" */
    0x00, 0x00, 0x00, 0x00, 0x00, 0x00, 0x00, 0x00,
    0x00, 0x05, 0x99, 0x99, 0x99, 0x20, 0x00, 0x00,
    0x00, 0x00, 0x00, 0x00, 0x00, 0x00, 0x00, 0x9f,
    0xff, 0xff, 0xf4, 0x00, 0x00, 0x00, 0x00, 0x00,
    0x00, 0x00, 0x00, 0x00, 0x09, 0xff, 0xff, 0xff,
    0x40, 0x00, 0x00, 0x00, 0x00, 0x00, 0x00, 0x00,
    0x00, 0x00, 0x9f, 0xff, 0xff, 0xf4, 0x00, 0x00,
    0x00, 0x00, 0x00, 0x00, 0x00, 0x00, 0x00, 0x09,
    0xff, 0xff, 0xff, 0x40, 0x00, 0x00, 0x00, 0x00,
    0x00, 0x00, 0x00, 0x00, 0x00, 0x9f, 0xff, 0xff,
    0xf4, 0x00, 0x00, 0x00, 0x00, 0x00, 0x00, 0x00,
    0x00, 0x00, 0x09, 0xff, 0xff, 0xff, 0x40, 0x00,
    0x00, 0x00, 0x00, 0x00, 0x00, 0x00, 0x00, 0x00,
    0x9f, 0xff, 0xff, 0xf4, 0x00, 0x00, 0x00, 0x00,
    0x00, 0x00, 0x00, 0x00, 0x00, 0x09, 0xff, 0xff,
    0xff, 0x40, 0x00, 0x00, 0x00, 0x16, 0xbd, 0xff,
    0xec, 0x82, 0x00, 0x9f, 0xff, 0xff, 0xf4, 0x00,
    0x00, 0x01, 0x9f, 0xff, 0xff, 0xff, 0xff, 0xfa,
    0x19, 0xff, 0xff, 0xff, 0x40, 0x00, 0x04, 0xef,
    0xff, 0xff, 0xff, 0xff, 0xff, 0xfd, 0xbf, 0xff,
    0xff, 0xf4, 0x00, 0x05, 0xff, 0xff, 0xff, 0xff,
    0xff, 0xff, 0xff, 0xff, 0xff, 0xff, 0xff, 0x40,
    0x03, 0xff, 0xff, 0xff, 0xff, 0xff, 0xff, 0xff,
    0xff, 0xff, 0xff, 0xff, 0xf4, 0x00, 0xdf, 0xff,
    0xff, 0xff, 0xfe, 0xba, 0xbe, 0xff, 0xff, 0xff,
    0xff, 0xff, 0x40, 0x5f, 0xff, 0xff, 0xff, 0xe6,
    0x00, 0x00, 0x06, 0xef, 0xff, 0xff, 0xff, 0xf4,
    0x0c, 0xff, 0xff, 0xff, 0xe2, 0x00, 0x00, 0x00,
    0x02, 0xef, 0xff, 0xff, 0xff, 0x41, 0xff, 0xff,
    0xff, 0xf5, 0x00, 0x00, 0x00, 0x00, 0x05, 0xff,
    0xff, 0xff, 0xf4, 0x4f, 0xff, 0xff, 0xfd, 0x00,
    0x00, 0x00, 0x00, 0x00, 0x0d, 0xff, 0xff, 0xff,
    0x46, 0xff, 0xff, 0xff, 0x90, 0x00, 0x00, 0x00,
    0x00, 0x00, 0x9f, 0xff, 0xff, 0xf4, 0x7f, 0xff,
    0xff, 0xf7, 0x00, 0x00, 0x00, 0x00, 0x00, 0x07,
    0xff, 0xff, 0xff, 0x47, 0xff, 0xff, 0xff, 0x70,
    0x00, 0x00, 0x00, 0x00, 0x00, 0x7f, 0xff, 0xff,
    0xf4, 0x6f, 0xff, 0xff, 0xf9, 0x00, 0x00, 0x00,
    0x00, 0x00, 0x09, 0xff, 0xff, 0xff, 0x44, 0xff,
    0xff, 0xff, 0xd0, 0x00, 0x00, 0x00, 0x00, 0x00,
    0xdf, 0xff, 0xff, 0xf4, 0x1f, 0xff, 0xff, 0xff,
    0x40, 0x00, 0x00, 0x00, 0x00, 0x5f, 0xff, 0xff,
    0xff, 0x40, 0xcf, 0xff, 0xff, 0xfe, 0x20, 0x00,
    0x00, 0x00, 0x2e, 0xff, 0xff, 0xff, 0xf4, 0x05,
    0xff, 0xff, 0xff, 0xfe, 0x50, 0x00, 0x00, 0x5e,
    0xff, 0xff, 0xff, 0xff, 0x40, 0x0d, 0xff, 0xff,
    0xff, 0xff, 0xeb, 0xab, 0xef, 0xff, 0xff, 0xff,
    0xff, 0xf4, 0x00, 0x3f, 0xff, 0xff, 0xff, 0xff,
    0xff, 0xff, 0xff, 0xff, 0xff, 0xff, 0xff, 0x40,
    0x00, 0x5f, 0xff, 0xff, 0xff, 0xff, 0xff, 0xff,
    0xff, 0xff, 0xff, 0xff, 0xf4, 0x00, 0x00, 0x4e,
    0xff, 0xff, 0xff, 0xff, 0xff, 0xff, 0xf9, 0xff,
    0xff, 0xff, 0x40, 0x00, 0x00, 0x19, 0xff, 0xff,
    0xff, 0xff, 0xff, 0xc3, 0x4f, 0xff, 0xff, 0xf4,
    0x00, 0x00, 0x00, 0x01, 0x6b, 0xdf, 0xfe, 0xd9,
    0x40, 0x04, 0xff, 0xff, 0xff, 0x40,

    /* U+0065 "e" */
    0x00, 0x00, 0x00, 0x00, 0x49, 0xce, 0xff, 0xec,
    0x94, 0x00, 0x00, 0x00, 0x00, 0x00, 0x00, 0x00,
    0x6d, 0xff, 0xff, 0xff, 0xff, 0xff, 0xd5, 0x00,
    0x00, 0x00, 0x00, 0x00, 0x1c, 0xff, 0xff, 0xff,
    0xff, 0xff, 0xff, 0xff, 0xb1, 0x00, 0x00, 0x00,
    0x02, 0xef, 0xff, 0xff, 0xff, 0xff, 0xff, 0xff,
    0xff, 0xfd, 0x10, 0x00, 0x00, 0x1e, 0xff, 0xff,
    0xff, 0xff, 0xff, 0xff, 0xff, 0xff, 0xff, 0xd0,
    0x00, 0x00, 0xbf, 0xff, 0xff, 0xff, 0xb6, 0x33,
    0x5a, 0xff, 0xff, 0xff, 0xf9, 0x00, 0x05, 0xff,
    0xff, 0xff, 0xf4, 0x00, 0x00, 0x00, 0x3e, 0xff,
    0xff, 0xff, 0x20, 0x0c, 0xff, 0xff, 0xff, 0x40,
    0x00, 0x00, 0x00, 0x02, 0xff, 0xff, 0xff, 0x80,
    0x1f, 0xff, 0xff, 0xfb, 0x00, 0x00, 0x00, 0x00,
    0x00, 0x9f, 0xff, 0xff, 0xe0, 0x5f, 0xff, 0xff,
    0xf6, 0x00, 0x00, 0x00, 0x00, 0x00, 0x3f, 0xff,
    0xff, 0xf1, 0x7f, 0xff, 0xff, 0xff, 0xff, 0xff,
    0xff, 0xff, 0xff, 0xff, 0xff, 0xff, 0xf4, 0x9f,
    0xff, 0xff, 0xff, 0xff, 0xff, 0xff, 0xff, 0xff,
    0xff, 0xff, 0xff, 0xf5, 0x9f, 0xff, 0xff, 0xff,
    0xff, 0xff, 0xff, 0xff, 0xff, 0xff, 0xff, 0xff,
    0xf5, 0x7f, 0xff, 0xff, 0xff, 0xff, 0xff, 0xff,
    0xff, 0xff, 0xff, 0xff, 0xff, 0xf4, 0x5f, 0xff,
    0xff, 0xf7, 0x00, 0x00, 0x00, 0x00, 0x00, 0x00,
    0x00, 0x00, 0x00, 0x1f, 0xff, 0xff, 0xfe, 0x00,
    0x00, 0x00, 0x00, 0x00, 0x00, 0x00, 0x00, 0x00,
    0x0c, 0xff, 0xff, 0xff, 0xa0, 0x00, 0x00, 0x00,
    0x00, 0x04, 0x30, 0x00, 0x00, 0x04, 0xff, 0xff,
    0xff, 0xfc, 0x30, 0x00, 0x00, 0x01, 0x9f, 0xe3,
    0x00, 0x00, 0x00, 0xbf, 0xff, 0xff, 0xff, 0xfd,
    0x98, 0x89, 0xcf, 0xff, 0xfe, 0x20, 0x00, 0x00,
    0x1d, 0xff, 0xff, 0xff, 0xff, 0xff, 0xff, 0xff,
    0xff, 0xff, 0xe2, 0x00, 0x00, 0x02, 0xdf, 0xff,
    0xff, 0xff, 0xff, 0xff, 0xff, 0xff, 0xff, 0xf5,
    0x00, 0x00, 0x00, 0x1a, 0xff, 0xff, 0xff, 0xff,
    0xff, 0xff, 0xff, 0xff, 0x40, 0x00, 0x00, 0x00,
    0x00, 0x4c, 0xff, 0xff, 0xff, 0xff, 0xff, 0xff,
    0x81, 0x00, 0x00, 0x00, 0x00, 0x00, 0x00, 0x27,
    0xad, 0xef, 0xfe, 0xc9, 0x51, 0x00, 0x00, 0x00,

    /* U+0066 "f" */
    0x00, 0x00, 0x00, 0x00, 0x17, 0xbe, 0xff, 0xec,
    0x83, 0x00, 0x00, 0x00, 0x00, 0x7f, 0xff, 0xff,
    0xff, 0xff, 0xf3, 0x00, 0x00, 0x00, 0xaf, 0xff,
    0xff, 0xff, 0xff, 0xfe, 0x00, 0x00, 0x00, 0x7f,
    0xff, 0xff, 0xff, 0xff, 0xff, 0x90, 0x00, 0x00,
    0x1f, 0xff, 0xff, 0xff, 0xff, 0xff, 0xf3, 0x00,
    0x00, 0x07, 0xff, 0xff, 0xff, 0xfa, 0x78, 0xbd,
    0x00, 0x00, 0x00, 0xbf, 0xff, 0xff, 0xf6, 0x00,
    0x00, 0x10, 0x00, 0x00, 0x0e, 0xff, 0xff, 0xfe,
    0x00, 0x00, 0x00, 0x00, 0x00, 0x00, 0xff, 0xff,
    0xff, 0xb0, 0x00, 0x00, 0x00, 0x00, 0x00, 0x0f,
    0xff, 0xff, 0xfb, 0x00, 0x00, 0x00, 0x00, 0xaf,
    0xff, 0xff, 0xff, 0xff, 0xff, 0xff, 0xff, 0xc0,
    0x0a, 0xff, 0xff, 0xff, 0xff, 0xff, 0xff, 0xff,
    0xfc, 0x00, 0xaf, 0xff, 0xff, 0xff, 0xff, 0xff,
    0xff, 0xff, 0xc0, 0x0a, 0xff, 0xff, 0xff, 0xff,
    0xff, 0xff, 0xff, 0xfc, 0x00, 0xaf, 0xff, 0xff,
    0xff, 0xff, 0xff, 0xff, 0xff, 0xc0, 0x02, 0x44,
    0x4f, 0xff, 0xff, 0xfe, 0x44, 0x44, 0x43, 0x00,
    0x00, 0x00, 0xff, 0xff, 0xff, 0xe0, 0x00, 0x00,
    0x00, 0x00, 0x00, 0x0f, 0xff, 0xff, 0xfe, 0x00,
    0x00, 0x00, 0x00, 0x00, 0x00, 0xff, 0xff, 0xff,
    0xe0, 0x00, 0x00, 0x00, 0x00, 0x00, 0x0f, 0xff,
    0xff, 0xfe, 0x00, 0x00, 0x00, 0x00, 0x00, 0x00,
    0xff, 0xff, 0xff, 0xe0, 0x00, 0x00, 0x00, 0x00,
    0x00, 0x0f, 0xff, 0xff, 0xfe, 0x00, 0x00, 0x00,
    0x00, 0x00, 0x00, 0xff, 0xff, 0xff, 0xe0, 0x00,
    0x00, 0x00, 0x00, 0x00, 0x0f, 0xff, 0xff, 0xfe,
    0x00, 0x00, 0x00, 0x00, 0x00, 0x00, 0xff, 0xff,
    0xff, 0xe0, 0x00, 0x00, 0x00, 0x00, 0x00, 0x0f,
    0xff, 0xff, 0xfe, 0x00, 0x00, 0x00, 0x00, 0x00,
    0x00, 0xff, 0xff, 0xff, 0xe0, 0x00, 0x00, 0x00,
    0x00, 0x00, 0x0f, 0xff, 0xff, 0xfe, 0x00, 0x00,
    0x00, 0x00, 0x00, 0x00, 0xff, 0xff, 0xff, 0xe0,
    0x00, 0x00, 0x00, 0x00, 0x00, 0x0f, 0xff, 0xff,
    0xfe, 0x00, 0x00, 0x00, 0x00, 0x00, 0x00, 0xff,
    0xff, 0xff, 0xe0, 0x00, 0x00, 0x00, 0x00, 0x00,
    0x0f, 0xff, 0xff, 0xfe, 0x00, 0x00, 0x00, 0x00,
    0x00, 0x00, 0xff, 0xff, 0xff, 0xe0, 0x00, 0x00,
    0x00, 0x00,

    /* U+0067 "g" */
    0x00, 0x00, 0x00, 0x01, 0x7b, 0xef, 0xfe, 0xc8,
    0x30, 0x00, 0xef, 0xff, 0xff, 0x90, 0x00, 0x00,
    0x1a, 0xff, 0xff, 0xff, 0xff, 0xff, 0xc3, 0x0e,
    0xff, 0xff, 0xf9, 0x00, 0x00, 0x5f, 0xff, 0xff,
    0xff, 0xff, 0xff, 0xff, 0xf5, 0xef, 0xff, 0xff,
    0x90, 0x00, 0x6f, 0xff, 0xff, 0xff, 0xff, 0xff,
    0xff, 0xff, 0xff, 0xff, 0xff, 0xf9, 0x00, 0x4f,
    0xff, 0xff, 0xff, 0xff, 0xff, 0xff, 0xff, 0xff,
    0xff, 0xff, 0xff, 0x90, 0x1e, 0xff, 0xff, 0xff,
    0xff, 0xeb, 0xab, 0xef, 0xff, 0xff, 0xff, 0xff,
    0xf9, 0x08, 0xff, 0xff, 0xff, 0xfe, 0x50, 0x00,
    0x00, 0x3c, 0xff, 0xff, 0xff, 0xff, 0x90, 0xef,
    0xff, 0xff, 0xfd, 0x10, 0x00, 0x00, 0x00, 0x0b,
    0xff, 0xff, 0xff, 0xf9, 0x3f, 0xff, 0xff, 0xff,
    0x20, 0x00, 0x00, 0x00, 0x00, 0x0e, 0xff, 0xff,
    0xff, 0x96, 0xff, 0xff, 0xff, 0xb0, 0x00, 0x00,
    0x00, 0x00, 0x00, 0x8f, 0xff, 0xff, 0xf9, 0x8f,
    0xff, 0xff, 0xf7, 0x00, 0x00, 0x00, 0x00, 0x00,
    0x04, 0xff, 0xff, 0xff, 0x99, 0xff, 0xff, 0xff,
    0x60, 0x00, 0x00, 0x00, 0x00, 0x00, 0x3f, 0xff,
    0xff, 0xf9, 0x8f, 0xff, 0xff, 0xf7, 0x00, 0x00,
    0x00, 0x00, 0x00, 0x04, 0xff, 0xff, 0xff, 0x96,
    0xff, 0xff, 0xff, 0xa0, 0x00, 0x00, 0x00, 0x00,
    0x00, 0x8f, 0xff, 0xff, 0xf9, 0x3f, 0xff, 0xff,
    0xff, 0x20, 0x00, 0x00, 0x00, 0x00, 0x0e, 0xff,
    0xff, 0xff, 0x90, 0xef, 0xff, 0xff, 0xfd, 0x10,
    0x00, 0x00, 0x00, 0x0b, 0xff, 0xff, 0xff, 0xf9,
    0x08, 0xff, 0xff, 0xff, 0xfd, 0x50, 0x00, 0x00,
    0x3c, 0xff, 0xff, 0xff, 0xff, 0x90, 0x1e, 0xff,
    0xff, 0xff, 0xff, 0xeb, 0xab, 0xef, 0xff, 0xff,
    0xff, 0xff, 0xf9, 0x00, 0x5f, 0xff, 0xff, 0xff,
    0xff, 0xff, 0xff, 0xff, 0xff, 0xff, 0xff, 0xff,
    0x90, 0x00, 0x7f, 0xff, 0xff, 0xff, 0xff, 0xff,
    0xff, 0xff, 0xff, 0xff, 0xff, 0xf9, 0x00, 0x00,
    0x6f, 0xff, 0xff, 0xff, 0xff, 0xff, 0xff, 0xf8,
    0xff, 0xff, 0xff, 0x80, 0x00, 0x00, 0x2a, 0xff,
    0xff, 0xff, 0xff, 0xff, 0xc2, 0x4f, 0xff, 0xff,
    0xf7, 0x00, 0x00, 0x00, 0x02, 0x7b, 0xef, 0xfe,
    0xc8, 0x30, 0x06, 0xff, 0xff, 0xff, 0x60, 0x00,
    0x00, 0x00, 0x00, 0x00, 0x00, 0x00, 0x00, 0x00,
    0x9f, 0xff, 0xff, 0xf4, 0x00, 0x00, 0x00, 0x00,
    0x00, 0x00, 0x00, 0x00, 0x00, 0x0e, 0xff, 0xff,
    0xff, 0x00, 0x00, 0x0d, 0x70, 0x00, 0x00, 0x00,
    0x00, 0x00, 0x0a, 0xff, 0xff, 0xff, 0xc0, 0x00,
    0x08, 0xff, 0xe7, 0x20, 0x00, 0x00, 0x00, 0x2b,
    0xff, 0xff, 0xff, 0xf6, 0x00, 0x01, 0xff, 0xff,
    0xff, 0xea, 0x98, 0x89, 0xcf, 0xff, 0xff, 0xff,
    0xfe, 0x00, 0x00, 0x9f, 0xff, 0xff, 0xff, 0xff,
    0xff, 0xff, 0xff, 0xff, 0xff, 0xff, 0x40, 0x00,
    0x1f, 0xff, 0xff, 0xff, 0xff, 0xff, 0xff, 0xff,
    0xff, 0xff, 0xff, 0x60, 0x00, 0x00, 0x5d, 0xff,
    0xff, 0xff, 0xff, 0xff, 0xff, 0xff, 0xff, 0xfe,
    0x40, 0x00, 0x00, 0x00, 0x06, 0xcf, 0xff, 0xff,
    0xff, 0xff, 0xff, 0xff, 0xe8, 0x10, 0x00, 0x00,
    0x00, 0x00, 0x00, 0x15, 0x8b, 0xde, 0xff, 0xed,
    0xc8, 0x50, 0x00, 0x00, 0x00, 0x00,

    /* U+0068 "h" */
    0x89, 0x99, 0x99, 0x90, 0x00, 0x00, 0x00, 0x00,
    0x00, 0x00, 0x00, 0x00, 0x0d, 0xff, 0xff, 0xff,
    0x00, 0x00, 0x00, 0x00, 0x00, 0x00, 0x00, 0x00,
    0x00, 0xdf, 0xff, 0xff, 0xf0, 0x00, 0x00, 0x00,
    0x00, 0x00, 0x00, 0x00, 0x00, 0x0d, 0xff, 0xff,
    0xff, 0x00, 0x00, 0x00, 0x00, 0x00, 0x00, 0x00,
    0x00, 0x00, 0xdf, 0xff, 0xff, 0xf0, 0x00, 0x00,
    0x00, 0x00, 0x00, 0x00, 0x00, 0x00, 0x0d, 0xff,
    0xff, 0xff, 0x00, 0x00, 0x00, 0x00, 0x00, 0x00,
    0x00, 0x00, 0x00, 0xdf, 0xff, 0xff, 0xf0, 0x00,
    0x00, 0x00, 0x00, 0x00, 0x00, 0x00, 0x00, 0x0d,
    0xff, 0xff, 0xff, 0x00, 0x00, 0x00, 0x00, 0x00,
    0x00, 0x00, 0x00, 0x00, 0xdf, 0xff, 0xff, 0xf0,
    0x00, 0x00, 0x00, 0x00, 0x00, 0x00, 0x00, 0x00,
    0x0d, 0xff, 0xff, 0xff, 0x00, 0x04, 0x9d, 0xef,
    0xfd, 0xa5, 0x00, 0x00, 0x00, 0xdf, 0xff, 0xff,
    0xf0, 0x4d, 0xff, 0xff, 0xff, 0xff, 0xfe, 0x40,
    0x00, 0x0d, 0xff, 0xff, 0xff, 0x9f, 0xff, 0xff,
    0xff, 0xff, 0xff, 0xff, 0x70, 0x00, 0xdf, 0xff,
    0xff, 0xff, 0xff, 0xff, 0xff, 0xff, 0xff, 0xff,
    0xff, 0x60, 0x0d, 0xff, 0xff, 0xff, 0xff, 0xff,
    0xff, 0xff, 0xff, 0xff, 0xff, 0xff, 0x10, 0xdf,
    0xff, 0xff, 0xff, 0xff, 0xff, 0xff, 0xff, 0xff,
    0xff, 0xff, 0xf8, 0x0d, 0xff, 0xff, 0xff, 0xff,
    0xd5, 0x10, 0x03, 0xbf, 0xff, 0xff, 0xff, 0xd0,
    0xdf, 0xff, 0xff, 0xff, 0xa0, 0x00, 0x00, 0x00,
    0xaf, 0xff, 0xff, 0xff, 0x1d, 0xff, 0xff, 0xff,
    0xd0, 0x00, 0x00, 0x00, 0x01, 0xff, 0xff, 0xff,
    0xf4, 0xdf, 0xff, 0xff, 0xf7, 0x00, 0x00, 0x00,
    0x00, 0x0b, 0xff, 0xff, 0xff, 0x5d, 0xff, 0xff,
    0xff, 0x30, 0x00, 0x00, 0x00, 0x00, 0x9f, 0xff,
    0xff, 0xf5, 0xdf, 0xff, 0xff, 0xf1, 0x00, 0x00,
    0x00, 0x00, 0x08, 0xff, 0xff, 0xff, 0x6d, 0xff,
    0xff, 0xff, 0x00, 0x00, 0x00, 0x00, 0x00, 0x8f,
    0xff, 0xff, 0xf6, 0xdf, 0xff, 0xff, 0xf0, 0x00,
    0x00, 0x00, 0x00, 0x08, 0xff, 0xff, 0xff, 0x6d,
    0xff, 0xff, 0xff, 0x00, 0x00, 0x00, 0x00, 0x00,
    0x8f, 0xff, 0xff, 0xf6, 0xdf, 0xff, 0xff, 0xf0,
    0x00, 0x00, 0x00, 0x00, 0x08, 0xff, 0xff, 0xff,
    0x6d, 0xff, 0xff, 0xff, 0x00, 0x00, 0x00, 0x00,
    0x00, 0x8f, 0xff, 0xff, 0xf6, 0xdf, 0xff, 0xff,
    0xf0, 0x00, 0x00, 0x00, 0x00, 0x08, 0xff, 0xff,
    0xff, 0x6d, 0xff, 0xff, 0xff, 0x00, 0x00, 0x00,
    0x00, 0x00, 0x8f, 0xff, 0xff, 0xf6, 0xdf, 0xff,
    0xff, 0xf0, 0x00, 0x00, 0x00, 0x00, 0x08, 0xff,
    0xff, 0xff, 0x6d, 0xff, 0xff, 0xff, 0x00, 0x00,
    0x00, 0x00, 0x00, 0x8f, 0xff, 0xff, 0xf6, 0xdf,
    0xff, 0xff, 0xf0, 0x00, 0x00, 0x00, 0x00, 0x08,
    0xff, 0xff, 0xff, 0x6d, 0xff, 0xff, 0xff, 0x00,
    0x00, 0x00, 0x00, 0x00, 0x8f, 0xff, 0xff, 0xf6,
    0xdf, 0xff, 0xff, 0xf0, 0x00, 0x00, 0x00, 0x00,
    0x08, 0xff, 0xff, 0xff, 0x60,

    /* U+0069 "i" */
    0x00, 0x28, 0x98, 0x40, 0x00, 0x7f, 0xff, 0xff,
    0xa0, 0x3f, 0xff, 0xff, 0xff, 0x79, 0xff, 0xff,
    0xff, 0xfc, 0xaf, 0xff, 0xff, 0xff, 0xd6, 0xff,
    0xff, 0xff, 0xf9, 0x0c, 0xff, 0xff, 0xfe, 0x10,
    0x08, 0xef, 0xea, 0x10, 0x00, 0x00, 0x00, 0x00,
    0x00, 0x00, 0x00, 0x00, 0x00, 0x00, 0x00, 0x00,
    0x00, 0x00, 0xdf, 0xff, 0xff, 0xf0, 0x0d, 0xff,
    0xff, 0xff, 0x00, 0xdf, 0xff, 0xff, 0xf0, 0x0d,
    0xff, 0xff, 0xff, 0x00, 0xdf, 0xff, 0xff, 0xf0,
    0x0d, 0xff, 0xff, 0xff, 0x00, 0xdf, 0xff, 0xff,
    0xf0, 0x0d, 0xff, 0xff, 0xff, 0x00, 0xdf, 0xff,
    0xff, 0xf0, 0x0d, 0xff, 0xff, 0xff, 0x00, 0xdf,
    0xff, 0xff, 0xf0, 0x0d, 0xff, 0xff, 0xff, 0x00,
    0xdf, 0xff, 0xff, 0xf0, 0x0d, 0xff, 0xff, 0xff,
    0x00, 0xdf, 0xff, 0xff, 0xf0, 0x0d, 0xff, 0xff,
    0xff, 0x00, 0xdf, 0xff, 0xff, 0xf0, 0x0d, 0xff,
    0xff, 0xff, 0x00, 0xdf, 0xff, 0xff, 0xf0, 0x0d,
    0xff, 0xff, 0xff, 0x00, 0xdf, 0xff, 0xff, 0xf0,
    0x0d, 0xff, 0xff, 0xff, 0x00, 0xdf, 0xff, 0xff,
    0xf0, 0x0d, 0xff, 0xff, 0xff, 0x00,

    /* U+006A "j" */
    0x00, 0x00, 0x00, 0x00, 0x01, 0x69, 0x96, 0x00,
    0x00, 0x00, 0x00, 0x00, 0x03, 0xef, 0xff, 0xfd,
    0x20, 0x00, 0x00, 0x00, 0x00, 0xef, 0xff, 0xff,
    0xfc, 0x00, 0x00, 0x00, 0x00, 0x4f, 0xff, 0xff,
    0xff, 0xf1, 0x00, 0x00, 0x00, 0x05, 0xff, 0xff,
    0xff, 0xff, 0x20, 0x00, 0x00, 0x00, 0x1f, 0xff,
    0xff, 0xff, 0xe0, 0x00, 0x00, 0x00, 0x00, 0x8f,
    0xff, 0xff, 0xf5, 0x00, 0x00, 0x00, 0x00, 0x00,
    0x5c, 0xff, 0xb4, 0x00, 0x00, 0x00, 0x00, 0x00,
    0x00, 0x00, 0x00, 0x00, 0x00, 0x00, 0x00, 0x00,
    0x00, 0x00, 0x00, 0x00, 0x00, 0x00, 0x00, 0x00,
    0x00, 0x00, 0x00, 0x00, 0x00, 0x00, 0x00, 0x00,
    0x00, 0x08, 0xff, 0xff, 0xff, 0x50, 0x00, 0x00,
    0x00, 0x00, 0x8f, 0xff, 0xff, 0xf5, 0x00, 0x00,
    0x00, 0x00, 0x08, 0xff, 0xff, 0xff, 0x50, 0x00,
    0x00, 0x00, 0x00, 0x8f, 0xff, 0xff, 0xf5, 0x00,
    0x00, 0x00, 0x00, 0x08, 0xff, 0xff, 0xff, 0x50,
    0x00, 0x00, 0x00, 0x00, 0x8f, 0xff, 0xff, 0xf5,
    0x00, 0x00, 0x00, 0x00, 0x08, 0xff, 0xff, 0xff,
    0x50, 0x00, 0x00, 0x00, 0x00, 0x8f, 0xff, 0xff,
    0xf5, 0x00, 0x00, 0x00, 0x00, 0x08, 0xff, 0xff,
    0xff, 0x50, 0x00, 0x00, 0x00, 0x00, 0x8f, 0xff,
    0xff, 0xf5, 0x00, 0x00, 0x00, 0x00, 0x08, 0xff,
    0xff, 0xff, 0x50, 0x00, 0x00, 0x00, 0x00, 0x8f,
    0xff, 0xff, 0xf5, 0x00, 0x00, 0x00, 0x00, 0x08,
    0xff, 0xff, 0xff, 0x50, 0x00, 0x00, 0x00, 0x00,
    0x8f, 0xff, 0xff, 0xf5, 0x00, 0x00, 0x00, 0x00,
    0x08, 0xff, 0xff, 0xff, 0x50, 0x00, 0x00, 0x00,
    0x00, 0x8f, 0xff, 0xff, 0xf5, 0x00, 0x00, 0x00,
    0x00, 0x08, 0xff, 0xff, 0xff, 0x50, 0x00, 0x00,
    0x00, 0x00, 0x8f, 0xff, 0xff, 0xf5, 0x00, 0x00,
    0x00, 0x00, 0x08, 0xff, 0xff, 0xff, 0x50, 0x00,
    0x00, 0x00, 0x00, 0x8f, 0xff, 0xff, 0xf5, 0x00,
    0x00, 0x00, 0x00, 0x08, 0xff, 0xff, 0xff, 0x50,
    0x00, 0x00, 0x00, 0x00, 0x8f, 0xff, 0xff, 0xf5,
    0x00, 0x00, 0x00, 0x00, 0x08, 0xff, 0xff, 0xff,
    0x50, 0x00, 0x00, 0x00, 0x00, 0x8f, 0xff, 0xff,
    0xf5, 0x00, 0x00, 0x00, 0x00, 0x09, 0xff, 0xff,
    0xff, 0x40, 0x00, 0x00, 0x00, 0x00, 0xbf, 0xff,
    0xff, 0xf3, 0x00, 0x01, 0x00, 0x00, 0x3f, 0xff,
    0xff, 0xff, 0x00, 0x00, 0x8e, 0x97, 0x9f, 0xff,
    0xff, 0xff, 0xc0, 0x00, 0x0e, 0xff, 0xff, 0xff,
    0xff, 0xff, 0xf5, 0x00, 0x04, 0xff, 0xff, 0xff,
    0xff, 0xff, 0xfc, 0x00, 0x00, 0xaf, 0xff, 0xff,
    0xff, 0xff, 0xfe, 0x10, 0x00, 0x0e, 0xff, 0xff,
    0xff, 0xff, 0xfb, 0x10, 0x00, 0x00, 0x06, 0xad,
    0xff, 0xec, 0x93, 0x00, 0x00, 0x00,

    /* U+006B "k" */
    0x89, 0x99, 0x99, 0x90, 0x00, 0x00, 0x00, 0x00,
    0x00, 0x00, 0x00, 0x00, 0x00, 0x0d, 0xff, 0xff,
    0xff, 0x00, 0x00, 0x00, 0x00, 0x00, 0x00, 0x00,
    0x00, 0x00, 0x00, 0xdf, 0xff, 0xff, 0xf0, 0x00,
    0x00, 0x00, 0x00, 0x00, 0x00, 0x00, 0x00, 0x00,
    0x0d, 0xff, 0xff, 0xff, 0x00, 0x00, 0x00, 0x00,
    0x00, 0x00, 0x00, 0x00, 0x00, 0x00, 0xdf, 0xff,
    0xff, 0xf0, 0x00, 0x00, 0x00, 0x00, 0x00, 0x00,
    0x00, 0x00, 0x00, 0x0d, 0xff, 0xff, 0xff, 0x00,
    0x00, 0x00, 0x00, 0x00, 0x00, 0x00, 0x00, 0x00,
    0x00, 0xdf, 0xff, 0xff, 0xf0, 0x00, 0x00, 0x00,
    0x00, 0x00, 0x00, 0x00, 0x00, 0x00, 0x0d, 0xff,
    0xff, 0xff, 0x00, 0x00, 0x00, 0x00, 0x00, 0x00,
    0x00, 0x00, 0x00, 0x00, 0xdf, 0xff, 0xff, 0xf0,
    0x00, 0x00, 0x00, 0x00, 0x00, 0x00, 0x00, 0x00,
    0x00, 0x0d, 0xff, 0xff, 0xff, 0x00, 0x00, 0x00,
    0x00, 0x07, 0xff, 0xff, 0xff, 0xfb, 0x00, 0xdf,
    0xff, 0xff, 0xf0, 0x00, 0x00, 0x00, 0x08, 0xff,
    0xff, 0xff, 0xfc, 0x00, 0x0d, 0xff, 0xff, 0xff,
    0x00, 0x00, 0x00, 0x08, 0xff, 0xff, 0xff, 0xfc,
    0x00, 0x00, 0xdf, 0xff, 0xff, 0xf0, 0x00, 0x00,
    0x09, 0xff, 0xff, 0xff, 0xfc, 0x00, 0x00, 0x0d,
    0xff, 0xff, 0xff, 0x00, 0x00, 0x0a, 0xff, 0xff,
    0xff, 0xfd, 0x10, 0x00, 0x00, 0xdf, 0xff, 0xff,
    0xf0, 0x00, 0x0a, 0xff, 0xff, 0xff, 0xfd, 0x10,
    0x00, 0x00, 0x0d, 0xff, 0xff, 0xff, 0x00, 0x0b,
    0xff, 0xff, 0xff, 0xfd, 0x10, 0x00, 0x00, 0x00,
    0xdf, 0xff, 0xff, 0xf0, 0x0b, 0xff, 0xff, 0xff,
    0xfd, 0x10, 0x00, 0x00, 0x00, 0x0d, 0xff, 0xff,
    0xff, 0x1c, 0xff, 0xff, 0xff, 0xfe, 0x20, 0x00,
    0x00, 0x00, 0x00, 0xdf, 0xff, 0xff, 0xfd, 0xff,
    0xff, 0xff, 0xfe, 0x20, 0x00, 0x00, 0x00, 0x00,
    0x0d, 0xff, 0xff, 0xff, 0xff, 0xff, 0xff, 0xff,
    0xa0, 0x00, 0x00, 0x00, 0x00, 0x00, 0xdf, 0xff,
    0xff, 0xff, 0xff, 0xff, 0xff, 0xff, 0x60, 0x00,
    0x00, 0x00, 0x00, 0x0d, 0xff, 0xff, 0xff, 0xff,
    0xff, 0xff, 0xff, 0xff, 0x30, 0x00, 0x00, 0x00,
    0x00, 0xdf, 0xff, 0xff, 0xff, 0xff, 0xff, 0xff,
    0xff, 0xfe, 0x10, 0x00, 0x00, 0x00, 0x0d, 0xff,
    0xff, 0xff, 0xff, 0xfd, 0xff, 0xff, 0xff, 0xfb,
    0x00, 0x00, 0x00, 0x00, 0xdf, 0xff, 0xff, 0xff,
    0xf7, 0x1d, 0xff, 0xff, 0xff, 0xf8, 0x00, 0x00,
    0x00, 0x0d, 0xff, 0xff, 0xff, 0xf7, 0x00, 0x2f,
    0xff, 0xff, 0xff, 0xf4, 0x00, 0x00, 0x00, 0xdf,
    0xff, 0xff, 0xf6, 0x00, 0x00, 0x5f, 0xff, 0xff,
    0xff, 0xf2, 0x00, 0x00, 0x0d, 0xff, 0xff, 0xff,
    0x00, 0x00, 0x00, 0x8f, 0xff, 0xff, 0xff, 0xd0,
    0x00, 0x00, 0xdf, 0xff, 0xff, 0xf0, 0x00, 0x00,
    0x00, 0xbf, 0xff, 0xff, 0xff, 0xa0, 0x00, 0x0d,
    0xff, 0xff, 0xff, 0x00, 0x00, 0x00, 0x01, 0xef,
    0xff, 0xff, 0xff, 0x60, 0x00, 0xdf, 0xff, 0xff,
    0xf0, 0x00, 0x00, 0x00, 0x03, 0xff, 0xff, 0xff,
    0xff, 0x30, 0x0d, 0xff, 0xff, 0xff, 0x00, 0x00,
    0x00, 0x00, 0x06, 0xff, 0xff, 0xff, 0xfe, 0x10,
    0xdf, 0xff, 0xff, 0xf0, 0x00, 0x00, 0x00, 0x00,
    0x09, 0xff, 0xff, 0xff, 0xfb, 0x00,

    /* U+006C "l" */
    0x89, 0x99, 0x99, 0x90, 0xdf, 0xff, 0xff, 0xf0,
    0xdf, 0xff, 0xff, 0xf0, 0xdf, 0xff, 0xff, 0xf0,
    0xdf, 0xff, 0xff, 0xf0, 0xdf, 0xff, 0xff, 0xf0,
    0xdf, 0xff, 0xff, 0xf0, 0xdf, 0xff, 0xff, 0xf0,
    0xdf, 0xff, 0xff, 0xf0, 0xdf, 0xff, 0xff, 0xf0,
    0xdf, 0xff, 0xff, 0xf0, 0xdf, 0xff, 0xff, 0xf0,
    0xdf, 0xff, 0xff, 0xf0, 0xdf, 0xff, 0xff, 0xf0,
    0xdf, 0xff, 0xff, 0xf0, 0xdf, 0xff, 0xff, 0xf0,
    0xdf, 0xff, 0xff, 0xf0, 0xdf, 0xff, 0xff, 0xf0,
    0xdf, 0xff, 0xff, 0xf0, 0xdf, 0xff, 0xff, 0xf0,
    0xdf, 0xff, 0xff, 0xf0, 0xdf, 0xff, 0xff, 0xf0,
    0xdf, 0xff, 0xff, 0xf0, 0xdf, 0xff, 0xff, 0xf0,
    0xdf, 0xff, 0xff, 0xf0, 0xdf, 0xff, 0xff, 0xf0,
    0xdf, 0xff, 0xff, 0xf0, 0xdf, 0xff, 0xff, 0xf0,
    0xdf, 0xff, 0xff, 0xf0, 0xdf, 0xff, 0xff, 0xf0,
    0xdf, 0xff, 0xff, 0xf0, 0xdf, 0xff, 0xff, 0xf0,
    0xdf, 0xff, 0xff, 0xf0,

    /* U+006D "m" */
    0xdf, 0xff, 0xff, 0xb0, 0x01, 0x6a, 0xdf, 0xfd,
    0xb7, 0x10, 0x00, 0x00, 0x00, 0x49, 0xce, 0xff,
    0xd9, 0x40, 0x00, 0x00, 0x0d, 0xff, 0xff, 0xfb,
    0x07, 0xff, 0xff, 0xff, 0xff, 0xff, 0x80, 0x00,
    0x05, 0xef, 0xff, 0xff, 0xff, 0xff, 0xd3, 0x00,
    0x00, 0xdf, 0xff, 0xff, 0xcb, 0xff, 0xff, 0xff,
    0xff, 0xff, 0xff, 0xc0, 0x0b, 0xff, 0xff, 0xff,
    0xff, 0xff, 0xff, 0xf5, 0x00, 0x0d, 0xff, 0xff,
    0xff, 0xff, 0xff, 0xff, 0xff, 0xff, 0xff, 0xff,
    0xbc, 0xff, 0xff, 0xff, 0xff, 0xff, 0xff, 0xff,
    0xf3, 0x00, 0xdf, 0xff, 0xff, 0xff, 0xff, 0xff,
    0xff, 0xff, 0xff, 0xff, 0xff, 0xff, 0xff, 0xff,
    0xff, 0xff, 0xff, 0xff, 0xff, 0xd0, 0x0d, 0xff,
    0xff, 0xff, 0xff, 0xff, 0xff, 0xff, 0xff, 0xff,
    0xff, 0xff, 0xff, 0xff, 0xff, 0xff, 0xff, 0xff,
    0xff, 0xff, 0x50, 0xdf, 0xff, 0xff, 0xff, 0xfa,
    0x30, 0x01, 0x7f, 0xff, 0xff, 0xff, 0xff, 0xfe,
    0x61, 0x00, 0x3c, 0xff, 0xff, 0xff, 0xfa, 0x0d,
    0xff, 0xff, 0xff, 0xf7, 0x00, 0x00, 0x00, 0x5f,
    0xff, 0xff, 0xff, 0xfe, 0x20, 0x00, 0x00, 0x0c,
    0xff, 0xff, 0xff, 0xe0, 0xdf, 0xff, 0xff, 0xfc,
    0x00, 0x00, 0x00, 0x00, 0xcf, 0xff, 0xff, 0xff,
    0x50, 0x00, 0x00, 0x00, 0x3f, 0xff, 0xff, 0xff,
    0x0d, 0xff, 0xff, 0xff, 0x60, 0x00, 0x00, 0x00,
    0x07, 0xff, 0xff, 0xff, 0xe0, 0x00, 0x00, 0x00,
    0x00, 0xef, 0xff, 0xff, 0xf1, 0xdf, 0xff, 0xff,
    0xf2, 0x00, 0x00, 0x00, 0x00, 0x5f, 0xff, 0xff,
    0xfb, 0x00, 0x00, 0x00, 0x00, 0x0c, 0xff, 0xff,
    0xff, 0x2d, 0xff, 0xff, 0xff, 0x10, 0x00, 0x00,
    0x00, 0x04, 0xff, 0xff, 0xff, 0x90, 0x00, 0x00,
    0x00, 0x00, 0xbf, 0xff, 0xff, 0xf2, 0xdf, 0xff,
    0xff, 0xf0, 0x00, 0x00, 0x00, 0x00, 0x4f, 0xff,
    0xff, 0xf9, 0x00, 0x00, 0x00, 0x00, 0x0b, 0xff,
    0xff, 0xff, 0x2d, 0xff, 0xff, 0xff, 0x00, 0x00,
    0x00, 0x00, 0x04, 0xff, 0xff, 0xff, 0x90, 0x00,
    0x00, 0x00, 0x00, 0xbf, 0xff, 0xff, 0xf2, 0xdf,
    0xff, 0xff, 0xf0, 0x00, 0x00, 0x00, 0x00, 0x4f,
    0xff, 0xff, 0xf9, 0x00, 0x00, 0x00, 0x00, 0x0b,
    0xff, 0xff, 0xff, 0x2d, 0xff, 0xff, 0xff, 0x00,
    0x00, 0x00, 0x00, 0x04, 0xff, 0xff, 0xff, 0x90,
    0x00, 0x00, 0x00, 0x00, 0xbf, 0xff, 0xff, 0xf2,
    0xdf, 0xff, 0xff, 0xf0, 0x00, 0x00, 0x00, 0x00,
    0x4f, 0xff, 0xff, 0xf9, 0x00, 0x00, 0x00, 0x00,
    0x0b, 0xff, 0xff, 0xff, 0x2d, 0xff, 0xff, 0xff,
    0x00, 0x00, 0x00, 0x00, 0x04, 0xff, 0xff, 0xff,
    0x90, 0x00, 0x00, 0x00, 0x00, 0xbf, 0xff, 0xff,
    0xf2, 0xdf, 0xff, 0xff, 0xf0, 0x00, 0x00, 0x00,
    0x00, 0x4f, 0xff, 0xff, 0xf9, 0x00, 0x00, 0x00,
    0x00, 0x0b, 0xff, 0xff, 0xff, 0x2d, 0xff, 0xff,
    0xff, 0x00, 0x00, 0x00, 0x00, 0x04, 0xff, 0xff,
    0xff, 0x90, 0x00, 0x00, 0x00, 0x00, 0xbf, 0xff,
    0xff, 0xf2, 0xdf, 0xff, 0xff, 0xf0, 0x00, 0x00,
    0x00, 0x00, 0x4f, 0xff, 0xff, 0xf9, 0x00, 0x00,
    0x00, 0x00, 0x0b, 0xff, 0xff, 0xff, 0x2d, 0xff,
    0xff, 0xff, 0x00, 0x00, 0x00, 0x00, 0x04, 0xff,
    0xff, 0xff, 0x90, 0x00, 0x00, 0x00, 0x00, 0xbf,
    0xff, 0xff, 0xf2, 0xdf, 0xff, 0xff, 0xf0, 0x00,
    0x00, 0x00, 0x00, 0x4f, 0xff, 0xff, 0xf9, 0x00,
    0x00, 0x00, 0x00, 0x0b, 0xff, 0xff, 0xff, 0x2d,
    0xff, 0xff, 0xff, 0x00, 0x00, 0x00, 0x00, 0x04,
    0xff, 0xff, 0xff, 0x90, 0x00, 0x00, 0x00, 0x00,
    0xbf, 0xff, 0xff, 0xf2,

    /* U+006E "n" */
    0xdf, 0xff, 0xff, 0xb0, 0x00, 0x59, 0xde, 0xff,
    0xda, 0x50, 0x00, 0x00, 0x0d, 0xff, 0xff, 0xfb,
    0x06, 0xef, 0xff, 0xff, 0xff, 0xff, 0xe4, 0x00,
    0x00, 0xdf, 0xff, 0xff, 0xca, 0xff, 0xff, 0xff,
    0xff, 0xff, 0xff, 0xf7, 0x00, 0x0d, 0xff, 0xff,
    0xff, 0xff, 0xff, 0xff, 0xff, 0xff, 0xff, 0xff,
    0xf6, 0x00, 0xdf, 0xff, 0xff, 0xff, 0xff, 0xff,
    0xff, 0xff, 0xff, 0xff, 0xff, 0xf1, 0x0d, 0xff,
    0xff, 0xff, 0xff, 0xff, 0xff, 0xff, 0xff, 0xff,
    0xff, 0xff, 0x80, 0xdf, 0xff, 0xff, 0xff, 0xfd,
    0x51, 0x00, 0x3b, 0xff, 0xff, 0xff, 0xfd, 0x0d,
    0xff, 0xff, 0xff, 0xfa, 0x00, 0x00, 0x00, 0x0a,
    0xff, 0xff, 0xff, 0xf1, 0xdf, 0xff, 0xff, 0xfd,
    0x00, 0x00, 0x00, 0x00, 0x1f, 0xff, 0xff, 0xff,
    0x4d, 0xff, 0xff, 0xff, 0x70, 0x00, 0x00, 0x00,
    0x00, 0xbf, 0xff, 0xff, 0xf5, 0xdf, 0xff, 0xff,
    0xf3, 0x00, 0x00, 0x00, 0x00, 0x09, 0xff, 0xff,
    0xff, 0x5d, 0xff, 0xff, 0xff, 0x10, 0x00, 0x00,
    0x00, 0x00, 0x8f, 0xff, 0xff, 0xf6, 0xdf, 0xff,
    0xff, 0xf0, 0x00, 0x00, 0x00, 0x00, 0x08, 0xff,
    0xff, 0xff, 0x6d, 0xff, 0xff, 0xff, 0x00, 0x00,
    0x00, 0x00, 0x00, 0x8f, 0xff, 0xff, 0xf6, 0xdf,
    0xff, 0xff, 0xf0, 0x00, 0x00, 0x00, 0x00, 0x08,
    0xff, 0xff, 0xff, 0x6d, 0xff, 0xff, 0xff, 0x00,
    0x00, 0x00, 0x00, 0x00, 0x8f, 0xff, 0xff, 0xf6,
    0xdf, 0xff, 0xff, 0xf0, 0x00, 0x00, 0x00, 0x00,
    0x08, 0xff, 0xff, 0xff, 0x6d, 0xff, 0xff, 0xff,
    0x00, 0x00, 0x00, 0x00, 0x00, 0x8f, 0xff, 0xff,
    0xf6, 0xdf, 0xff, 0xff, 0xf0, 0x00, 0x00, 0x00,
    0x00, 0x08, 0xff, 0xff, 0xff, 0x6d, 0xff, 0xff,
    0xff, 0x00, 0x00, 0x00, 0x00, 0x00, 0x8f, 0xff,
    0xff, 0xf6, 0xdf, 0xff, 0xff, 0xf0, 0x00, 0x00,
    0x00, 0x00, 0x08, 0xff, 0xff, 0xff, 0x6d, 0xff,
    0xff, 0xff, 0x00, 0x00, 0x00, 0x00, 0x00, 0x8f,
    0xff, 0xff, 0xf6, 0xdf, 0xff, 0xff, 0xf0, 0x00,
    0x00, 0x00, 0x00, 0x08, 0xff, 0xff, 0xff, 0x6d,
    0xff, 0xff, 0xff, 0x00, 0x00, 0x00, 0x00, 0x00,
    0x8f, 0xff, 0xff, 0xf6,

    /* U+006F "o" */
    0x00, 0x00, 0x00, 0x00, 0x38, 0xbe, 0xff, 0xfd,
    0xb7, 0x20, 0x00, 0x00, 0x00, 0x00, 0x00, 0x00,
    0x05, 0xcf, 0xff, 0xff, 0xff, 0xff, 0xff, 0xb3,
    0x00, 0x00, 0x00, 0x00, 0x00, 0x1b, 0xff, 0xff,
    0xff, 0xff, 0xff, 0xff, 0xff, 0xf9, 0x00, 0x00,
    0x00, 0x00, 0x2d, 0xff, 0xff, 0xff, 0xff, 0xff,
    0xff, 0xff, 0xff, 0xfc, 0x00, 0x00, 0x00, 0x1d,
    0xff, 0xff, 0xff, 0xff, 0xff, 0xff, 0xff, 0xff,
    0xff, 0xfc, 0x00, 0x00, 0x0b, 0xff, 0xff, 0xff,
    0xff, 0xeb, 0xab, 0xff, 0xff, 0xff, 0xff, 0xf8,
    0x00, 0x04, 0xff, 0xff, 0xff, 0xfe, 0x50, 0x00,
    0x00, 0x6f, 0xff, 0xff, 0xff, 0xf1, 0x00, 0xbf,
    0xff, 0xff, 0xfd, 0x10, 0x00, 0x00, 0x00, 0x3f,
    0xff, 0xff, 0xff, 0x90, 0x1f, 0xff, 0xff, 0xff,
    0x30, 0x00, 0x00, 0x00, 0x00, 0x6f, 0xff, 0xff,
    0xfe, 0x05, 0xff, 0xff, 0xff, 0xc0, 0x00, 0x00,
    0x00, 0x00, 0x00, 0xef, 0xff, 0xff, 0xf2, 0x7f,
    0xff, 0xff, 0xf8, 0x00, 0x00, 0x00, 0x00, 0x00,
    0x0b, 0xff, 0xff, 0xff, 0x49, 0xff, 0xff, 0xff,
    0x60, 0x00, 0x00, 0x00, 0x00, 0x00, 0x9f, 0xff,
    0xff, 0xf6, 0x9f, 0xff, 0xff, 0xf6, 0x00, 0x00,
    0x00, 0x00, 0x00, 0x09, 0xff, 0xff, 0xff, 0x57,
    0xff, 0xff, 0xff, 0x80, 0x00, 0x00, 0x00, 0x00,
    0x00, 0xbf, 0xff, 0xff, 0xf4, 0x5f, 0xff, 0xff,
    0xfc, 0x00, 0x00, 0x00, 0x00, 0x00, 0x0e, 0xff,
    0xff, 0xff, 0x21, 0xff, 0xff, 0xff, 0xf3, 0x00,
    0x00, 0x00, 0x00, 0x06, 0xff, 0xff, 0xff, 0xe0,
    0x0c, 0xff, 0xff, 0xff, 0xd1, 0x00, 0x00, 0x00,
    0x03, 0xff, 0xff, 0xff, 0xf9, 0x00, 0x4f, 0xff,
    0xff, 0xff, 0xe5, 0x00, 0x00, 0x06, 0xff, 0xff,
    0xff, 0xff, 0x20, 0x00, 0xbf, 0xff, 0xff, 0xff,
    0xfe, 0xba, 0xbe, 0xff, 0xff, 0xff, 0xff, 0x80,
    0x00, 0x01, 0xef, 0xff, 0xff, 0xff, 0xff, 0xff,
    0xff, 0xff, 0xff, 0xff, 0xc0, 0x00, 0x00, 0x02,
    0xef, 0xff, 0xff, 0xff, 0xff, 0xff, 0xff, 0xff,
    0xff, 0xc1, 0x00, 0x00, 0x00, 0x01, 0xbf, 0xff,
    0xff, 0xff, 0xff, 0xff, 0xff, 0xff, 0x90, 0x00,
    0x00, 0x00, 0x00, 0x00, 0x5d, 0xff, 0xff, 0xff,
    0xff, 0xff, 0xfb, 0x30, 0x00, 0x00, 0x00, 0x00,
    0x00, 0x00, 0x03, 0x8b, 0xef, 0xff, 0xdb, 0x72,
    0x00, 0x00, 0x00, 0x00,

    /* U+0070 "p" */
    0xdf, 0xff, 0xff, 0xb0, 0x01, 0x7b, 0xdf, 0xfe,
    0xc8, 0x30, 0x00, 0x00, 0x00, 0xdf, 0xff, 0xff,
    0xb0, 0x8f, 0xff, 0xff, 0xff, 0xff, 0xfc, 0x40,
    0x00, 0x00, 0xdf, 0xff, 0xff, 0xcc, 0xff, 0xff,
    0xff, 0xff, 0xff, 0xff, 0xf9, 0x00, 0x00, 0xdf,
    0xff, 0xff, 0xff, 0xff, 0xff, 0xff, 0xff, 0xff,
    0xff, 0xff, 0xb0, 0x00, 0xdf, 0xff, 0xff, 0xff,
    0xff, 0xff, 0xff, 0xff, 0xff, 0xff, 0xff, 0xf9,
    0x00, 0xdf, 0xff, 0xff, 0xff, 0xff, 0xfc, 0xaa,
    0xdf, 0xff, 0xff, 0xff, 0xff, 0x40, 0xdf, 0xff,
    0xff, 0xff, 0xfa, 0x20, 0x00, 0x02, 0xbf, 0xff,
    0xff, 0xff, 0xc0, 0xdf, 0xff, 0xff, 0xff, 0x80,
    0x00, 0x00, 0x00, 0x09, 0xff, 0xff, 0xff, 0xf3,
    0xdf, 0xff, 0xff, 0xfc, 0x00, 0x00, 0x00, 0x00,
    0x00, 0xdf, 0xff, 0xff, 0xf8, 0xdf, 0xff, 0xff,
    0xf5, 0x00, 0x00, 0x00, 0x00, 0x00, 0x6f, 0xff,
    0xff, 0xfb, 0xdf, 0xff, 0xff, 0xf1, 0x00, 0x00,
    0x00, 0x00, 0x00, 0x2f, 0xff, 0xff, 0xfd, 0xdf,
    0xff, 0xff, 0xf0, 0x00, 0x00, 0x00, 0x00, 0x00,
    0x0f, 0xff, 0xff, 0xfe, 0xdf, 0xff, 0xff, 0xf0,
    0x00, 0x00, 0x00, 0x00, 0x00, 0x0f, 0xff, 0xff,
    0xfe, 0xdf, 0xff, 0xff, 0xf1, 0x00, 0x00, 0x00,
    0x00, 0x00, 0x2f, 0xff, 0xff, 0xfd, 0xdf, 0xff,
    0xff, 0xf5, 0x00, 0x00, 0x00, 0x00, 0x00, 0x6f,
    0xff, 0xff, 0xfb, 0xdf, 0xff, 0xff, 0xfc, 0x00,
    0x00, 0x00, 0x00, 0x00, 0xdf, 0xff, 0xff, 0xf8,
    0xdf, 0xff, 0xff, 0xff, 0x80, 0x00, 0x00, 0x00,
    0x09, 0xff, 0xff, 0xff, 0xf3, 0xdf, 0xff, 0xff,
    0xff, 0xfa, 0x10, 0x00, 0x02, 0xbf, 0xff, 0xff,
    0xff, 0xd0, 0xdf, 0xff, 0xff, 0xff, 0xff, 0xfc,
    0xaa, 0xcf, 0xff, 0xff, 0xff, 0xff, 0x40, 0xdf,
    0xff, 0xff, 0xff, 0xff, 0xff, 0xff, 0xff, 0xff,
    0xff, 0xff, 0xfa, 0x00, 0xdf, 0xff, 0xff, 0xff,
    0xff, 0xff, 0xff, 0xff, 0xff, 0xff, 0xff, 0xb0,
    0x00, 0xdf, 0xff, 0xff, 0xf9, 0xff, 0xff, 0xff,
    0xff, 0xff, 0xff, 0xfa, 0x00, 0x00, 0xdf, 0xff,
    0xff, 0xf0, 0x6e, 0xff, 0xff, 0xff, 0xff, 0xfd,
    0x40, 0x00, 0x00, 0xdf, 0xff, 0xff, 0xf0, 0x00,
    0x6a, 0xdf, 0xfe, 0xc9, 0x40, 0x00, 0x00, 0x00,
    0xdf, 0xff, 0xff, 0xf0, 0x00, 0x00, 0x00, 0x00,
    0x00, 0x00, 0x00, 0x00, 0x00, 0xdf, 0xff, 0xff,
    0xf0, 0x00, 0x00, 0x00, 0x00, 0x00, 0x00, 0x00,
    0x00, 0x00, 0xdf, 0xff, 0xff, 0xf0, 0x00, 0x00,
    0x00, 0x00, 0x00, 0x00, 0x00, 0x00, 0x00, 0xdf,
    0xff, 0xff, 0xf0, 0x00, 0x00, 0x00, 0x00, 0x00,
    0x00, 0x00, 0x00, 0x00, 0xdf, 0xff, 0xff, 0xf0,
    0x00, 0x00, 0x00, 0x00, 0x00, 0x00, 0x00, 0x00,
    0x00, 0xdf, 0xff, 0xff, 0xf0, 0x00, 0x00, 0x00,
    0x00, 0x00, 0x00, 0x00, 0x00, 0x00, 0xdf, 0xff,
    0xff, 0xf0, 0x00, 0x00, 0x00, 0x00, 0x00, 0x00,
    0x00, 0x00, 0x00, 0xdf, 0xff, 0xff, 0xf0, 0x00,
    0x00, 0x00, 0x00, 0x00, 0x00, 0x00, 0x00, 0x00,
    0xdf, 0xff, 0xff, 0xf0, 0x00, 0x00, 0x00, 0x00,
    0x00, 0x00, 0x00, 0x00, 0x00,

    /* U+0071 "q" */
    0x00, 0x00, 0x00, 0x01, 0x7b, 0xef, 0xfe, 0xc8,
    0x40, 0x05, 0xff, 0xff, 0xff, 0x30, 0x00, 0x00,
    0x1a, 0xff, 0xff, 0xff, 0xff, 0xff, 0xc2, 0x5f,
    0xff, 0xff, 0xf3, 0x00, 0x00, 0x4e, 0xff, 0xff,
    0xff, 0xff, 0xff, 0xff, 0xf9, 0xff, 0xff, 0xff,
    0x30, 0x00, 0x5f, 0xff, 0xff, 0xff, 0xff, 0xff,
    0xff, 0xff, 0xff, 0xff, 0xff, 0xf3, 0x00, 0x3f,
    0xff, 0xff, 0xff, 0xff, 0xff, 0xff, 0xff, 0xff,
    0xff, 0xff, 0xff, 0x30, 0x0d, 0xff, 0xff, 0xff,
    0xff, 0xeb, 0xab, 0xff, 0xff, 0xff, 0xff, 0xff,
    0xf3, 0x06, 0xff, 0xff, 0xff, 0xfe, 0x50, 0x00,
    0x00, 0x7f, 0xff, 0xff, 0xff, 0xff, 0x30, 0xdf,
    0xff, 0xff, 0xfe, 0x10, 0x00, 0x00, 0x00, 0x3f,
    0xff, 0xff, 0xff, 0xf3, 0x2f, 0xff, 0xff, 0xff,
    0x30, 0x00, 0x00, 0x00, 0x00, 0x6f, 0xff, 0xff,
    0xff, 0x35, 0xff, 0xff, 0xff, 0xc0, 0x00, 0x00,
    0x00, 0x00, 0x00, 0xef, 0xff, 0xff, 0xf3, 0x8f,
    0xff, 0xff, 0xf8, 0x00, 0x00, 0x00, 0x00, 0x00,
    0x0b, 0xff, 0xff, 0xff, 0x39, 0xff, 0xff, 0xff,
    0x60, 0x00, 0x00, 0x00, 0x00, 0x00, 0x9f, 0xff,
    0xff, 0xf3, 0x9f, 0xff, 0xff, 0xf6, 0x00, 0x00,
    0x00, 0x00, 0x00, 0x09, 0xff, 0xff, 0xff, 0x38,
    0xff, 0xff, 0xff, 0x80, 0x00, 0x00, 0x00, 0x00,
    0x00, 0xbf, 0xff, 0xff, 0xf3, 0x5f, 0xff, 0xff,
    0xfc, 0x00, 0x00, 0x00, 0x00, 0x00, 0x0e, 0xff,
    0xff, 0xff, 0x32, 0xff, 0xff, 0xff, 0xf3, 0x00,
    0x00, 0x00, 0x00, 0x06, 0xff, 0xff, 0xff, 0xf3,
    0x0d, 0xff, 0xff, 0xff, 0xd1, 0x00, 0x00, 0x00,
    0x02, 0xff, 0xff, 0xff, 0xff, 0x30, 0x7f, 0xff,
    0xff, 0xff, 0xe5, 0x00, 0x00, 0x06, 0xff, 0xff,
    0xff, 0xff, 0xf3, 0x00, 0xef, 0xff, 0xff, 0xff,
    0xfe, 0xba, 0xbe, 0xff, 0xff, 0xff, 0xff, 0xff,
    0x30, 0x04, 0xff, 0xff, 0xff, 0xff, 0xff, 0xff,
    0xff, 0xff, 0xff, 0xff, 0xff, 0xf3, 0x00, 0x06,
    0xff, 0xff, 0xff, 0xff, 0xff, 0xff, 0xff, 0xff,
    0xff, 0xff, 0xff, 0x30, 0x00, 0x05, 0xff, 0xff,
    0xff, 0xff, 0xff, 0xff, 0xfd, 0xcf, 0xff, 0xff,
    0xf3, 0x00, 0x00, 0x01, 0xaf, 0xff, 0xff, 0xff,
    0xff, 0xfa, 0x0a, 0xff, 0xff, 0xff, 0x30, 0x00,
    0x00, 0x00, 0x27, 0xbe, 0xff, 0xec, 0x82, 0x00,
    0xaf, 0xff, 0xff, 0xf3, 0x00, 0x00, 0x00, 0x00,
    0x00, 0x00, 0x00, 0x00, 0x00, 0x0a, 0xff, 0xff,
    0xff, 0x30, 0x00, 0x00, 0x00, 0x00, 0x00, 0x00,
    0x00, 0x00, 0x00, 0xaf, 0xff, 0xff, 0xf3, 0x00,
    0x00, 0x00, 0x00, 0x00, 0x00, 0x00, 0x00, 0x00,
    0x0a, 0xff, 0xff, 0xff, 0x30, 0x00, 0x00, 0x00,
    0x00, 0x00, 0x00, 0x00, 0x00, 0x00, 0xaf, 0xff,
    0xff, 0xf3, 0x00, 0x00, 0x00, 0x00, 0x00, 0x00,
    0x00, 0x00, 0x00, 0x0a, 0xff, 0xff, 0xff, 0x30,
    0x00, 0x00, 0x00, 0x00, 0x00, 0x00, 0x00, 0x00,
    0x00, 0xaf, 0xff, 0xff, 0xf3, 0x00, 0x00, 0x00,
    0x00, 0x00, 0x00, 0x00, 0x00, 0x00, 0x0a, 0xff,
    0xff, 0xff, 0x30, 0x00, 0x00, 0x00, 0x00, 0x00,
    0x00, 0x00, 0x00, 0x00, 0xaf, 0xff, 0xff, 0xf3,
    0x00, 0x00, 0x00, 0x00, 0x00, 0x00, 0x00, 0x00,
    0x00, 0x0a, 0xff, 0xff, 0xff, 0x30,

    /* U+0072 "r" */
    0xdf, 0xff, 0xff, 0xb0, 0x00, 0x49, 0xce, 0xdd,
    0xff, 0xff, 0xfb, 0x05, 0xdf, 0xff, 0xfd, 0xdf,
    0xff, 0xff, 0xb7, 0xff, 0xff, 0xff, 0xdd, 0xff,
    0xff, 0xff, 0xff, 0xff, 0xff, 0xfd, 0xdf, 0xff,
    0xff, 0xff, 0xff, 0xff, 0xff, 0xdd, 0xff, 0xff,
    0xff, 0xff, 0xff, 0xff, 0xfd, 0xdf, 0xff, 0xff,
    0xff, 0xff, 0xc7, 0x54, 0x4d, 0xff, 0xff, 0xff,
    0xfe, 0x40, 0x00, 0x00, 0xdf, 0xff, 0xff, 0xff,
    0x30, 0x00, 0x00, 0x0d, 0xff, 0xff, 0xff, 0xa0,
    0x00, 0x00, 0x00, 0xdf, 0xff, 0xff, 0xf5, 0x00,
    0x00, 0x00, 0x0d, 0xff, 0xff, 0xff, 0x20, 0x00,
    0x00, 0x00, 0xdf, 0xff, 0xff, 0xf0, 0x00, 0x00,
    0x00, 0x0d, 0xff, 0xff, 0xff, 0x00, 0x00, 0x00,
    0x00, 0xdf, 0xff, 0xff, 0xf0, 0x00, 0x00, 0x00,
    0x0d, 0xff, 0xff, 0xff, 0x00, 0x00, 0x00, 0x00,
    0xdf, 0xff, 0xff, 0xf0, 0x00, 0x00, 0x00, 0x0d,
    0xff, 0xff, 0xff, 0x00, 0x00, 0x00, 0x00, 0xdf,
    0xff, 0xff, 0xf0, 0x00, 0x00, 0x00, 0x0d, 0xff,
    0xff, 0xff, 0x00, 0x00, 0x00, 0x00, 0xdf, 0xff,
    0xff, 0xf0, 0x00, 0x00, 0x00, 0x0d, 0xff, 0xff,
    0xff, 0x00, 0x00, 0x00, 0x00, 0xdf, 0xff, 0xff,
    0xf0, 0x00, 0x00, 0x00, 0x0d, 0xff, 0xff, 0xff,
    0x00, 0x00, 0x00, 0x00,

    /* U+0073 "s" */
    0x00, 0x00, 0x00, 0x05, 0x9c, 0xef, 0xff, 0xec,
    0x96, 0x10, 0x00, 0x00, 0x00, 0x00, 0x8f, 0xff,
    0xff, 0xff, 0xff, 0xff, 0xff, 0xd6, 0x00, 0x00,
    0x02, 0xef, 0xff, 0xff, 0xff, 0xff, 0xff, 0xff,
    0xff, 0xf4, 0x00, 0x02, 0xff, 0xff, 0xff, 0xff,
    0xff, 0xff, 0xff, 0xff, 0xfd, 0x00, 0x00, 0xcf,
    0xff, 0xff, 0xff, 0xff, 0xff, 0xff, 0xff, 0xff,
    0x50, 0x00, 0x3f, 0xff, 0xff, 0xff, 0xa5, 0x33,
    0x45, 0x8c, 0xff, 0xe0, 0x00, 0x06, 0xff, 0xff,
    0xff, 0x50, 0x00, 0x00, 0x00, 0x01, 0x86, 0x00,
    0x00, 0x8f, 0xff, 0xff, 0xf0, 0x00, 0x00, 0x00,
    0x00, 0x00, 0x00, 0x00, 0x06, 0xff, 0xff, 0xff,
    0x91, 0x00, 0x00, 0x00, 0x00, 0x00, 0x00, 0x00,
    0x4f, 0xff, 0xff, 0xff, 0xfb, 0x85, 0x30, 0x00,
    0x00, 0x00, 0x00, 0x00, 0xdf, 0xff, 0xff, 0xff,
    0xff, 0xff, 0xfd, 0xa5, 0x00, 0x00, 0x00, 0x03,
    0xff, 0xff, 0xff, 0xff, 0xff, 0xff, 0xff, 0xfe,
    0x70, 0x00, 0x00, 0x02, 0xcf, 0xff, 0xff, 0xff,
    0xff, 0xff, 0xff, 0xff, 0xb0, 0x00, 0x00, 0x00,
    0x49, 0xef, 0xff, 0xff, 0xff, 0xff, 0xff, 0xff,
    0x80, 0x00, 0x00, 0x00, 0x00, 0x14, 0x69, 0xcf,
    0xff, 0xff, 0xff, 0xff, 0x00, 0x00, 0x00, 0x00,
    0x00, 0x00, 0x00, 0x04, 0xdf, 0xff, 0xff, 0xf3,
    0x00, 0x03, 0x00, 0x00, 0x00, 0x00, 0x00, 0x05,
    0xff, 0xff, 0xff, 0x40, 0x04, 0xfb, 0x40, 0x00,
    0x00, 0x00, 0x00, 0x8f, 0xff, 0xff, 0xf3, 0x00,
    0xbf, 0xff, 0xea, 0x74, 0x32, 0x35, 0xaf, 0xff,
    0xff, 0xff, 0x00, 0x3f, 0xff, 0xff, 0xff, 0xff,
    0xff, 0xff, 0xff, 0xff, 0xff, 0x90, 0x0a, 0xff,
    0xff, 0xff, 0xff, 0xff, 0xff, 0xff, 0xff, 0xff,
    0xd0, 0x00, 0xcf, 0xff, 0xff, 0xff, 0xff, 0xff,
    0xff, 0xff, 0xff, 0xc1, 0x00, 0x00, 0x5b, 0xff,
    0xff, 0xff, 0xff, 0xff, 0xff, 0xfe, 0x60, 0x00,
    0x00, 0x00, 0x01, 0x58, 0xbd, 0xef, 0xfe, 0xdb,
    0x84, 0x00, 0x00, 0x00,

    /* U+0074 "t" */
    0x00, 0x00, 0xff, 0xff, 0xff, 0xe0, 0x00, 0x00,
    0x00, 0x00, 0x00, 0x0f, 0xff, 0xff, 0xfe, 0x00,
    0x00, 0x00, 0x00, 0x00, 0x00, 0xff, 0xff, 0xff,
    0xe0, 0x00, 0x00, 0x00, 0x00, 0x00, 0x0f, 0xff,
    0xff, 0xfe, 0x00, 0x00, 0x00, 0x00, 0x00, 0x00,
    0xff, 0xff, 0xff, 0xe0, 0x00, 0x00, 0x00, 0x0a,
    0xff, 0xff, 0xff, 0xff, 0xff, 0xff, 0xff, 0xfc,
    0x00, 0xaf, 0xff, 0xff, 0xff, 0xff, 0xff, 0xff,
    0xff, 0xc0, 0x0a, 0xff, 0xff, 0xff, 0xff, 0xff,
    0xff, 0xff, 0xfc, 0x00, 0xaf, 0xff, 0xff, 0xff,
    0xff, 0xff, 0xff, 0xff, 0xc0, 0x0a, 0xff, 0xff,
    0xff, 0xff, 0xff, 0xff, 0xff, 0xfc, 0x00, 0x24,
    0x44, 0xff, 0xff, 0xff, 0xe4, 0x44, 0x44, 0x30,
    0x00, 0x00, 0x0f, 0xff, 0xff, 0xfe, 0x00, 0x00,
    0x00, 0x00, 0x00, 0x00, 0xff, 0xff, 0xff, 0xe0,
    0x00, 0x00, 0x00, 0x00, 0x00, 0x0f, 0xff, 0xff,
    0xfe, 0x00, 0x00, 0x00, 0x00, 0x00, 0x00, 0xff,
    0xff, 0xff, 0xe0, 0x00, 0x00, 0x00, 0x00, 0x00,
    0x0f, 0xff, 0xff, 0xfe, 0x00, 0x00, 0x00, 0x00,
    0x00, 0x00, 0xff, 0xff, 0xff, 0xe0, 0x00, 0x00,
    0x00, 0x00, 0x00, 0x0f, 0xff, 0xff, 0xfe, 0x00,
    0x00, 0x00, 0x00, 0x00, 0x00, 0xff, 0xff, 0xff,
    0xe0, 0x00, 0x00, 0x00, 0x00, 0x00, 0x0f, 0xff,
    0xff, 0xfe, 0x00, 0x00, 0x00, 0x00, 0x00, 0x00,
    0xff, 0xff, 0xff, 0xe0, 0x00, 0x00, 0x00, 0x00,
    0x00, 0x0e, 0xff, 0xff, 0xff, 0x00, 0x00, 0x00,
    0x00, 0x00, 0x00, 0xdf, 0xff, 0xff, 0xf8, 0x00,
    0x00, 0x10, 0x00, 0x00, 0x09, 0xff, 0xff, 0xff,
    0xfb, 0x78, 0xce, 0x00, 0x00, 0x00, 0x4f, 0xff,
    0xff, 0xff, 0xff, 0xff, 0xf4, 0x00, 0x00, 0x00,
    0xcf, 0xff, 0xff, 0xff, 0xff, 0xff, 0xa0, 0x00,
    0x00, 0x01, 0xef, 0xff, 0xff, 0xff, 0xff, 0xff,
    0x10, 0x00, 0x00, 0x01, 0xbf, 0xff, 0xff, 0xff,
    0xff, 0xf3, 0x00, 0x00, 0x00, 0x00, 0x38, 0xce,
    0xff, 0xeb, 0x71, 0x00,

    /* U+0075 "u" */
    0xff, 0xff, 0xff, 0xe0, 0x00, 0x00, 0x00, 0x00,
    0x0d, 0xff, 0xff, 0xff, 0x0f, 0xff, 0xff, 0xfe,
    0x00, 0x00, 0x00, 0x00, 0x00, 0xdf, 0xff, 0xff,
    0xf0, 0xff, 0xff, 0xff, 0xe0, 0x00, 0x00, 0x00,
    0x00, 0x0d, 0xff, 0xff, 0xff, 0x0f, 0xff, 0xff,
    0xfe, 0x00, 0x00, 0x00, 0x00, 0x00, 0xdf, 0xff,
    0xff, 0xf0, 0xff, 0xff, 0xff, 0xe0, 0x00, 0x00,
    0x00, 0x00, 0x0d, 0xff, 0xff, 0xff, 0x0f, 0xff,
    0xff, 0xfe, 0x00, 0x00, 0x00, 0x00, 0x00, 0xdf,
    0xff, 0xff, 0xf0, 0xff, 0xff, 0xff, 0xe0, 0x00,
    0x00, 0x00, 0x00, 0x0d, 0xff, 0xff, 0xff, 0x0f,
    0xff, 0xff, 0xfe, 0x00, 0x00, 0x00, 0x00, 0x00,
    0xdf, 0xff, 0xff, 0xf0, 0xff, 0xff, 0xff, 0xe0,
    0x00, 0x00, 0x00, 0x00, 0x0d, 0xff, 0xff, 0xff,
    0x0f, 0xff, 0xff, 0xfe, 0x00, 0x00, 0x00, 0x00,
    0x00, 0xdf, 0xff, 0xff, 0xf0, 0xff, 0xff, 0xff,
    0xe0, 0x00, 0x00, 0x00, 0x00, 0x0d, 0xff, 0xff,
    0xff, 0x0f, 0xff, 0xff, 0xfe, 0x00, 0x00, 0x00,
    0x00, 0x00, 0xdf, 0xff, 0xff, 0xf0, 0xff, 0xff,
    0xff, 0xe0, 0x00, 0x00, 0x00, 0x00, 0x0e, 0xff,
    0xff, 0xff, 0x0f, 0xff, 0xff, 0xff, 0x00, 0x00,
    0x00, 0x00, 0x00, 0xff, 0xff, 0xff, 0xf0, 0xef,
    0xff, 0xff, 0xf2, 0x00, 0x00, 0x00, 0x00, 0x3f,
    0xff, 0xff, 0xff, 0x0d, 0xff, 0xff, 0xff, 0x70,
    0x00, 0x00, 0x00, 0x0a, 0xff, 0xff, 0xff, 0xf0,
    0xaf, 0xff, 0xff, 0xfe, 0x10, 0x00, 0x00, 0x06,
    0xff, 0xff, 0xff, 0xff, 0x06, 0xff, 0xff, 0xff,
    0xfe, 0x50, 0x00, 0x3a, 0xff, 0xff, 0xff, 0xff,
    0xf0, 0x1f, 0xff, 0xff, 0xff, 0xff, 0xff, 0xff,
    0xff, 0xff, 0xff, 0xff, 0xff, 0x00, 0x9f, 0xff,
    0xff, 0xff, 0xff, 0xff, 0xff, 0xff, 0xff, 0xff,
    0xff, 0xf0, 0x01, 0xdf, 0xff, 0xff, 0xff, 0xff,
    0xff, 0xff, 0xff, 0xff, 0xff, 0xff, 0x00, 0x02,
    0xef, 0xff, 0xff, 0xff, 0xff, 0xff, 0xfd, 0xaf,
    0xff, 0xff, 0xf0, 0x00, 0x01, 0xaf, 0xff, 0xff,
    0xff, 0xff, 0xf9, 0x18, 0xff, 0xff, 0xff, 0x00,
    0x00, 0x00, 0x27, 0xbe, 0xff, 0xeb, 0x72, 0x00,
    0x8f, 0xff, 0xff, 0xf0,

    /* U+0076 "v" */
    0x2f, 0xff, 0xff, 0xfe, 0x00, 0x00, 0x00, 0x00,
    0x00, 0x00, 0x2f, 0xff, 0xff, 0xf7, 0x0b, 0xff,
    0xff, 0xff, 0x50, 0x00, 0x00, 0x00, 0x00, 0x00,
    0x9f, 0xff, 0xff, 0xf1, 0x05, 0xff, 0xff, 0xff,
    0xb0, 0x00, 0x00, 0x00, 0x00, 0x00, 0xef, 0xff,
    0xff, 0x90, 0x00, 0xef, 0xff, 0xff, 0xf2, 0x00,
    0x00, 0x00, 0x00, 0x06, 0xff, 0xff, 0xff, 0x30,
    0x00, 0x7f, 0xff, 0xff, 0xf8, 0x00, 0x00, 0x00,
    0x00, 0x0c, 0xff, 0xff, 0xfc, 0x00, 0x00, 0x1f,
    0xff, 0xff, 0xfe, 0x00, 0x00, 0x00, 0x00, 0x3f,
    0xff, 0xff, 0xf5, 0x00, 0x00, 0x0a, 0xff, 0xff,
    0xff, 0x50, 0x00, 0x00, 0x00, 0xaf, 0xff, 0xff,
    0xe0, 0x00, 0x00, 0x04, 0xff, 0xff, 0xff, 0xb0,
    0x00, 0x00, 0x01, 0xff, 0xff, 0xff, 0x80, 0x00,
    0x00, 0x00, 0xdf, 0xff, 0xff, 0xf2, 0x00, 0x00,
    0x07, 0xff, 0xff, 0xff, 0x20, 0x00, 0x00, 0x00,
    0x6f, 0xff, 0xff, 0xf8, 0x00, 0x00, 0x0d, 0xff,
    0xff, 0xfb, 0x00, 0x00, 0x00, 0x00, 0x0f, 0xff,
    0xff, 0xfe, 0x00, 0x00, 0x4f, 0xff, 0xff, 0xf4,
    0x00, 0x00, 0x00, 0x00, 0x09, 0xff, 0xff, 0xff,
    0x50, 0x00, 0xbf, 0xff, 0xff, 0xd0, 0x00, 0x00,
    0x00, 0x00, 0x02, 0xff, 0xff, 0xff, 0xb0, 0x02,
    0xff, 0xff, 0xff, 0x70, 0x00, 0x00, 0x00, 0x00,
    0x00, 0xcf, 0xff, 0xff, 0xf2, 0x08, 0xff, 0xff,
    0xff, 0x10, 0x00, 0x00, 0x00, 0x00, 0x00, 0x5f,
    0xff, 0xff, 0xf8, 0x0e, 0xff, 0xff, 0xf9, 0x00,
    0x00, 0x00, 0x00, 0x00, 0x00, 0x0e, 0xff, 0xff,
    0xfe, 0x6f, 0xff, 0xff, 0xf3, 0x00, 0x00, 0x00,
    0x00, 0x00, 0x00, 0x08, 0xff, 0xff, 0xff, 0xff,
    0xff, 0xff, 0xc0, 0x00, 0x00, 0x00, 0x00, 0x00,
    0x00, 0x01, 0xff, 0xff, 0xff, 0xff, 0xff, 0xff,
    0x50, 0x00, 0x00, 0x00, 0x00, 0x00, 0x00, 0x00,
    0xbf, 0xff, 0xff, 0xff, 0xff, 0xfe, 0x00, 0x00,
    0x00, 0x00, 0x00, 0x00, 0x00, 0x00, 0x4f, 0xff,
    0xff, 0xff, 0xff, 0xf8, 0x00, 0x00, 0x00, 0x00,
    0x00, 0x00, 0x00, 0x00, 0x0d, 0xff, 0xff, 0xff,
    0xff, 0xf2, 0x00, 0x00, 0x00, 0x00, 0x00, 0x00,
    0x00, 0x00, 0x07, 0xff, 0xff, 0xff, 0xff, 0xb0,
    0x00, 0x00, 0x00, 0x00, 0x00, 0x00, 0x00, 0x00,
    0x01, 0xff, 0xff, 0xff, 0xff, 0x40, 0x00, 0x00,
    0x00, 0x00, 0x00, 0x00, 0x00, 0x00, 0x00, 0x9f,
    0xff, 0xff, 0xfd, 0x00, 0x00, 0x00, 0x00, 0x00,

    /* U+0077 "w" */
    0xcf, 0xff, 0xff, 0xa0, 0x00, 0x00, 0x00, 0x00,
    0x04, 0xff, 0xff, 0xfe, 0x00, 0x00, 0x00, 0x00,
    0x00, 0x1f, 0xff, 0xff, 0xf0, 0x6f, 0xff, 0xff,
    0xf0, 0x00, 0x00, 0x00, 0x00, 0x0a, 0xff, 0xff,
    0xff, 0x30, 0x00, 0x00, 0x00, 0x00, 0x6f, 0xff,
    0xff, 0xa0, 0x1f, 0xff, 0xff, 0xf5, 0x00, 0x00,
    0x00, 0x00, 0x0f, 0xff, 0xff, 0xff, 0x90, 0x00,
    0x00, 0x00, 0x00, 0xcf, 0xff, 0xff, 0x40, 0x0b,
    0xff, 0xff, 0xfb, 0x00, 0x00, 0x00, 0x00, 0x5f,
    0xff, 0xff, 0xff, 0xe0, 0x00, 0x00, 0x00, 0x02,
    0xff, 0xff, 0xfe, 0x00, 0x05, 0xff, 0xff, 0xff,
    0x10, 0x00, 0x00, 0x00, 0xbf, 0xff, 0xff, 0xff,
    0xf4, 0x00, 0x00, 0x00, 0x07, 0xff, 0xff, 0xf9,
    0x00, 0x00, 0xff, 0xff, 0xff, 0x60, 0x00, 0x00,
    0x01, 0xff, 0xff, 0xff, 0xff, 0xf9, 0x00, 0x00,
    0x00, 0x0d, 0xff, 0xff, 0xf3, 0x00, 0x00, 0xaf,
    0xff, 0xff, 0xb0, 0x00, 0x00, 0x06, 0xff, 0xff,
    0xff, 0xff, 0xfe, 0x00, 0x00, 0x00, 0x3f, 0xff,
    0xff, 0xd0, 0x00, 0x00, 0x4f, 0xff, 0xff, 0xf1,
    0x00, 0x00, 0x0c, 0xff, 0xff, 0xff, 0xff, 0xff,
    0x40, 0x00, 0x00, 0x8f, 0xff, 0xff, 0x80, 0x00,
    0x00, 0x0e, 0xff, 0xff, 0xf6, 0x00, 0x00, 0x2f,
    0xff, 0xff, 0xff, 0xff, 0xff, 0xa0, 0x00, 0x00,
    0xef, 0xff, 0xff, 0x20, 0x00, 0x00, 0x09, 0xff,
    0xff, 0xfc, 0x00, 0x00, 0x7f, 0xff, 0xff, 0xaf,
    0xff, 0xff, 0xf0, 0x00, 0x04, 0xff, 0xff, 0xfc,
    0x00, 0x00, 0x00, 0x03, 0xff, 0xff, 0xff, 0x20,
    0x00, 0xdf, 0xff, 0xff, 0x2c, 0xff, 0xff, 0xf5,
    0x00, 0x09, 0xff, 0xff, 0xf6, 0x00, 0x00, 0x00,
    0x00, 0xdf, 0xff, 0xff, 0x70, 0x03, 0xff, 0xff,
    0xfc, 0x07, 0xff, 0xff, 0xfb, 0x00, 0x0e, 0xff,
    0xff, 0xf1, 0x00, 0x00, 0x00, 0x00, 0x8f, 0xff,
    0xff, 0xc0, 0x09, 0xff, 0xff, 0xf6, 0x01, 0xff,
    0xff, 0xff, 0x10, 0x5f, 0xff, 0xff, 0xb0, 0x00,
    0x00, 0x00, 0x00, 0x2f, 0xff, 0xff, 0xf2, 0x0e,
    0xff, 0xff, 0xf1, 0x00, 0xbf, 0xff, 0xff, 0x60,
    0xaf, 0xff, 0xff, 0x50, 0x00, 0x00, 0x00, 0x00,
    0x0c, 0xff, 0xff, 0xf7, 0x4f, 0xff, 0xff, 0xa0,
    0x00, 0x6f, 0xff, 0xff, 0xb0, 0xff, 0xff, 0xff,
    0x00, 0x00, 0x00, 0x00, 0x00, 0x07, 0xff, 0xff,
    0xfd, 0xaf, 0xff, 0xff, 0x50, 0x00, 0x0f, 0xff,
    0xff, 0xf7, 0xff, 0xff, 0xfa, 0x00, 0x00, 0x00,
    0x00, 0x00, 0x01, 0xff, 0xff, 0xff, 0xff, 0xff,
    0xfe, 0x00, 0x00, 0x0a, 0xff, 0xff, 0xff, 0xff,
    0xff, 0xf4, 0x00, 0x00, 0x00, 0x00, 0x00, 0x00,
    0xbf, 0xff, 0xff, 0xff, 0xff, 0xf9, 0x00, 0x00,
    0x05, 0xff, 0xff, 0xff, 0xff, 0xff, 0xe0, 0x00,
    0x00, 0x00, 0x00, 0x00, 0x00, 0x6f, 0xff, 0xff,
    0xff, 0xff, 0xf3, 0x00, 0x00, 0x00, 0xef, 0xff,
    0xff, 0xff, 0xff, 0x90, 0x00, 0x00, 0x00, 0x00,
    0x00, 0x00, 0x0f, 0xff, 0xff, 0xff, 0xff, 0xd0,
    0x00, 0x00, 0x00, 0x9f, 0xff, 0xff, 0xff, 0xff,
    0x30, 0x00, 0x00, 0x00, 0x00, 0x00, 0x00, 0x0a,
    0xff, 0xff, 0xff, 0xff, 0x70, 0x00, 0x00, 0x00,
    0x3f, 0xff, 0xff, 0xff, 0xfd, 0x00, 0x00, 0x00,
    0x00, 0x00, 0x00, 0x00, 0x05, 0xff, 0xff, 0xff,
    0xff, 0x10, 0x00, 0x00, 0x00, 0x0e, 0xff, 0xff,
    0xff, 0xf8, 0x00, 0x00, 0x00, 0x00, 0x00, 0x00,
    0x00, 0x00, 0xef, 0xff, 0xff, 0xfb, 0x00, 0x00,
    0x00, 0x00, 0x08, 0xff, 0xff, 0xff, 0xf2, 0x00,
    0x00, 0x00, 0x00, 0x00, 0x00, 0x00, 0x00, 0x9f,
    0xff, 0xff, 0xf5, 0x00, 0x00, 0x00, 0x00, 0x02,
    0xff, 0xff, 0xff, 0xc0, 0x00, 0x00, 0x00, 0x00,

    /* U+0078 "x" */
    0x2f, 0xff, 0xff, 0xff, 0x80, 0x00, 0x00, 0x00,
    0x01, 0xef, 0xff, 0xff, 0xf4, 0x06, 0xff, 0xff,
    0xff, 0xf4, 0x00, 0x00, 0x00, 0x0b, 0xff, 0xff,
    0xff, 0x80, 0x00, 0xaf, 0xff, 0xff, 0xfe, 0x10,
    0x00, 0x00, 0x7f, 0xff, 0xff, 0xfc, 0x00, 0x00,
    0x0d, 0xff, 0xff, 0xff, 0xb0, 0x00, 0x03, 0xff,
    0xff, 0xff, 0xe1, 0x00, 0x00, 0x03, 0xff, 0xff,
    0xff, 0xf6, 0x00, 0x1e, 0xff, 0xff, 0xff, 0x40,
    0x00, 0x00, 0x00, 0x7f, 0xff, 0xff, 0xff, 0x20,
    0xbf, 0xff, 0xff, 0xf8, 0x00, 0x00, 0x00, 0x00,
    0x0b, 0xff, 0xff, 0xff, 0xd7, 0xff, 0xff, 0xff,
    0xc0, 0x00, 0x00, 0x00, 0x00, 0x01, 0xef, 0xff,
    0xff, 0xff, 0xff, 0xff, 0xfe, 0x10, 0x00, 0x00,
    0x00, 0x00, 0x00, 0x3f, 0xff, 0xff, 0xff, 0xff,
    0xff, 0xf4, 0x00, 0x00, 0x00, 0x00, 0x00, 0x00,
    0x07, 0xff, 0xff, 0xff, 0xff, 0xff, 0x80, 0x00,
    0x00, 0x00, 0x00, 0x00, 0x00, 0x00, 0xbf, 0xff,
    0xff, 0xff, 0xfc, 0x00, 0x00, 0x00, 0x00, 0x00,
    0x00, 0x00, 0x00, 0x1e, 0xff, 0xff, 0xff, 0xf1,
    0x00, 0x00, 0x00, 0x00, 0x00, 0x00, 0x00, 0x00,
    0x3f, 0xff, 0xff, 0xff, 0xf6, 0x00, 0x00, 0x00,
    0x00, 0x00, 0x00, 0x00, 0x00, 0xdf, 0xff, 0xff,
    0xff, 0xff, 0x30, 0x00, 0x00, 0x00, 0x00, 0x00,
    0x00, 0x0a, 0xff, 0xff, 0xff, 0xff, 0xff, 0xd0,
    0x00, 0x00, 0x00, 0x00, 0x00, 0x00, 0x6f, 0xff,
    0xff, 0xff, 0xff, 0xff, 0xfa, 0x00, 0x00, 0x00,
    0x00, 0x00, 0x03, 0xff, 0xff, 0xff, 0xff, 0xff,
    0xff, 0xff, 0x60, 0x00, 0x00, 0x00, 0x00, 0x1d,
    0xff, 0xff, 0xff, 0x66, 0xff, 0xff, 0xff, 0xf2,
    0x00, 0x00, 0x00, 0x00, 0xaf, 0xff, 0xff, 0xfb,
    0x00, 0xaf, 0xff, 0xff, 0xfd, 0x00, 0x00, 0x00,
    0x07, 0xff, 0xff, 0xff, 0xe1, 0x00, 0x1e, 0xff,
    0xff, 0xff, 0xa0, 0x00, 0x00, 0x3f, 0xff, 0xff,
    0xff, 0x30, 0x00, 0x04, 0xff, 0xff, 0xff, 0xf6,
    0x00, 0x01, 0xef, 0xff, 0xff, 0xf7, 0x00, 0x00,
    0x00, 0x8f, 0xff, 0xff, 0xff, 0x20, 0x0b, 0xff,
    0xff, 0xff, 0xb0, 0x00, 0x00, 0x00, 0x0d, 0xff,
    0xff, 0xff, 0xd0, 0x7f, 0xff, 0xff, 0xfe, 0x10,
    0x00, 0x00, 0x00, 0x02, 0xff, 0xff, 0xff, 0xfa,

    /* U+0079 "y" */
    0x2f, 0xff, 0xff, 0xfe, 0x00, 0x00, 0x00, 0x00,
    0x00, 0x00, 0x2f, 0xff, 0xff, 0xf7, 0x0b, 0xff,
    0xff, 0xff, 0x50, 0x00, 0x00, 0x00, 0x00, 0x00,
    0x8f, 0xff, 0xff, 0xf1, 0x04, 0xff, 0xff, 0xff,
    0xb0, 0x00, 0x00, 0x00, 0x00, 0x00, 0xef, 0xff,
    0xff, 0x90, 0x00, 0xdf, 0xff, 0xff, 0xf2, 0x00,
    0x00, 0x00, 0x00, 0x05, 0xff, 0xff, 0xff, 0x20,
    0x00, 0x7f, 0xff, 0xff, 0xf8, 0x00, 0x00, 0x00,
    0x00, 0x0c, 0xff, 0xff, 0xfc, 0x00, 0x00, 0x1f,
    0xff, 0xff, 0xfe, 0x00, 0x00, 0x00, 0x00, 0x2f,
    0xff, 0xff, 0xf5, 0x00, 0x00, 0x09, 0xff, 0xff,
    0xff, 0x50, 0x00, 0x00, 0x00, 0x9f, 0xff, 0xff,
    0xe0, 0x00, 0x00, 0x02, 0xff, 0xff, 0xff, 0xc0,
    0x00, 0x00, 0x00, 0xff, 0xff, 0xff, 0x80, 0x00,
    0x00, 0x00, 0xcf, 0xff, 0xff, 0xf2, 0x00, 0x00,
    0x06, 0xff, 0xff, 0xff, 0x10, 0x00, 0x00, 0x00,
    0x5f, 0xff, 0xff, 0xf9, 0x00, 0x00, 0x0d, 0xff,
    0xff, 0xfa, 0x00, 0x00, 0x00, 0x00, 0x0e, 0xff,
    0xff, 0xff, 0x00, 0x00, 0x3f, 0xff, 0xff, 0xf3,
    0x00, 0x00, 0x00, 0x00, 0x07, 0xff, 0xff, 0xff,
    0x60, 0x00, 0xaf, 0xff, 0xff, 0xd0, 0x00, 0x00,
    0x00, 0x00, 0x01, 0xff, 0xff, 0xff, 0xc0, 0x01,
    0xff, 0xff, 0xff, 0x60, 0x00, 0x00, 0x00, 0x00,
    0x00, 0xaf, 0xff, 0xff, 0xf3, 0x07, 0xff, 0xff,
    0xff, 0x00, 0x00, 0x00, 0x00, 0x00, 0x00, 0x3f,
    0xff, 0xff, 0xf9, 0x0d, 0xff, 0xff, 0xf9, 0x00,
    0x00, 0x00, 0x00, 0x00, 0x00, 0x0c, 0xff, 0xff,
    0xff, 0x5f, 0xff, 0xff, 0xf2, 0x00, 0x00, 0x00,
    0x00, 0x00, 0x00, 0x05, 0xff, 0xff, 0xff, 0xff,
    0xff, 0xff, 0xb0, 0x00, 0x00, 0x00, 0x00, 0x00,
    0x00, 0x00, 0xef, 0xff, 0xff, 0xff, 0xff, 0xff,
    0x40, 0x00, 0x00, 0x00, 0x00, 0x00, 0x00, 0x00,
    0x8f, 0xff, 0xff, 0xff, 0xff, 0xfe, 0x00, 0x00,
    0x00, 0x00, 0x00, 0x00, 0x00, 0x00, 0x1f, 0xff,
    0xff, 0xff, 0xff, 0xf7, 0x00, 0x00, 0x00, 0x00,
    0x00, 0x00, 0x00, 0x00, 0x0a, 0xff, 0xff, 0xff,
    0xff, 0xf1, 0x00, 0x00, 0x00, 0x00, 0x00, 0x00,
    0x00, 0x00, 0x04, 0xff, 0xff, 0xff, 0xff, 0xa0,
    0x00, 0x00, 0x00, 0x00, 0x00, 0x00, 0x00, 0x00,
    0x00, 0xdf, 0xff, 0xff, 0xff, 0x30, 0x00, 0x00,
    0x00, 0x00, 0x00, 0x00, 0x00, 0x00, 0x00, 0x6f,
    0xff, 0xff, 0xfc, 0x00, 0x00, 0x00, 0x00, 0x00,
    0x00, 0x00, 0x00, 0x00, 0x00, 0x3f, 0xff, 0xff,
    0xf5, 0x00, 0x00, 0x00, 0x00, 0x00, 0x00, 0x00,
    0x00, 0x00, 0x00, 0xbf, 0xff, 0xff, 0xe0, 0x00,
    0x00, 0x00, 0x00, 0x00, 0x00, 0x3b, 0x20, 0x00,
    0x08, 0xff, 0xff, 0xff, 0x80, 0x00, 0x00, 0x00,
    0x00, 0x00, 0x00, 0xbf, 0xfb, 0x99, 0xdf, 0xff,
    0xff, 0xff, 0x10, 0x00, 0x00, 0x00, 0x00, 0x00,
    0x03, 0xff, 0xff, 0xff, 0xff, 0xff, 0xff, 0xf7,
    0x00, 0x00, 0x00, 0x00, 0x00, 0x00, 0x0c, 0xff,
    0xff, 0xff, 0xff, 0xff, 0xff, 0xb0, 0x00, 0x00,
    0x00, 0x00, 0x00, 0x00, 0x3f, 0xff, 0xff, 0xff,
    0xff, 0xff, 0xfc, 0x10, 0x00, 0x00, 0x00, 0x00,
    0x00, 0x00, 0x07, 0xff, 0xff, 0xff, 0xff, 0xff,
    0x90, 0x00, 0x00, 0x00, 0x00, 0x00, 0x00, 0x00,
    0x00, 0x16, 0xad, 0xff, 0xeb, 0x72, 0x00, 0x00,
    0x00, 0x00, 0x00, 0x00, 0x00, 0x00,

    /* U+007A "z" */
    0x2f, 0xff, 0xff, 0xff, 0xff, 0xff, 0xff, 0xff,
    0xff, 0xff, 0xf4, 0x2f, 0xff, 0xff, 0xff, 0xff,
    0xff, 0xff, 0xff, 0xff, 0xff, 0xf4, 0x2f, 0xff,
    0xff, 0xff, 0xff, 0xff, 0xff, 0xff, 0xff, 0xff,
    0xf4, 0x2f, 0xff, 0xff, 0xff, 0xff, 0xff, 0xff,
    0xff, 0xff, 0xff, 0xf4, 0x2f, 0xff, 0xff, 0xff,
    0xff, 0xff, 0xff, 0xff, 0xff, 0xff, 0xd1, 0x04,
    0x44, 0x44, 0x44, 0x44, 0x44, 0xcf, 0xff, 0xff,
    0xff, 0x20, 0x00, 0x00, 0x00, 0x00, 0x00, 0x06,
    0xff, 0xff, 0xff, 0xf4, 0x00, 0x00, 0x00, 0x00,
    0x00, 0x00, 0x4f, 0xff, 0xff, 0xff, 0x70, 0x00,
    0x00, 0x00, 0x00, 0x00, 0x02, 0xef, 0xff, 0xff,
    0xfa, 0x00, 0x00, 0x00, 0x00, 0x00, 0x00, 0x0d,
    0xff, 0xff, 0xff, 0xc0, 0x00, 0x00, 0x00, 0x00,
    0x00, 0x00, 0xbf, 0xff, 0xff, 0xfe, 0x10, 0x00,
    0x00, 0x00, 0x00, 0x00, 0x08, 0xff, 0xff, 0xff,
    0xf3, 0x00, 0x00, 0x00, 0x00, 0x00, 0x00, 0x5f,
    0xff, 0xff, 0xff, 0x50, 0x00, 0x00, 0x00, 0x00,
    0x00, 0x03, 0xff, 0xff, 0xff, 0xf8, 0x00, 0x00,
    0x00, 0x00, 0x00, 0x00, 0x1e, 0xff, 0xff, 0xff,
    0xb0, 0x00, 0x00, 0x00, 0x00, 0x00, 0x00, 0xcf,
    0xff, 0xff, 0xfd, 0x00, 0x00, 0x00, 0x00, 0x00,
    0x00, 0x0a, 0xff, 0xff, 0xff, 0xe2, 0x00, 0x00,
    0x00, 0x00, 0x00, 0x00, 0x7f, 0xff, 0xff, 0xff,
    0x30, 0x00, 0x00, 0x00, 0x00, 0x00, 0x05, 0xff,
    0xff, 0xff, 0xfa, 0x44, 0x44, 0x44, 0x44, 0x44,
    0x42, 0x2f, 0xff, 0xff, 0xff, 0xff, 0xff, 0xff,
    0xff, 0xff, 0xff, 0xfa, 0x7f, 0xff, 0xff, 0xff,
    0xff, 0xff, 0xff, 0xff, 0xff, 0xff, 0xfa, 0x7f,
    0xff, 0xff, 0xff, 0xff, 0xff, 0xff, 0xff, 0xff,
    0xff, 0xfa, 0x7f, 0xff, 0xff, 0xff, 0xff, 0xff,
    0xff, 0xff, 0xff, 0xff, 0xfa, 0x7f, 0xff, 0xff,
    0xff, 0xff, 0xff, 0xff, 0xff, 0xff, 0xff, 0xfa,

    /* U+007B "{" */
    0x00, 0x00, 0x00, 0x02, 0x8c, 0xef, 0xff, 0x80,
    0x00, 0x00, 0x08, 0xff, 0xff, 0xff, 0xf8, 0x00,
    0x00, 0x0a, 0xff, 0xff, 0xff, 0xff, 0x80, 0x00,
    0x05, 0xff, 0xff, 0xff, 0xff, 0xf8, 0x00, 0x00,
    0xcf, 0xff, 0xff, 0xff, 0xff, 0x80, 0x00, 0x1f,
    0xff, 0xff, 0xff, 0xf9, 0x63, 0x00, 0x03, 0xff,
    0xff, 0xff, 0xf2, 0x00, 0x00, 0x00, 0x4f, 0xff,
    0xff, 0xfb, 0x00, 0x00, 0x00, 0x05, 0xff, 0xff,
    0xff, 0x90, 0x00, 0x00, 0x00, 0x5f, 0xff, 0xff,
    0xf8, 0x00, 0x00, 0x00, 0x05, 0xff, 0xff, 0xff,
    0x80, 0x00, 0x00, 0x00, 0x5f, 0xff, 0xff, 0xf8,
    0x00, 0x00, 0x00, 0x05, 0xff, 0xff, 0xff, 0x80,
    0x00, 0x00, 0x00, 0x5f, 0xff, 0xff, 0xf8, 0x00,
    0x00, 0x00, 0x05, 0xff, 0xff, 0xff, 0x80, 0x00,
    0x00, 0x00, 0x5f, 0xff, 0xff, 0xf8, 0x00, 0x00,
    0x00, 0x08, 0xff, 0xff, 0xff, 0x70, 0x00, 0x04,
    0x58, 0xff, 0xff, 0xff, 0xf5, 0x00, 0x00, 0xbf,
    0xff, 0xff, 0xff, 0xfe, 0x00, 0x00, 0x0b, 0xff,
    0xff, 0xff, 0xfd, 0x20, 0x00, 0x00, 0xbf, 0xff,
    0xff, 0xfe, 0x40, 0x00, 0x00, 0x0b, 0xff, 0xff,
    0xff, 0xff, 0x70, 0x00, 0x00, 0xbf, 0xff, 0xff,
    0xff, 0xff, 0x10, 0x00, 0x00, 0x02, 0xdf, 0xff,
    0xff, 0xf6, 0x00, 0x00, 0x00, 0x06, 0xff, 0xff,
    0xff, 0x80, 0x00, 0x00, 0x00, 0x5f, 0xff, 0xff,
    0xf8, 0x00, 0x00, 0x00, 0x05, 0xff, 0xff, 0xff,
    0x80, 0x00, 0x00, 0x00, 0x5f, 0xff, 0xff, 0xf8,
    0x00, 0x00, 0x00, 0x05, 0xff, 0xff, 0xff, 0x80,
    0x00, 0x00, 0x00, 0x5f, 0xff, 0xff, 0xf8, 0x00,
    0x00, 0x00, 0x05, 0xff, 0xff, 0xff, 0x80, 0x00,
    0x00, 0x00, 0x5f, 0xff, 0xff, 0xf8, 0x00, 0x00,
    0x00, 0x05, 0xff, 0xff, 0xff, 0x90, 0x00, 0x00,
    0x00, 0x4f, 0xff, 0xff, 0xfb, 0x00, 0x00, 0x00,
    0x03, 0xff, 0xff, 0xff, 0xf3, 0x00, 0x00, 0x00,
    0x0f, 0xff, 0xff, 0xff, 0xf9, 0x63, 0x00, 0x00,
    0xcf, 0xff, 0xff, 0xff, 0xff, 0x80, 0x00, 0x04,
    0xff, 0xff, 0xff, 0xff, 0xf8, 0x00, 0x00, 0x09,
    0xff, 0xff, 0xff, 0xff, 0x80, 0x00, 0x00, 0x08,
    0xff, 0xff, 0xff, 0xf8, 0x00, 0x00, 0x00, 0x01,
    0x8c, 0xef, 0xff, 0x80,

    /* U+007C "|" */
    0x02, 0x22, 0x22, 0x25, 0xff, 0xff, 0xff, 0x5f,
    0xff, 0xff, 0xf5, 0xff, 0xff, 0xff, 0x5f, 0xff,
    0xff, 0xf5, 0xff, 0xff, 0xff, 0x5f, 0xff, 0xff,
    0xf5, 0xff, 0xff, 0xff, 0x5f, 0xff, 0xff, 0xf5,
    0xff, 0xff, 0xff, 0x5f, 0xff, 0xff, 0xf5, 0xff,
    0xff, 0xff, 0x5f, 0xff, 0xff, 0xf5, 0xff, 0xff,
    0xff, 0x5f, 0xff, 0xff, 0xf5, 0xff, 0xff, 0xff,
    0x5f, 0xff, 0xff, 0xf5, 0xff, 0xff, 0xff, 0x5f,
    0xff, 0xff, 0xf5, 0xff, 0xff, 0xff, 0x5f, 0xff,
    0xff, 0xf5, 0xff, 0xff, 0xff, 0x5f, 0xff, 0xff,
    0xf5, 0xff, 0xff, 0xff, 0x5f, 0xff, 0xff, 0xf5,
    0xff, 0xff, 0xff, 0x5f, 0xff, 0xff, 0xf5, 0xff,
    0xff, 0xff, 0x5f, 0xff, 0xff, 0xf5, 0xff, 0xff,
    0xff, 0x5f, 0xff, 0xff, 0xf5, 0xff, 0xff, 0xff,
    0x5f, 0xff, 0xff, 0xf5, 0xff, 0xff, 0xff, 0x5f,
    0xff, 0xff, 0xf5, 0xff, 0xff, 0xff, 0x5f, 0xff,
    0xff, 0xf5, 0xff, 0xff, 0xff, 0x5f, 0xff, 0xff,
    0xf5, 0xff, 0xff, 0xff, 0x5f, 0xff, 0xff, 0xf5,
    0xff, 0xff, 0xff,

    /* U+007D "}" */
    0x5f, 0xff, 0xec, 0x93, 0x00, 0x00, 0x00, 0x05,
    0xff, 0xff, 0xff, 0xfa, 0x10, 0x00, 0x00, 0x5f,
    0xff, 0xff, 0xff, 0xfc, 0x00, 0x00, 0x05, 0xff,
    0xff, 0xff, 0xff, 0xf8, 0x00, 0x00, 0x5f, 0xff,
    0xff, 0xff, 0xff, 0xf0, 0x00, 0x01, 0x68, 0xef,
    0xff, 0xff, 0xff, 0x40, 0x00, 0x00, 0x01, 0xef,
    0xff, 0xff, 0xf6, 0x00, 0x00, 0x00, 0x08, 0xff,
    0xff, 0xff, 0x80, 0x00, 0x00, 0x00, 0x5f, 0xff,
    0xff, 0xf8, 0x00, 0x00, 0x00, 0x05, 0xff, 0xff,
    0xff, 0x80, 0x00, 0x00, 0x00, 0x5f, 0xff, 0xff,
    0xf8, 0x00, 0x00, 0x00, 0x05, 0xff, 0xff, 0xff,
    0x80, 0x00, 0x00, 0x00, 0x5f, 0xff, 0xff, 0xf8,
    0x00, 0x00, 0x00, 0x05, 0xff, 0xff, 0xff, 0x80,
    0x00, 0x00, 0x00, 0x5f, 0xff, 0xff, 0xf8, 0x00,
    0x00, 0x00, 0x05, 0xff, 0xff, 0xff, 0x80, 0x00,
    0x00, 0x00, 0x4f, 0xff, 0xff, 0xfb, 0x00, 0x00,
    0x00, 0x02, 0xff, 0xff, 0xff, 0xf9, 0x65, 0x00,
    0x00, 0x0c, 0xff, 0xff, 0xff, 0xff, 0xe0, 0x00,
    0x00, 0x1c, 0xff, 0xff, 0xff, 0xfe, 0x00, 0x00,
    0x00, 0x2d, 0xff, 0xff, 0xff, 0xe0, 0x00, 0x00,
    0x4f, 0xff, 0xff, 0xff, 0xfe, 0x00, 0x00, 0x0e,
    0xff, 0xff, 0xff, 0xff, 0xe0, 0x00, 0x03, 0xff,
    0xff, 0xff, 0xf4, 0x00, 0x00, 0x00, 0x4f, 0xff,
    0xff, 0xf9, 0x00, 0x00, 0x00, 0x05, 0xff, 0xff,
    0xff, 0x80, 0x00, 0x00, 0x00, 0x5f, 0xff, 0xff,
    0xf8, 0x00, 0x00, 0x00, 0x05, 0xff, 0xff, 0xff,
    0x80, 0x00, 0x00, 0x00, 0x5f, 0xff, 0xff, 0xf8,
    0x00, 0x00, 0x00, 0x05, 0xff, 0xff, 0xff, 0x80,
    0x00, 0x00, 0x00, 0x5f, 0xff, 0xff, 0xf8, 0x00,
    0x00, 0x00, 0x05, 0xff, 0xff, 0xff, 0x80, 0x00,
    0x00, 0x00, 0x5f, 0xff, 0xff, 0xf8, 0x00, 0x00,
    0x00, 0x08, 0xff, 0xff, 0xff, 0x70, 0x00, 0x00,
    0x01, 0xef, 0xff, 0xff, 0xf6, 0x00, 0x02, 0x68,
    0xef, 0xff, 0xff, 0xff, 0x30, 0x00, 0x5f, 0xff,
    0xff, 0xff, 0xff, 0xf0, 0x00, 0x05, 0xff, 0xff,
    0xff, 0xff, 0xf8, 0x00, 0x00, 0x5f, 0xff, 0xff,
    0xff, 0xfc, 0x00, 0x00, 0x05, 0xff, 0xff, 0xff,
    0xfa, 0x00, 0x00, 0x00, 0x5f, 0xff, 0xec, 0x93,
    0x00, 0x00, 0x00, 0x00,

    /* U+007E "~" */
    0x00, 0x01, 0x8c, 0xee, 0xb5, 0x00, 0x00, 0x00,
    0x01, 0x88, 0x88, 0x10, 0x03, 0xef, 0xff, 0xff,
    0xfb, 0x10, 0x00, 0x00, 0x4f, 0xff, 0xf1, 0x02,
    0xff, 0xff, 0xff, 0xff, 0xfe, 0x40, 0x00, 0x09,
    0xff, 0xff, 0x00, 0xbf, 0xff, 0xff, 0xff, 0xff,
    0xff, 0x91, 0x06, 0xff, 0xff, 0xd0, 0x2f, 0xff,
    0xff, 0xff, 0xff, 0xff, 0xff, 0xff, 0xff, 0xff,
    0xf8, 0x06, 0xff, 0xff, 0xc2, 0x16, 0xff, 0xff,
    0xff, 0xff, 0xff, 0xff, 0x20, 0x9f, 0xff, 0xf1,
    0x00, 0x02, 0xdf, 0xff, 0xff, 0xff, 0xff, 0x80,
    0x0b, 0xff, 0xfa, 0x00, 0x00, 0x00, 0x8f, 0xff,
    0xff, 0xff, 0x90, 0x00, 0x79, 0x99, 0x40, 0x00,
    0x00, 0x00, 0x2a, 0xef, 0xeb, 0x40, 0x00, 0x00,

    /* U+00B0 "°" */
    0x00, 0x00, 0x17, 0xce, 0xfd, 0xa3, 0x00, 0x00,
    0x00, 0x06, 0xff, 0xff, 0xff, 0xff, 0xa0, 0x00,
    0x00, 0x8f, 0xff, 0xff, 0xff, 0xff, 0xfd, 0x00,
    0x05, 0xff, 0xff, 0xc7, 0x7a, 0xff, 0xff, 0xa0,
    0x0e, 0xff, 0xf6, 0x00, 0x00, 0x2e, 0xff, 0xf3,
    0x4f, 0xff, 0x90, 0x00, 0x00, 0x04, 0xff, 0xf9,
    0x7f, 0xff, 0x30, 0x00, 0x00, 0x00, 0xdf, 0xfc,
    0x8f, 0xff, 0x20, 0x00, 0x00, 0x00, 0xbf, 0xfd,
    0x7f, 0xff, 0x30, 0x00, 0x00, 0x00, 0xdf, 0xfd,
    0x4f, 0xff, 0x90, 0x00, 0x00, 0x03, 0xff, 0xf9,
    0x0e, 0xff, 0xf6, 0x00, 0x00, 0x2e, 0xff, 0xf4,
    0x05, 0xff, 0xff, 0xb7, 0x69, 0xff, 0xff, 0xb0,
    0x00, 0x8f, 0xff, 0xff, 0xff, 0xff, 0xfd, 0x00,
    0x00, 0x06, 0xff, 0xff, 0xff, 0xff, 0xa0, 0x00,
    0x00, 0x00, 0x17, 0xce, 0xfd, 0xa3, 0x00, 0x00
};

/*---------------------
 *  GLYPH DESCRIPTION
 *--------------------*/

static const lv_font_fmt_txt_glyph_dsc_t glyph_dsc[] = {
    {.bitmap_index = 0, .adv_w = 0, .box_w = 0, .box_h = 0, .ofs_x = 0, .ofs_y = 0} /* id = 0 reserved */,
    {.bitmap_index = 0, .adv_w = 199, .box_w = 0, .box_h = 0, .ofs_x = 0, .ofs_y = 0},
    {.bitmap_index = 0, .adv_w = 203, .box_w = 9, .box_h = 31, .ofs_x = 2, .ofs_y = 0},
    {.bitmap_index = 140, .adv_w = 308, .box_w = 16, .box_h = 13, .ofs_x = 2, .ofs_y = 18},
    {.bitmap_index = 244, .adv_w = 507, .box_w = 31, .box_h = 31, .ofs_x = 0, .ofs_y = 0},
    {.bitmap_index = 725, .adv_w = 449, .box_w = 26, .box_h = 42, .ofs_x = 1, .ofs_y = -5},
    {.bitmap_index = 1271, .adv_w = 617, .box_w = 37, .box_h = 32, .ofs_x = 1, .ofs_y = 0},
    {.bitmap_index = 1863, .adv_w = 513, .box_w = 31, .box_h = 33, .ofs_x = 1, .ofs_y = -1},
    {.bitmap_index = 2375, .adv_w = 162, .box_w = 7, .box_h = 13, .ofs_x = 2, .ofs_y = 18},
    {.bitmap_index = 2421, .adv_w = 251, .box_w = 13, .box_h = 42, .ofs_x = 3, .ofs_y = -9},
    {.bitmap_index = 2694, .adv_w = 252, .box_w = 13, .box_h = 42, .ofs_x = 0, .ofs_y = -9},
    {.bitmap_index = 2967, .adv_w = 306, .box_w = 19, .box_h = 18, .ofs_x = 0, .ofs_y = 15},
    {.bitmap_index = 3138, .adv_w = 422, .box_w = 22, .box_h = 21, .ofs_x = 2, .ofs_y = 5},
    {.bitmap_index = 3369, .adv_w = 184, .box_w = 10, .box_h = 15, .ofs_x = 1, .ofs_y = -7},
    {.bitmap_index = 3444, .adv_w = 272, .box_w = 13, .box_h = 6, .ofs_x = 2, .ofs_y = 10},
    {.bitmap_index = 3483, .adv_w = 184, .box_w = 10, .box_h = 9, .ofs_x = 1, .ofs_y = 0},
    {.bitmap_index = 3528, .adv_w = 276, .box_w = 22, .box_h = 42, .ofs_x = -2, .ofs_y = -4},
    {.bitmap_index = 3990, .adv_w = 478, .box_w = 28, .box_h = 33, .ofs_x = 1, .ofs_y = -1},
    {.bitmap_index = 4452, .adv_w = 276, .box_w = 14, .box_h = 31, .ofs_x = 0, .ofs_y = 0},
    {.bitmap_index = 4669, .adv_w = 415, .box_w = 25, .box_h = 32, .ofs_x = 0, .ofs_y = 0},
    {.bitmap_index = 5069, .adv_w = 417, .box_w = 26, .box_h = 32, .ofs_x = -1, .ofs_y = -1},
    {.bitmap_index = 5485, .adv_w = 485, .box_w = 29, .box_h = 31, .ofs_x = 1, .ofs_y = 0},
    {.bitmap_index = 5935, .adv_w = 419, .box_w = 25, .box_h = 32, .ofs_x = 0, .ofs_y = -1},
    {.bitmap_index = 6335, .adv_w = 448, .box_w = 27, .box_h = 33, .ofs_x = 1, .ofs_y = -1},
    {.bitmap_index = 6781, .adv_w = 436, .box_w = 25, .box_h = 31, .ofs_x = 1, .ofs_y = 0},
    {.bitmap_index = 7169, .adv_w = 465, .box_w = 27, .box_h = 33, .ofs_x = 1, .ofs_y = -1},
    {.bitmap_index = 7615, .adv_w = 448, .box_w = 27, .box_h = 33, .ofs_x = 0, .ofs_y = -1},
    {.bitmap_index = 8061, .adv_w = 184, .box_w = 10, .box_h = 24, .ofs_x = 1, .ofs_y = 0},
    {.bitmap_index = 8181, .adv_w = 184, .box_w = 10, .box_h = 31, .ofs_x = 1, .ofs_y = -7},
    {.bitmap_index = 8336, .adv_w = 422, .box_w = 22, .box_h = 23, .ofs_x = 2, .ofs_y = 4},
    {.bitmap_index = 8589, .adv_w = 422, .box_w = 22, .box_h = 17, .ofs_x = 2, .ofs_y = 7},
    {.bitmap_index = 8776, .adv_w = 422, .box_w = 22, .box_h = 23, .ofs_x = 2, .ofs_y = 4},
    {.bitmap_index = 9029, .adv_w = 415, .box_w = 25, .box_h = 32, .ofs_x = -1, .ofs_y = 0},
    {.bitmap_index = 9429, .adv_w = 729, .box_w = 43, .box_h = 41, .ofs_x = 1, .ofs_y = -9},
    {.bitmap_index = 10311, .adv_w = 539, .box_w = 36, .box_h = 31, .ofs_x = -1, .ofs_y = 0},
    {.bitmap_index = 10869, .adv_w = 539, .box_w = 29, .box_h = 31, .ofs_x = 3, .ofs_y = 0},
    {.bitmap_index = 11319, .adv_w = 510, .box_w = 31, .box_h = 33, .ofs_x = 1, .ofs_y = -1},
    {.bitmap_index = 11831, .adv_w = 582, .box_w = 32, .box_h = 31, .ofs_x = 3, .ofs_y = 0},
    {.bitmap_index = 12327, .adv_w = 472, .box_w = 25, .box_h = 31, .ofs_x = 3, .ofs_y = 0},
    {.bitmap_index = 12715, .adv_w = 450, .box_w = 24, .box_h = 31, .ofs_x = 3, .ofs_y = 0},
    {.bitmap_index = 13087, .adv_w = 543, .box_w = 31, .box_h = 33, .ofs_x = 1, .ofs_y = -1},
    {.bitmap_index = 13599, .adv_w = 569, .box_w = 29, .box_h = 31, .ofs_x = 3, .ofs_y = 0},
    {.bitmap_index = 14049, .adv_w = 231, .box_w = 8, .box_h = 31, .ofs_x = 3, .ofs_y = 0},
    {.bitmap_index = 14173, .adv_w = 381, .box_w = 22, .box_h = 32, .ofs_x = -1, .ofs_y = -1},
    {.bitmap_index = 14525, .adv_w = 521, .box_w = 31, .box_h = 31, .ofs_x = 3, .ofs_y = 0},
    {.bitmap_index = 15006, .adv_w = 425, .box_w = 24, .box_h = 31, .ofs_x = 3, .ofs_y = 0},
    {.bitmap_index = 15378, .adv_w = 672, .box_w = 36, .box_h = 31, .ofs_x = 3, .ofs_y = 0},
    {.bitmap_index = 15936, .adv_w = 569, .box_w = 29, .box_h = 31, .ofs_x = 3, .ofs_y = 0},
    {.bitmap_index = 16386, .adv_w = 594, .box_w = 35, .box_h = 33, .ofs_x = 1, .ofs_y = -1},
    {.bitmap_index = 16964, .adv_w = 515, .box_w = 28, .box_h = 31, .ofs_x = 3, .ofs_y = 0},
    {.bitmap_index = 17398, .adv_w = 594, .box_w = 36, .box_h = 39, .ofs_x = 1, .ofs_y = -7},
    {.bitmap_index = 18100, .adv_w = 517, .box_w = 28, .box_h = 31, .ofs_x = 3, .ofs_y = 0},
    {.bitmap_index = 18534, .adv_w = 449, .box_w = 26, .box_h = 33, .ofs_x = 1, .ofs_y = -1},
    {.bitmap_index = 18963, .adv_w = 435, .box_w = 28, .box_h = 31, .ofs_x = 0, .ofs_y = 0},
    {.bitmap_index = 19397, .adv_w = 555, .box_w = 29, .box_h = 32, .ofs_x = 3, .ofs_y = -1},
    {.bitmap_index = 19861, .adv_w = 525, .box_w = 35, .box_h = 31, .ofs_x = -1, .ofs_y = 0},
    {.bitmap_index = 20404, .adv_w = 819, .box_w = 51, .box_h = 31, .ofs_x = 0, .ofs_y = 0},
    {.bitmap_index = 21195, .adv_w = 503, .box_w = 32, .box_h = 31, .ofs_x = 0, .ofs_y = 0},
    {.bitmap_index = 21691, .adv_w = 476, .box_w = 32, .box_h = 31, .ofs_x = -1, .ofs_y = 0},
    {.bitmap_index = 22187, .adv_w = 472, .box_w = 28, .box_h = 31, .ofs_x = 1, .ofs_y = 0},
    {.bitmap_index = 22621, .adv_w = 259, .box_w = 13, .box_h = 41, .ofs_x = 3, .ofs_y = -9},
    {.bitmap_index = 22888, .adv_w = 276, .box_w = 21, .box_h = 42, .ofs_x = -2, .ofs_y = -4},
    {.bitmap_index = 23329, .adv_w = 259, .box_w = 13, .box_h = 41, .ofs_x = 0, .ofs_y = -9},
    {.bitmap_index = 23596, .adv_w = 422, .box_w = 22, .box_h = 19, .ofs_x = 2, .ofs_y = 6},
    {.bitmap_index = 23805, .adv_w = 352, .box_w = 22, .box_h = 4, .ofs_x = 0, .ofs_y = -4},
    {.bitmap_index = 23849, .adv_w = 422, .box_w = 15, .box_h = 7, .ofs_x = 3, .ofs_y = 27},
    {.bitmap_index = 23902, .adv_w = 434, .box_w = 24, .box_h = 24, .ofs_x = 1, .ofs_y = 0},
    {.bitmap_index = 24190, .adv_w = 486, .box_w = 26, .box_h = 33, .ofs_x = 3, .ofs_y = 0},
    {.bitmap_index = 24619, .adv_w = 416, .box_w = 25, .box_h = 24, .ofs_x = 1, .ofs_y = 0},
    {.bitmap_index = 24919, .adv_w = 487, .box_w = 27, .box_h = 33, .ofs_x = 1, .ofs_y = 0},
    {.bitmap_index = 25365, .adv_w = 444, .box_w = 26, .box_h = 24, .ofs_x = 1, .ofs_y = 0},
    {.bitmap_index = 25677, .adv_w = 272, .box_w = 19, .box_h = 33, .ofs_x = 0, .ofs_y = 0},
    {.bitmap_index = 25991, .adv_w = 493, .box_w = 27, .box_h = 33, .ofs_x = 1, .ofs_y = -9},
    {.bitmap_index = 26437, .adv_w = 486, .box_w = 25, .box_h = 33, .ofs_x = 3, .ofs_y = 0},
    {.bitmap_index = 26850, .adv_w = 212, .box_w = 9, .box_h = 35, .ofs_x = 2, .ofs_y = 0},
    {.bitmap_index = 27008, .adv_w = 216, .box_w = 17, .box_h = 44, .ofs_x = -5, .ofs_y = -9},
    {.bitmap_index = 27382, .adv_w = 461, .box_w = 27, .box_h = 33, .ofs_x = 3, .ofs_y = 0},
    {.bitmap_index = 27828, .adv_w = 212, .box_w = 8, .box_h = 33, .ofs_x = 3, .ofs_y = 0},
    {.bitmap_index = 27960, .adv_w = 738, .box_w = 41, .box_h = 24, .ofs_x = 3, .ofs_y = 0},
    {.bitmap_index = 28452, .adv_w = 486, .box_w = 25, .box_h = 24, .ofs_x = 3, .ofs_y = 0},
    {.bitmap_index = 28752, .adv_w = 461, .box_w = 27, .box_h = 24, .ofs_x = 1, .ofs_y = 0},
    {.bitmap_index = 29076, .adv_w = 486, .box_w = 26, .box_h = 33, .ofs_x = 3, .ofs_y = -9},
    {.bitmap_index = 29505, .adv_w = 486, .box_w = 27, .box_h = 33, .ofs_x = 1, .ofs_y = -9},
    {.bitmap_index = 29951, .adv_w = 303, .box_w = 15, .box_h = 24, .ofs_x = 3, .ofs_y = 0},
    {.bitmap_index = 30131, .adv_w = 374, .box_w = 23, .box_h = 24, .ofs_x = 0, .ofs_y = 0},
    {.bitmap_index = 30407, .adv_w = 306, .box_w = 19, .box_h = 29, .ofs_x = 0, .ofs_y = 0},
    {.bitmap_index = 30683, .adv_w = 484, .box_w = 25, .box_h = 24, .ofs_x = 3, .ofs_y = 0},
    {.bitmap_index = 30983, .adv_w = 421, .box_w = 28, .box_h = 24, .ofs_x = -1, .ofs_y = 0},
    {.bitmap_index = 31319, .adv_w = 660, .box_w = 42, .box_h = 24, .ofs_x = 0, .ofs_y = 0},
    {.bitmap_index = 31823, .adv_w = 419, .box_w = 26, .box_h = 24, .ofs_x = 0, .ofs_y = 0},
    {.bitmap_index = 32135, .adv_w = 421, .box_w = 28, .box_h = 33, .ofs_x = -1, .ofs_y = -9},
    {.bitmap_index = 32597, .adv_w = 382, .box_w = 22, .box_h = 24, .ofs_x = 1, .ofs_y = 0},
    {.bitmap_index = 32861, .adv_w = 275, .box_w = 15, .box_h = 41, .ofs_x = 2, .ofs_y = -9},
    {.bitmap_index = 33169, .adv_w = 218, .box_w = 7, .box_h = 42, .ofs_x = 3, .ofs_y = -9},
    {.bitmap_index = 33316, .adv_w = 275, .box_w = 15, .box_h = 41, .ofs_x = 0, .ofs_y = -9},
    {.bitmap_index = 33624, .adv_w = 422, .box_w = 23, .box_h = 9, .ofs_x = 2, .ofs_y = 11},
    {.bitmap_index = 33728, .adv_w = 294, .box_w = 16, .box_h = 15, .ofs_x = 1, .ofs_y = 16}
};

/*---------------------
 *  CHARACTER MAPPING
 *--------------------*/



/*Collect the unicode lists and glyph_id offsets*/
static const lv_font_fmt_txt_cmap_t cmaps[] =
{
    {
        .range_start = 32, .range_length = 95, .glyph_id_start = 1,
        .unicode_list = NULL, .glyph_id_ofs_list = NULL, .list_length = 0, .type = LV_FONT_FMT_TXT_CMAP_FORMAT0_TINY
    },
    {
        .range_start = 176, .range_length = 1, .glyph_id_start = 96,
        .unicode_list = NULL, .glyph_id_ofs_list = NULL, .list_length = 0, .type = LV_FONT_FMT_TXT_CMAP_FORMAT0_TINY
    }
};

/*-----------------
 *    KERNING
 *----------------*/

/*Map glyph_ids to kern left classes*/
static const uint8_t kern_left_class_mapping[] =
{
    0, 0, 1, 2, 0, 3, 4, 5,
    2, 6, 0, 7, 8, 9, 8, 9,
    10, 11, 0, 12, 13, 14, 15, 16,
    17, 18, 11, 19, 19, 0, 0, 0,
    20, 21, 0, 0, 0, 0, 0, 0,
    0, 0, 0, 0, 0, 0, 0, 0,
    0, 0, 0, 0, 0, 0, 0, 0,
    0, 0, 0, 0, 22, 23, 0, 0,
    24, 0, 0, 0, 0, 0, 0, 0,
    0, 0, 0, 0, 0, 0, 0, 0,
    0, 0, 0, 0, 0, 0, 0, 0,
    0, 0, 0, 0, 22, 0, 0, 8,
    25
};

/*Map glyph_ids to kern right classes*/
static const uint8_t kern_right_class_mapping[] =
{
    0, 0, 1, 2, 0, 3, 4, 5,
    2, 0, 6, 7, 8, 9, 8, 9,
    10, 11, 12, 13, 14, 15, 16, 11,
    17, 18, 19, 20, 20, 0, 0, 0,
    21, 22, 0, 0, 0, 0, 0, 0,
    0, 0, 0, 0, 0, 0, 0, 0,
    0, 0, 0, 0, 0, 0, 0, 0,
    0, 0, 0, 0, 23, 24, 25, 0,
    26, 0, 0, 0, 0, 0, 0, 0,
    0, 0, 0, 0, 0, 0, 0, 0,
    0, 0, 0, 0, 0, 0, 0, 0,
    0, 0, 0, 0, 0, 0, 25, 8,
    27
};

/*Kern values between classes*/
static const int8_t kern_class_values[] =
{
    0, 3, 0, 0, 0, 0, 6, 0,
    3, 0, 0, 7, 0, 0, 0, 0,
    3, 0, 0, 0, 0, 0, 0, 0,
    3, 0, 0, 3, 32, 0, 17, -12,
    0, 14, 0, -39, -42, 3, 31, 12,
    10, -28, 3, 28, 0, 26, 7, 19,
    -11, 0, 42, 9, -3, 14, 0, -21,
    0, 0, 0, 0, -14, 10, 14, 0,
    0, -7, 0, -3, 7, 0, -7, 0,
    -7, -4, -14, 0, 0, -7, 0, -14,
    -11, 0, -17, 0, -88, 0, -14, -35,
    14, 21, 0, 0, -14, 7, 7, 23,
    14, -10, 14, 0, 0, -38, 0, 0,
    -24, 0, 0, -17, -9, -28, 0, -28,
    -3, 0, -21, 0, -3, 21, 0, -21,
    -9, -3, 3, 0, -10, 0, 0, -6,
    -46, 0, 0, -56, -9, 15, -35, 0,
    0, 0, 0, 0, 0, 0, 0, 0,
    25, 0, 7, 0, 0, -14, 0, 0,
    0, 0, 0, 0, 0, 0, 30, 9,
    3, 0, 6, 14, 7, 21, -7, 0,
    14, -7, -25, -93, 3, 17, 14, -1,
    -8, 0, 17, 0, 19, 0, 19, 0,
    0, 0, 3, -7, 21, 0, 0, -10,
    -24, 0, 0, -7, 3, -6, 0, 3,
    -15, -11, -14, 3, 0, -7, 0, 0,
    0, -28, 3, 0, -46, 0, 0, 0,
    3, -39, 7, -46, 0, 0, -25, -6,
    0, 63, -9, -11, 7, 7, 0, 0,
    -11, 7, 0, 0, -39, -14, 0, -66,
    0, 7, -46, 0, 42, -14, 0, -24,
    25, 0, -50, -66, -51, -14, 21, 0,
    0, -45, 0, 5, -18, 0, -11, 0,
    -14, 0, 10, 21, -82, 31, 0, 3,
    0, 0, 0, 0, 3, 3, -9, -14,
    0, -3, -3, -7, 0, 0, -3, 0,
    0, 0, -14, 0, 0, -14, 0, -14,
    0, 0, 0, 0, 7, -3, 0, 0,
    -3, 7, 7, 0, 0, 0, 0, -7,
    0, 0, 0, 0, 0, 0, 0, 0,
    -3, 0, 21, 0, 0, -7, 0, -7,
    0, 0, 0, 0, 0, 0, 0, 0,
    -4, -4, 0, -7, -6, 0, 0, 0,
    0, 0, 0, 0, 0, 0, -11, 0,
    -21, -3, -21, 14, 0, -14, 7, 14,
    17, 0, -18, 0, -5, 0, 0, -30,
    7, -3, 6, -39, 7, 0, -35, 0,
    14, -21, 0, 0, 0, -7, 0, 0,
    -7, 0, 0, 0, 0, 0, -4, -4,
    0, -4, -8, 0, 0, 0, 0, 0,
    0, -7, 0, 0, -5, 0, -3, 0,
    -14, 7, 0, -5, 4, 7, 7, 0,
    0, 0, 0, 0, 0, -3, 0, 0,
    0, 0, 0, 0, 0, 0, 0, -11,
    0, 21, -3, 3, -19, 0, 17, -35,
    -34, -27, -14, 7, 0, -5, -46, -12,
    0, -12, 0, -14, 11, -12, 0, 7,
    6, -21, 7, 0, 0, 0, -7, 0,
    0, 3, 0, 7, 0, 0, 0, 0,
    0, 0, 0, 0, 0, 0, 0, -7,
    0, 0, -21, 0, 0, 0, 0, 7,
    0, 0, 0, 0, 0, 0, 0, 37,
    0, 0, 0, 0, 0, 0, 3, 0,
    0, 0, -7, 0, 0, -15, 0, 7,
    0, -3, 0, 0, 0, -7, 0, 5,
    0, -35, -21, 0, 0, 0, -11, -35,
    0, 0, -7, 7, 0, -20, -3, -6,
    0, 0, -11, 7, 0, -11, 0, 0,
    0, 5, 0, 3, -14, -14, 0, -7,
    -7, -9, 0, 0, 0, 0, 0, 0,
    -21, 0, 0, -14, 9, -21, 7, 3,
    9, 0, 0, 0, 9, 3, -3, 0,
    30, 0, 16, 3, 3, -11, 0, 14,
    0, 0, 0, 9, 0, 0, 21, 0,
    23, 0, 0, -42, 0, -7, 10, 21,
    -93, 0, 63, 5, -14, -14, 7, 7,
    -3, 3, -35, 0, 0, 37, -42, -14,
    0, -51, 30, 99, -42, 0, -3, 14,
    -17, 0, 3, -7, 0, 7, 84, -14,
    -5, 19, 17, -17, 7, 0, 0, 7,
    7, -13, -21, 0, -92, 23, 0, 0,
    0, 14, 14, 18, 0, 0, 21, 0,
    -46, -38, 0, 32, 21, 13, -28, 3,
    26, 0, 24, 0, 14, 7, 0, 39,
    0, 0, 0
};

/*Collect the kern class' data in one place*/
static const lv_font_fmt_txt_kern_classes_t kern_classes =
{
    .class_pair_values   = kern_class_values,
    .left_class_mapping  = kern_left_class_mapping,
    .right_class_mapping = kern_right_class_mapping,
    .left_class_cnt      = 25,
    .right_class_cnt     = 27,
};

/*--------------------
 *  ALL CUSTOM DATA
 *--------------------*/

#if LVGL_VERSION_MAJOR == 8
/*Store all the custom data of the font*/
static  lv_font_fmt_txt_glyph_cache_t cache;
#endif

#if LVGL_VERSION_MAJOR >= 8
static const lv_font_fmt_txt_dsc_t font_dsc = {
#else
static lv_font_fmt_txt_dsc_t font_dsc = {
#endif
    .glyph_bitmap = glyph_bitmap,
    .glyph_dsc = glyph_dsc,
    .cmaps = cmaps,
    .kern_dsc = &kern_classes,
    .kern_scale = 16,
    .cmap_num = 2,
    .bpp = 4,
    .kern_classes = 1,
    .bitmap_format = 0,
#if LVGL_VERSION_MAJOR == 8
    .cache = &cache
#endif

};



/*-----------------
 *  PUBLIC FONT
 *----------------*/

/*Initialize a public general font descriptor*/
#if LVGL_VERSION_MAJOR >= 8
const lv_font_t title_large_data = {
#else
lv_font_t title_large_data = {
#endif
    .get_glyph_dsc = lv_font_get_glyph_dsc_fmt_txt,    /*Function pointer to get glyph's data*/
    .get_glyph_bitmap = lv_font_get_bitmap_fmt_txt,    /*Function pointer to get glyph's bitmap*/
    .line_height = 47,          /*The maximum line height required by the font*/
    .base_line = 9,             /*Baseline measured from the bottom of the line*/
#if !(LVGL_VERSION_MAJOR == 6 && LVGL_VERSION_MINOR == 0)
    .subpx = LV_FONT_SUBPX_NONE,
#endif
#if LV_VERSION_CHECK(7, 4, 0) || LVGL_VERSION_MAJOR >= 8
    .underline_position = -4,
    .underline_thickness = 2,
#endif

#if LV_VERSION_CHECK(9, 3, 0)
    .static_bitmap = 1,    /*Bitmaps are stored as const so they are always static if not compressed */
#endif

    .dsc = &font_dsc,          /*The custom font data. Will be accessed by `get_glyph_bitmap/dsc` */
#if LV_VERSION_CHECK(8, 2, 0) || LVGL_VERSION_MAJOR >= 9
    .fallback = NULL,
#endif
    .user_data = NULL,
};



#endif /*#if TITLE_LARGE_DATA*/
